0,1,2,3,4,5,6,7,8,9,10,11,12,13,14,15,16,17,18,19,20,21,22,23,24,25,26,27,28,29,30,31,32,33,34,35,36,37,38,39,40,41,42,43,44,45,46,47,48,49,50,51,52,53,54,55,56,57,58,59,60,61,62,63,64,65,66,67,68,69,70,71,72,73,74,75,76,77,78,79,80,81,82,83,84,85,86,87,88,89,90,91,92,93,94,95,96,97,98,99,100,101,102,103,104,105,106,107,108,109,110,111,112,113,114,115,116,117,118,119,120,121,122,123,124
-0.42943114,-0.08087238,0.46718693,-0.66720474,-1.3356507,-1.7458581,-0.012894431,-0.8056181,1.158522,-0.93592,-0.27118722,1.3621123,-0.03802583,-0.6160904,-1.7553025,0.72835183,2.275879,-0.14089063,0.6252249,0.09073131,-1.390602,0.1335938,0.8295425,-1.2812266,-0.3034248,-1.0493982,0.5819421,0.9158697,1.284321,0.7726543,0.61472577,0.99796665,1.2008219,0.19051836,0.26772922,0.25883266,-1.7936052,-0.6868699,0.051370993,1.1835897,1.079373,0.3731507,0.91075844,0.405467,-0.2903214,1.8282695,0.8335241,0.53480524,-0.30731145,-0.846258,0.275794,0.39443746,0.16272448,-1.7475727,0.09588943,0.7041235,-0.31763282,-0.47092602,-0.15754427,-0.3612737,-0.8079902,-1.588928,-0.9729539,-0.59447294,-0.64396065,-0.27950627,-0.2739031,0.090981714,-0.9777217,1.219265,0.13266344,0.8503397,0.2513939,-0.35285884,-0.12410571,-1.5435522,-0.39324087,-1.0503575,1.1058441,-0.06747198,-0.9877293,-1.1558777,1.2305275,0.090150416,-0.10974768,-0.6562847,-1.6067026,0.17150207,1.4377221,0.20601597,0.10067159,-0.8249908,1.0409591,0.7924582,1.0761206,-0.5268936,0.20815659,1.123803,-0.7319235,1.1779896,-0.38408524,0.8841898,0.31068245,1.0816932,0.38292173,0.7103422,-2.334499,-0.59530425,-0.30830917,0.046484254,0.6686709,-0.093493715,0.9241223,-0.18873598,-1.4282838,-0.8744744,-0.21954547,0.18973711,-0.16940005,1.7601672,-0.89002776,-0.7596674,-0.9102698,0.20990089,0.66773665
0.2046132,-0.21776925,-0.035524044,0.093191504,-0.24289511,0.1904115,-0.060266543,0.10155971,0.21268377,0.2452095,-0.116537996,-0.17622055,0.4798849,0.6017243,-0.2768757,-0.22036377,-0.52677363,0.33494094,-0.46942383,-0.4469403,0.056962255,0.032412846,-0.81341064,0.38003194,0.47405398,0.7179351,-0.064157374,-0.7132654,0.10996914,-0.037380386,-0.8151233,-0.14041896,0.1435221,-0.30535474,0.5722427,0.2123786,0.5712255,-0.1596911,-0.43041202,-0.1204263,-0.4897924,-0.14836985,-0.29911786,0.45612353,0.17098503,-0.2674624,0.19412446,0.75211084,-0.12542397,-0.621797,0.38510862,0.5565254,-0.44279864,0.76016116,-0.5199352,0.9454614,-0.12715526,-0.30181292,-0.66297686,-0.5925188,-0.09835735,-0.84668565,0.65130794,-0.15452835,0.33652565,0.46130687,0.21908683,0.3161336,0.5301502,0.15379179,-0.7919643,0.09498436,0.26276335,0.75960505,0.28215522,0.2216056,0.21607012,-0.54141295,0.7490378,-1.1464944,-0.072534725,-0.45210937,0.8801979,-0.6367806,-0.9789208,0.14993496,-0.57640636,0.17969763,0.45116526,0.31529844,0.5798514,-0.59242356,-0.036566693,0.00865377,0.08553002,0.41130257,-0.09781263,0.48062238,-0.38228282,0.591405,-0.5034605,0.28100678,0.2241777,-0.14897391,1.0940958,-0.11170314,-0.6401593,0.45478508,0.35296172,0.5096185,-0.3399341,-0.43655744,-0.10863413,-0.118697,-0.9223481,0.21001178,-0.58858824,-0.16930918,0.28454536,0.1780101,0.75978535,-0.58917093,-0.51921636,0.7605062,0.84930533
-0.89299494,1.3506067,0.70407367,0.56928974,-1.0070895,-0.16230193,-0.38144642,0.035930697,0.29859325,-0.83475864,-0.12806705,-0.060203772,-0.15895508,0.8401873,-0.97387075,0.23545496,0.63861394,-0.46639854,0.89423317,-0.45502573,-0.38732433,0.650624,0.4072521,-1.2341121,-0.19668344,0.19794215,0.088965714,0.8641007,-0.1953168,0.24471417,0.30316585,0.17956172,0.8373006,-0.3727233,-1.8253031,-0.008559317,-0.28209224,0.26608518,-0.815499,1.091643,0.6008535,0.73117375,0.15699357,1.3893847,-0.8327,0.08300231,-0.064318456,1.1242906,-0.7391754,-0.029699648,0.9823294,0.5639824,0.41391286,-0.7925302,-0.66067046,-0.91097695,-0.2628739,0.5074413,-0.22760525,0.03975044,-0.29042915,-0.039214738,0.15674335,0.14017767,-0.6880393,0.25761178,-1.5390639,0.3022966,-1.2932929,1.0010616,-0.62365377,0.07337201,0.01129801,0.27669752,-0.016931519,-0.64313716,-0.36592078,-0.5379596,0.9382845,0.57921445,-0.45246997,-0.0050550955,0.021547206,0.7623719,-0.44747135,-0.8698119,0.7721058,0.30205542,-0.24570887,0.089105956,-0.66662174,-0.020038044,-0.48925322,-0.22750258,0.89800626,0.38359597,-0.12730622,0.69599056,0.75770295,-0.07731454,-0.15114675,-0.6411316,0.4164075,-0.39515594,0.52270013,-0.08422929,-0.11624542,-0.08385792,0.1026466,1.1901255,0.16697669,-0.38546178,0.14633387,-1.2881997,-2.1027625,-0.5949549,0.65775734,-0.08669542,0.5228102,1.3269135,-0.69669855,0.3064619,-1.0938365,0.87186015,0.2917715
1.094037,1.057309,-0.015983349,0.61167026,-0.43379924,0.16897944,-0.078887865,-0.28375375,-0.7285659,-0.37337962,0.36005512,0.9059542,0.39431432,0.6496612,-1.1798192,-0.06836598,-0.30958903,-1.1880494,0.96202135,-0.67067045,-0.06962657,-0.08903289,-0.5553604,0.36861414,0.3456695,-0.69466746,1.312856,0.68737143,0.22782926,-0.92221403,-0.55201113,-0.8000521,-0.6162934,0.4861285,-0.5751801,0.1039831,-0.71727484,-1.0754287,-0.26646134,0.18006466,-0.3180361,0.398062,-0.45735982,-1.0023994,0.06509915,-0.5361652,0.9290865,0.8257723,0.26958027,-0.6740234,0.17791532,0.009257224,-0.06893263,-0.18056501,-1.9440868,-0.12726656,-0.36789995,-0.41572028,0.16364667,-0.804227,0.084921286,0.20727463,0.24794042,0.46565676,-0.056945954,2.1340804,-0.81622773,1.3681395,-0.049360063,0.5226164,-0.5018883,-0.460413,-0.39409408,2.0633564,0.8255881,-0.7433154,0.017167654,-0.17346808,1.5937185,-0.908655,-0.03361095,-0.54192823,-0.34343538,0.046391625,-0.36253282,-0.2467224,-0.37008896,-0.20116061,0.45624548,0.20206304,-0.68608505,0.4059912,0.46937665,-0.5217227,0.9238053,-1.39545,-0.8307226,-0.3524514,-0.7811492,1.1449245,-0.73880345,-1.5567142,0.9639736,0.90303594,-0.07910611,0.15477107,-0.8906177,0.23167677,0.26750758,-0.07467404,0.54740846,0.24854001,0.59639174,0.15811236,-1.2371866,-0.7659501,-0.93629557,0.5346557,-0.61057514,0.089953825,-0.15655258,-0.9998629,-0.04060034,-0.0584325,0.44979173
-0.5078691,0.33189905,-0.65031606,-0.84511787,-1.3048209,-0.03492973,0.39895478,-0.4397956,1.09863,0.71215194,-0.84308434,0.94525105,-0.77289474,1.47756,0.6186567,-1.1057476,1.7279503,0.275992,0.037111152,-0.39401284,-0.36418146,0.058415115,0.06737685,-0.58904266,-0.46384498,-1.5756989,0.21918066,0.71591496,0.39561796,-1.8642049,0.13869317,-0.21334542,0.5106606,1.2779639,-0.1549562,0.4108622,-0.6380653,1.0765549,-0.032497674,0.22657216,0.099470764,-0.83465344,-0.0399438,0.13887964,-0.18457131,0.63216895,-0.24885114,-1.3943862,-0.20582591,-0.1262667,0.8468456,-1.7300029,0.90196496,-0.6886093,0.73618907,0.2170604,0.38032183,0.34367183,-0.3365273,-0.7651938,0.36761764,-1.0896661,0.49342832,0.109774746,0.05170224,-0.03902853,-0.76563764,-0.45929003,-1.0601444,-0.54138756,0.122560605,0.3751592,-0.38929495,0.19036363,-0.094311066,-0.096980184,0.03745322,0.22893259,0.119416125,0.41442704,0.6538018,-0.33067694,-0.028895743,0.32344118,0.8538859,-0.10656058,1.1621872,-0.37889317,-0.3917258,0.34837613,0.55274564,0.059109572,0.0030094073,0.107909635,0.52299136,0.3783367,0.1831978,-0.3099076,-0.43514696,0.3399075,-0.15121001,0.42647052,0.99068266,0.46134982,1.1656889,0.5533101,0.15212582,0.38011718,-0.26917136,-0.81844914,0.24338304,1.6713557,0.8534248,0.09791835,-0.10607623,0.42146826,0.40602654,0.54738855,0.73687553,-0.84891474,-0.7456657,-0.38850188,-0.84166807,-1.0868589,0.964618
-0.26187629,-0.15274383,-0.12665778,-0.26302916,-0.7405539,0.18095912,-1.0386093,0.11205773,-0.3680323,-0.51852894,0.0086274445,0.7620379,0.33434388,0.7509792,-0.52452296,0.22761287,1.262232,-0.39119288,0.07820105,-0.21370807,-0.44331524,-0.07951787,-0.122224316,-0.43105683,0.08922338,0.14137681,0.046560887,0.57606566,-0.40163028,-0.206028,-0.10242281,0.6137712,1.1301789,0.3451226,0.2189121,0.3538728,0.026771668,0.4008968,0.14021155,-0.7332826,-0.06843625,-0.19921605,0.012482944,0.2519269,-0.086059,0.84435534,-0.4771872,0.5410325,-0.21742825,0.5546406,1.5059527,-0.8646814,0.48079264,-0.33293235,-0.4394505,0.8761259,-0.13810888,-1.201625,0.02218115,-1.0377135,0.28704742,-0.046529762,1.1329026,0.17345147,0.20939982,-0.79520184,-1.3454636,-0.40338916,0.24247593,-0.20613036,-0.2418034,0.24545063,0.4408351,-0.16721685,-0.05695366,0.43407792,0.4300531,0.12429888,-0.54770213,0.011941298,0.9506664,-1.2195258,-0.6105655,0.50476575,0.9582912,-0.0024537398,0.10413243,-0.5141435,-0.42140427,-0.8975844,0.35284466,-0.20812541,0.11099957,-0.20581338,0.84210837,-0.04384823,-0.041887492,-0.14802684,-0.33237028,-0.14254527,-0.46304405,-0.4195109,-0.08573548,-0.0434413,1.0141069,0.00091239664,-0.7518242,0.777486,0.64891773,0.46628076,0.27456102,-0.34953332,0.6900889,-0.3387552,0.5817095,0.22950995,0.072588824,-0.0004598035,0.52187455,-0.47095162,-0.6711759,0.8015858,0.09700216,0.72847337,0.8130339
1.3592823,1.2904011,-0.60204154,0.32469106,-0.7998137,-0.04093757,-0.61939466,0.266053,1.1967511,0.5994671,-0.39185518,1.1162405,-0.041151986,0.90004385,-0.7899396,-0.6941181,-0.19137873,0.17319892,0.5316578,-0.6334449,-1.1737959,1.0201961,0.053060792,-0.42728308,-0.23243836,-0.51783454,-0.23758565,1.4099073,-0.5775403,-0.6956311,-0.36865473,0.24754831,-1.0810289,0.21292205,-0.74450547,-0.24415712,-1.0490475,0.082815975,-0.48169103,0.091633886,-0.27868485,-0.30327496,0.04397123,0.08515128,0.051700834,0.62306726,1.3812896,0.7633518,-0.17641,-0.81206906,-0.6984711,-0.38801694,0.15321414,0.18896207,-0.54280365,0.7961362,-0.25275946,0.77501327,-1.1447723,-0.95614743,0.19337063,-0.29724547,-0.49108604,-0.52999336,-0.3179,2.186275,-0.2953824,0.39346445,-0.56028837,-0.4605997,-0.5976667,0.64019513,-0.4280376,0.64303493,0.5233007,-1.0260721,0.14086163,-1.3309007,1.8693289,-1.4390974,-0.6693871,-0.16964653,0.35143453,-0.18475568,-1.2752408,-0.13323906,-0.18091197,-0.43707353,0.48243657,0.7499605,-0.25639555,0.64631546,-0.5246212,-0.45985898,0.5825146,-0.95437646,-0.46187344,0.18289678,-0.3647956,2.002445,-0.5551172,-0.89194745,1.949976,2.0069559,0.9946092,0.447568,-0.26805928,0.11074848,-0.5000688,-0.036023915,0.2216703,-0.10185984,0.9499259,0.4800186,-0.64140385,-1.4483725,-1.4692289,0.99812365,-0.84987944,0.06884719,0.2626892,-0.6246066,-1.3918604,0.7617552,0.46270576
-0.14437328,0.184041,0.09255255,0.9623573,-0.12530334,-0.7109592,-0.20989206,-0.81408435,-0.2381757,-0.02265818,-0.6925273,0.53950626,-0.4682812,-1.0019891,-0.44262487,0.063453555,-0.66146606,-0.08977988,-0.31765273,0.57304066,-0.877136,-0.9892205,0.4124294,-0.6386439,-0.19199315,-0.86261386,-0.8072554,0.5220227,-0.2945278,-0.8674291,-0.29712534,0.4728002,0.94549716,0.7097826,-1.278713,0.59549224,-0.22289844,-0.58476007,0.08682255,1.0682907,-0.13002951,-0.34945905,0.10003598,-1.1883352,0.32268384,0.5388921,0.16959858,0.5117053,-0.28193304,0.27817398,-0.25254408,-0.05078028,0.41633123,0.12251411,-0.38599354,0.54007554,-0.3511088,-0.36517638,0.037169617,-0.07381077,-0.7006676,0.42292637,-0.6548156,-0.30785757,-0.5409289,0.42867047,-0.40219474,0.19674566,-1.1172364,0.16804445,-0.75143343,0.31603357,-1.0462663,-0.0105868755,-0.78941864,-1.3413658,0.42217818,-0.3346962,0.5874294,-0.23636544,0.021953547,-0.79542506,0.36223,0.111343466,0.3044591,-1.0878282,-0.17244826,-0.2501625,0.59870857,-0.36921835,-1.2876906,0.7923645,0.17189208,0.52419525,0.33430696,-0.2925996,-0.7801362,0.19034562,-0.3964038,0.34391388,-0.9728119,-0.52790594,0.30000666,0.23359378,0.41268682,0.31644416,-0.7399746,-0.18922193,0.42246675,-0.18019691,0.08436212,0.96098936,0.24187666,1.1281646,0.056343537,-0.36383522,-0.5331044,-0.18941306,-0.17181979,0.18262906,-0.25830224,0.038051125,0.8799228,-0.34478784,0.92543286
-0.29812217,1.0318141,-0.38795534,0.5426499,-1.0654204,-0.24672745,-2.1209457,-0.4634748,0.5756598,-1.3022053,0.04800765,0.49892193,0.53356284,-0.06405479,0.60789865,-0.9916641,0.84678596,0.60566145,0.015377165,1.675553,-1.6430384,-0.56705487,-0.8952626,-1.7443683,-0.013426257,-0.8665591,-1.1288264,1.3668298,-0.83814996,-0.42393342,-1.176875,0.27036297,-0.3614449,0.06477274,-1.0871869,-0.662003,-1.0375684,-0.3294021,0.59685755,1.4736004,0.26977906,-0.9283198,-0.18239178,0.47664228,-0.73139894,0.3185758,-0.5910048,1.3432796,0.108241774,-0.8949461,-0.57668054,-0.15535074,0.5922818,-0.64120644,0.2247784,0.5942168,0.24451718,-0.33344245,0.3976781,-1.2001446,-0.40768513,-0.846594,1.2423353,-0.8398368,0.10354885,-0.14236137,0.00274165,0.22450818,-1.3377032,0.8501023,-0.85817915,0.39026806,-0.04684529,-0.24326812,-1.1964563,-0.085665636,-0.4680152,-0.11032864,1.8928958,1.1186409,1.8339722,-1.1670009,-0.64591545,1.1420683,0.30991122,-1.3818852,1.6757886,-0.13721184,-1.2657796,0.4304828,0.9811599,0.4081458,-0.80706275,-0.044724386,0.09900796,0.83927596,-0.0054147295,-0.7190859,-0.29535478,0.50564855,-1.3879243,-0.7464064,0.7926038,-0.599507,-0.4317771,0.36834487,1.4839659,-0.1022772,1.262606,1.9958879,-1.0218211,-0.48306528,0.8574963,0.95593643,-0.73921376,0.15845124,0.2321341,-0.45110586,-0.14996862,0.52782583,1.0501938,-0.053142972,-1.1949764,-0.36293063,0.26556942
-0.4977004,0.14107808,0.9470325,-0.39801812,-1.1177323,-0.71767575,-0.8933601,0.13244689,0.6324897,0.22798447,0.08982673,0.12749936,0.7838563,0.6012113,-0.6618342,1.0462214,0.11891621,-0.45588145,-0.1309223,0.9424674,-1.365181,0.648272,-1.3186178,0.02624569,-1.4540952,0.6145446,-0.62449193,0.3836781,0.8356726,0.73385155,-0.48596454,-0.13544953,-0.03959412,-0.18827574,0.32573327,0.31138226,-0.43468946,-0.8043675,-0.82756186,1.0627548,0.4988028,0.51718056,0.48600543,0.054101415,0.0026950275,-0.19528888,1.077318,2.0097008,-1.0045342,-0.4540467,0.7019471,1.4391756,0.931819,0.21318519,0.09890227,0.782395,0.07705649,-0.8273777,-0.656288,-0.72883147,-0.18797031,-0.7780566,0.55250734,-1.1271801,0.11850002,-0.0992345,-0.13700616,-0.18691593,-0.46429354,1.1143999,-1.2421397,0.08748078,0.16646932,0.94311136,0.5075631,-0.63642985,0.83314395,-0.4243704,0.95094436,-0.9024852,1.2425252,-0.42317355,0.93121356,0.66174304,0.5015326,-0.7229515,-0.282567,0.31996685,0.6549631,0.10251664,0.7668537,-0.7511303,-0.5086675,0.03942527,1.103805,0.36388427,-0.14464219,0.27962375,0.33226237,-0.25739682,-1.6134897,0.054212037,0.5890198,0.0048256624,0.3686978,0.09973826,0.033417933,-0.8235132,0.4304635,1.0232434,-0.7669156,-0.63228625,1.1043984,-0.26878557,-0.5757234,-1.3592368,-0.43289593,-0.042156905,-0.73305506,0.6775075,1.0666146,-0.06150822,-0.37418073,0.6975517,1.4838206
0.26026365,-0.0778251,-0.24308203,0.4454005,0.02832109,-0.47942156,-0.117110565,-0.96813273,0.15754549,0.4706456,-0.3348728,-0.41732717,-0.28123116,1.1744411,-1.039374,-0.9083005,-0.51519686,-0.24312171,-0.32711992,-0.33188623,-0.56084955,-0.9897574,-0.9979085,0.90745395,0.28209397,-0.5748735,0.056465268,0.24206358,0.40608943,-0.69710135,0.25251484,0.12094141,0.90048456,0.32328027,-0.9045938,0.30647382,0.17683221,0.34056157,-0.98530126,1.8087673,0.106369056,0.34636927,0.47367138,0.24716343,0.10930798,-0.3021604,-1.1612514,-0.1929372,-0.88172245,-0.3068877,0.6388319,0.5426641,-0.13263007,-0.76236475,0.93977827,-0.00027766844,0.12967688,0.6648628,-0.80300766,0.14787287,1.7104186,-0.06674637,0.31252187,0.112257876,0.04176611,1.1583818,-0.15448804,1.0601151,-0.40151173,0.021515695,-0.044597216,0.46818444,-0.15602465,-0.17324679,-0.55910754,-0.3329942,-0.12148636,-0.874503,0.34737366,0.90191853,-0.047003485,0.20460592,0.09510857,-0.01117991,-0.82527184,0.029065317,1.043517,-0.095676124,-0.58960843,0.29875037,-0.02894026,-1.0211729,-0.74494857,0.49961784,0.64173704,-0.35794473,-0.48935956,1.1050822,-0.1289859,0.39503747,-1.3145279,0.14249806,-0.020035183,-0.2704054,0.7994524,-0.42977914,0.7219037,-0.58078486,0.22055998,0.4698593,-0.15816611,0.6620058,-0.5149566,0.4111886,-1.4713764,0.63654745,0.4466866,0.22670458,-1.6070546,0.12773792,-0.588311,0.21271038,0.5284458,-0.14592902,-0.32149473
-0.6866782,0.6292766,-0.0478674,-0.22689289,-1.2931471,-0.69597816,1.721695,-0.7002615,1.10669,0.098201066,-0.786599,-0.62065613,0.056126837,-0.09524123,-0.7090513,-0.022895146,0.28917342,0.888997,0.35227132,-0.567216,0.15535387,0.32089755,0.46071246,-2.01708,-0.27289236,-0.3299299,0.30978712,-0.48042005,-0.5581675,0.8811077,0.76196635,0.6179224,0.4601206,0.21977098,-0.10432612,0.60135216,0.55212444,-0.07716207,0.087920286,-0.93637407,-0.12155667,0.6726456,-0.09244831,1.0251924,0.28059202,-0.9432346,0.46988726,0.7319779,-0.78512406,-0.5482898,0.9886035,-0.2875707,-0.5426889,0.45275652,0.0060205595,0.681544,0.35607514,0.4257839,-0.6058889,-0.21894412,0.542782,-1.1192157,-0.17241858,0.09481525,0.055932302,0.22518454,0.21339229,-0.6328287,-0.9669544,-0.62678415,-0.3346929,0.61648995,-0.34444153,-0.10503856,-0.5817688,-0.60574764,0.2528486,-0.28568327,0.8257528,0.015651675,-0.7865133,-1.0309738,0.6100641,0.2360346,-0.5043346,-0.40168,-0.028992457,0.7329866,-0.071573734,-0.05999649,0.5517157,-0.23622051,-1.119467,-0.35645697,0.092114545,0.06324546,1.1187131,0.26705223,-0.3518843,0.8643238,0.08976093,0.31715545,0.10625679,0.90580463,1.3495063,-0.7606767,-1.2074363,0.777044,-0.2519327,-0.12469693,-0.37926793,1.2106087,0.3281444,-0.059393905,-1.1112735,-0.403587,0.8370474,0.576456,-0.05049355,0.8963574,-0.41617802,0.014581235,-1.1491716,0.5415812,0.30749166
-0.57147616,0.1800793,-0.8415849,0.053708382,-0.61749595,0.032993488,-0.8343017,0.034437273,1.0617124,0.55774117,-0.2584548,0.07832126,-0.40928257,-0.37984,0.5421226,0.4492688,-0.3515361,0.98846835,0.8296266,0.09897197,-1.123201,-0.4323232,0.2295419,-0.004615586,-0.06039549,-0.20849709,-0.5322981,1.3764178,-0.5086409,-0.8368584,-0.9264835,-0.28758365,0.18924159,-0.9442967,0.013532182,-0.22469592,-1.296402,0.42590323,-0.5360914,0.12496316,-0.40955606,0.48784533,-1.3213681,0.7844831,-0.8127589,-0.13406184,1.883963,0.7814948,-0.98101133,-0.38680807,-0.74688435,-0.14681464,-0.9923187,1.0922729,-0.11018161,-0.4205194,0.011155658,0.3416336,-0.35441625,-1.2962874,0.47272763,-1.1273755,-0.50614905,-1.5364466,-1.5507308,0.43616834,-0.7496643,0.6961205,-0.3315327,0.4003843,0.14595011,-0.17615207,-0.74397177,1.0990956,0.10395694,0.45051062,-1.4098061,0.21106574,1.0567186,-0.381161,-0.19040106,-0.90877694,1.6873112,-0.18522963,0.07254948,-0.3410524,0.47606552,1.4005016,-0.12670733,1.2936786,0.42516258,-0.00956882,-0.5865642,0.26425788,0.7562677,-0.014350457,0.35227653,0.7589721,0.024008358,-0.19515643,0.05999928,-0.25265276,0.109707765,0.63128436,0.59607613,0.34608126,0.029940182,-0.143138,0.56127256,-0.38663113,-1.1883247,0.038402647,-0.40462774,-0.26095948,-0.89616007,-0.5159161,0.119049475,0.34700024,0.45763317,-0.32602564,0.37874144,-1.0868827,-1.5756177,0.80730486,0.42543957
-0.23818798,0.299589,0.743784,0.83406544,0.44950545,-0.84842527,0.079989165,-0.17589769,0.33215314,-0.2836365,-1.1766881,0.16868266,0.0477787,0.16392884,-0.81725407,-0.20810495,-0.023033274,1.0116285,0.6699857,0.070498385,-0.6667574,-0.48927522,-0.9578653,0.06981917,0.23233388,-1.4278444,1.2651751,1.1834743,-0.057001602,-0.7163212,-1.2652313,0.060217526,0.34454498,-0.14139472,-0.829121,0.45799768,0.27833784,-0.5112127,-1.1251578,0.9294539,0.6669701,0.8536161,-0.15816104,-1.2195687,0.20381235,0.22668386,0.48598766,0.024775533,-0.30923718,-0.09094147,-0.43787384,1.4157429,0.17854422,-0.62008804,0.3392399,-0.9471184,-1.4200925,-0.67197984,0.5847523,-0.55149895,-1.0513338,-0.037277084,0.004750701,0.42715532,-0.5911496,0.74544674,0.22205731,1.1452626,0.03528689,0.86303705,0.5503269,0.57793474,0.16195455,0.40716717,-0.3733871,0.10251047,0.15732877,0.45496237,0.8909441,0.7093127,0.16412057,-0.27736545,0.66860974,0.6745814,-0.46830115,-0.40194058,1.0955309,-0.35569105,-0.78912723,-0.54170746,-1.0427183,-0.30807778,-1.1906412,0.34475428,-0.32627234,-0.661871,-0.36070916,-0.4921118,-0.04933675,-0.48568678,-0.5756603,-0.6151726,-0.37885195,-1.2843672,0.68954456,-0.22698319,-0.14221972,-0.55630517,-0.37785608,0.3050231,-0.69729817,-0.48725504,-0.45519403,0.07222906,-1.7005337,-0.6937283,-0.09031578,-0.21099885,0.836502,0.88705283,0.025615163,-0.21275297,0.026041027,-0.7892328,0.99697685
0.73618126,1.8581659,-0.6050812,-0.64554214,-0.66823953,-0.8621404,1.2711234,-1.0072678,1.530354,0.115179844,-0.5359984,0.3673136,-0.40739688,0.5231287,-0.61746097,0.023558684,0.7911065,0.34355938,0.6448199,-1.136769,-0.5010262,0.25307,0.22705989,-0.1329454,-0.2157037,-1.9173565,0.7400074,0.05047306,0.37114617,-0.5351826,0.7571358,0.4173036,1.1215119,0.9535482,-0.84350556,0.51705766,-0.075032964,-0.08469413,-0.66553825,0.93315905,0.18207178,-0.26774502,1.9240079,-0.34183294,0.1592266,0.081252575,-0.09512732,-0.7740268,0.45026296,0.42817035,1.122721,-0.1716514,0.35298467,-1.3254198,1.5386955,0.30047563,0.67342234,0.8210441,0.38183883,-0.63429326,-0.55429596,-0.60523236,-0.26609462,0.57341135,-0.29476908,0.72302413,0.5515156,0.5820314,-0.8381668,-0.012045984,-0.34499347,0.09581521,-0.032678,0.9186476,0.29436803,-0.6184179,-0.33528113,0.11602695,0.06528448,0.50614476,-0.6336973,-1.1215237,-0.13103847,0.49966902,-0.8280746,0.9805073,0.71517134,-0.0062380135,-0.15236555,-0.6233898,-0.246834,-0.4003153,-0.10785746,0.67875755,0.32475898,-1.1841537,-0.114574395,0.7054572,-0.35819405,-0.25357804,-1.064558,-0.37785783,1.4588751,0.19712958,0.8284921,0.15893446,-0.0961829,0.071231544,-0.3841376,-0.53825855,0.3163653,1.0259778,0.85978806,-0.10277586,-0.76494044,-0.35664496,-1.1638926,0.687275,0.5877538,0.20532405,-0.90804213,-0.6376848,-0.101084486,-1.0824324,0.5565765
-0.5367682,-0.7609882,0.418911,0.105155826,-1.1452172,0.41774082,-0.27454716,-0.9033597,0.552122,0.14673495,-1.2539573,0.35381326,0.6997558,-0.22776096,-0.1637309,-0.59707594,-0.078121915,-0.009854805,-0.019569958,0.368368,-0.25159845,0.05427923,-0.16483474,-0.83843076,0.34602514,0.16274676,-0.085504964,0.57309735,-0.15686774,-0.800916,-0.33387658,0.12642321,-0.28457355,0.6415511,1.113805,0.8961257,-0.23063609,0.3156122,-0.38092762,0.22992086,-0.4286498,0.6361144,-0.85236716,-0.49884272,-0.042373918,-0.4911855,0.77592844,0.9219986,-1.1203061,-0.33419466,0.91335744,-0.89127415,-0.31866023,0.32591698,-1.1298215,0.70316064,0.39118704,-0.2076854,-0.093906164,-0.45121396,-0.36139247,0.17364757,0.0067457003,-0.4167281,-0.16612966,0.5001493,-0.8025986,-0.500238,-0.24621305,-0.15468691,-0.26563472,0.9476886,0.33980766,0.21954866,-0.10765567,-0.15567762,0.5780345,-0.41694143,0.9728507,-1.1332628,-0.44213548,-0.87921304,0.20149596,-1.0532058,-0.071803354,-0.7016381,-0.009549536,-0.34036705,-0.3649142,-0.16504873,0.35703737,-0.3864305,0.32039213,-0.8298748,0.18954685,0.413223,0.24598633,-0.11978361,-0.005931602,0.54630566,-0.27046004,-0.37114683,-0.36191338,1.5587903,0.789886,0.038300984,-0.7637532,0.21621436,-0.11746715,-0.21440737,-0.18327352,0.8051708,0.16151337,1.0845492,-0.015311134,-0.86134654,0.5181884,0.4763667,0.2259292,-0.36726424,-0.06398243,-0.19123593,-0.41984257,-0.11858693,0.16181011
0.803289,0.3413833,0.0073184473,-0.5178705,-0.61120826,-0.6974303,0.4417539,-0.5692441,0.79766643,0.49523675,-1.1455189,0.19285244,-1.0757432,0.050730404,-0.7483398,-0.76760906,0.715785,0.33141002,0.35229287,0.27956975,-0.5773612,-0.9178969,-0.06598697,-0.4780574,0.50121444,-1.1249322,0.38704064,0.68297654,1.3363788,-0.7966445,-0.24793534,0.06539476,1.2404,0.8536207,0.28511855,0.6067358,-0.9049201,-0.6453821,-0.46404466,1.8239344,0.3487369,0.15842892,0.7454216,-1.5641614,0.013215277,-0.13724966,-0.112793,-0.6732694,-0.46095294,-1.007115,1.8161131,-0.25317,1.3918693,-1.5283427,0.78145444,0.30637524,0.67154443,-0.90851474,-0.16385897,-1.3169456,-0.49984705,-0.6703542,0.10393991,0.559095,0.2017947,0.952839,-0.13606691,-0.09820885,-1.1046139,0.06314345,0.12839001,-0.30715057,-0.21844181,0.08739981,0.013169966,-0.51800895,-0.17379203,0.30061418,-0.17041144,0.261172,-0.1770298,-0.6983503,-0.0853248,1.5334356,-0.37169826,0.06167107,0.16059992,-0.6218864,0.56853557,-0.53701097,-0.67446154,0.017129056,0.27252108,0.3865577,0.48103508,-1.1059523,-0.7342436,0.36771068,-0.823264,0.043336138,-1.1743114,0.14708264,0.7867332,0.43561792,0.67151153,0.24906415,-1.0241473,-0.48601347,-0.27501908,0.08556366,-1.0663673,0.7228718,0.50705284,1.162441,-1.0666543,-0.63023734,0.12950511,0.39801872,-0.10680015,0.34149048,0.031098975,-0.25465217,0.81717336,-0.6270296,1.0016074
0.41522846,-0.04261675,0.17851673,0.26730806,-0.4547536,0.15693931,-1.0346931,-0.2694407,0.10958567,0.029196747,-0.009491967,0.46295968,-0.38951775,0.2517453,-0.37924588,-0.47722366,0.5844603,-0.30901527,-0.4143439,-0.13002549,-1.3378692,-0.8933763,0.30326685,0.0022686382,-0.7037652,-0.015514528,-0.47264943,0.64236623,1.2527103,-0.30440676,-0.53454787,-0.21704116,0.8495568,0.4569846,-0.6014746,-0.41887414,-0.39941338,-0.37578115,-0.48629278,1.7458265,-0.13505729,-0.1986268,0.49499142,-0.58544147,-0.694372,-0.11272474,-0.021685688,0.29487598,-0.39311042,-0.38817295,0.9900442,0.7110162,-0.17688142,-0.7210568,-0.1128081,0.10473456,0.09001795,0.5376481,0.18410744,-1.5246878,0.15199086,-0.098257005,0.23440781,-0.6407218,0.322573,0.20110436,0.4834323,0.28585562,-1.021618,0.13247013,0.111265734,-0.30909756,-0.3087515,0.56695896,0.16823915,-0.23937894,-0.13566118,0.0028349136,0.08253029,0.042149283,0.69410133,-0.69196963,0.40629336,0.05770493,0.50839424,-0.10438603,0.44894,-0.5233042,0.724833,1.4668732,0.009626651,-0.59436446,-0.58956945,0.74090457,0.5712359,0.37133932,-0.16381821,0.26002657,-0.3750693,-0.03793461,-1.222098,0.116698824,0.46504903,0.122099735,0.94322586,0.7432066,-0.30730817,0.41636854,0.45408008,-0.8660884,0.17583981,1.3928357,-0.05181037,-0.35750353,-0.21153736,0.73469603,0.0068834643,0.20179313,-1.1470311,-0.4101846,0.34031633,-1.0981257,-0.601111,-0.08119655,-0.031500723
0.28357622,1.1323583,0.22619621,0.65256196,-0.76647675,0.14856169,-0.49211183,-0.21459179,-0.59568065,-0.12836725,0.87384355,1.2078643,1.1243402,1.5076772,-0.6636373,-0.54147285,0.5811241,-0.6485175,0.9453973,0.47912955,-0.8356122,0.20839049,-0.54139054,-0.5282515,-0.63227326,-0.10895515,0.30140185,1.3350619,0.864676,-1.8760791,-0.23774457,-0.24251325,0.069579184,1.0758944,-0.99035347,0.29006252,-0.94407535,0.3683752,-0.1447152,0.7140716,0.063185595,-0.0718179,-0.20826727,-0.5808412,-0.27704936,0.7964611,0.48748943,0.51492184,0.019089265,-0.12341175,-0.2502122,-1.1042982,1.0097588,-0.5442636,-0.69206995,-0.52555335,0.30301628,-0.76013654,0.70824146,-0.63213974,0.42732042,-0.34568265,0.26800263,0.028558163,-0.8336099,1.0344793,-0.92300475,0.7058258,-0.7627241,0.47483695,-0.31217387,-0.19639583,-0.344013,0.7318906,0.27183053,-0.6465528,-0.40006822,0.048668865,1.1435034,0.21678028,0.37239662,-1.3037645,-0.7113515,0.5919047,1.2477425,-1.0688719,0.30058986,-1.5406199,-0.37035155,0.29063097,-0.32326096,0.31299457,0.3105437,-0.23720588,0.8273293,-0.2401828,-0.04312951,0.0921965,0.11224052,1.34794,-1.1604005,-1.7173845,1.1235902,0.5510027,-1.109271,1.341948,0.06569934,-0.52207875,1.0822762,0.565968,0.68239063,-0.04872244,0.78762245,0.07502387,-0.17007522,-0.63995856,-0.63660616,0.70019406,-0.13333559,-0.2628126,-0.69205433,-1.7182051,-0.36090592,-0.70090234,1.3047448
-0.79122555,1.0371233,-1.1713461,-0.54619354,-0.21931113,-0.0354516,-1.0024614,0.4219818,0.028017856,-0.5484145,0.047024664,0.9100891,-0.102203615,-0.06740703,0.7702602,0.37542322,0.49988294,-0.21176307,0.3862031,-0.7587555,-0.98656964,0.17393826,0.54081935,-0.26343915,-0.35941145,-0.40976343,-0.36893925,-0.062293194,-0.42235762,0.5109342,-0.14216265,0.31667432,1.2342217,-0.3905317,-0.5105255,-0.6286272,-0.1993038,-1.1416707,-0.5295425,0.19246311,0.3213426,-0.20999107,0.13157435,0.5672311,-0.27802324,1.052895,0.87490255,0.97690797,0.06585657,-0.58908075,0.059596945,0.2946608,-0.32762268,-0.24475509,-0.66116136,0.7933909,0.111360826,0.06532259,-0.09683685,-1.0689917,0.040366746,-0.2700671,0.54747593,-0.55344355,-0.5625763,0.20704824,0.0024309896,0.6282783,-0.4184675,0.1691674,0.5810111,-0.036978208,-0.73471534,0.64741445,0.3831289,-0.6701961,-0.54408425,0.07915318,0.56251574,-0.47459692,-0.704805,-1.1366775,0.32179576,0.1964929,-0.3908838,-0.86882615,-0.6550616,0.6160795,0.21122046,0.57698554,-0.6328015,0.3143192,0.18648733,0.36534584,0.55366683,-0.2551374,0.013101717,0.6061369,-0.31708825,0.5240244,-0.20987143,0.113467954,0.63118815,0.7466525,-0.36095247,0.80078644,0.29743943,-0.1679499,-0.4270346,0.096135914,-0.21843043,-0.09523829,0.45398492,0.18320544,-0.9019889,0.07874085,-1.1978736,-0.60625833,0.16011511,0.09454344,0.41186032,-0.69796264,-0.06951351,-0.09613564,0.55290705
-0.38919234,0.6550897,-0.47571984,0.44871983,-0.47886753,-0.89559656,-0.35459602,-0.8083281,0.24852502,0.41405666,0.4115884,0.30039442,-0.4810586,-0.032357045,-0.9042708,0.045603905,0.49940404,0.8398359,-0.18328662,0.26930958,-0.897084,-1.3748161,0.15816656,-0.9725886,0.30577567,-0.34514463,0.50131774,-0.26248285,-0.06530426,-0.5799242,0.26634514,-0.13370007,0.9759023,-0.73645204,-0.913998,0.9306188,-0.2915234,-0.08067168,-0.47427022,0.54018044,-0.4293797,0.017197147,0.4513452,0.2614227,0.31721205,1.2738942,-0.17103024,0.45934486,-0.43008032,-0.15512572,1.0447335,-0.77955264,0.09414412,-0.6637843,1.1031392,0.5845484,-0.07502431,-0.64809567,-0.63784,-0.59865886,0.77955645,-0.53737,0.15549517,0.1231381,-0.7202752,0.8141499,-0.71994877,0.079036966,-0.7615449,0.68681574,0.14352329,-0.37338623,-1.0525998,-0.06733493,-0.88212657,-1.229581,-0.45540628,-0.98329246,0.07742097,0.23734608,-0.19497448,-0.8343585,1.2022376,0.76158434,-0.5647657,-0.81873953,-0.6513095,0.49289116,0.82590634,-1.0581429,-1.1527674,0.044615757,-0.97901076,0.5774008,-0.27756712,-1.1024524,-0.8016671,0.6174467,-0.71169406,0.10614472,-0.75023246,-0.015608501,-0.6457343,-0.2676309,-0.23120159,-0.29295856,-0.6112066,0.46901637,-0.38616088,0.08715959,-0.11464821,0.15070021,0.530225,0.041165374,-0.7812472,-0.1925391,0.12400659,0.8660049,0.035509415,0.29492572,-0.417991,-0.21794048,0.46309137,1.3688818,1.2797866
-1.0526063,0.58636904,0.9193731,-0.19261435,-0.46814078,-0.9290095,-0.80779463,-0.58398414,-0.09202682,-0.25037912,-0.47805163,0.73970413,-0.09137825,0.48965326,0.022303326,0.68136734,0.8059243,-0.26493728,-0.0024123993,0.12981236,-1.5099624,0.42605898,-0.2966236,-0.14876862,-0.89011246,0.077054456,0.034985002,0.8255018,1.1893528,0.48794985,-0.49848107,-0.29564258,1.4595885,-0.70300525,-0.21029896,-0.3548641,-1.0941691,-1.2984849,-0.8707825,2.141051,0.5695207,0.66333973,0.44477236,0.4173633,-0.8180664,0.59572625,0.16178392,1.1317989,-0.6318171,-0.22420411,1.6631387,1.0853649,0.08126133,-1.0187542,0.65178025,-0.49115586,-0.5254983,0.2845906,0.37895513,-0.88840985,-0.7935008,-0.86073637,0.35273942,-0.9024705,-0.35962397,-0.9522709,-0.6502437,0.8818069,-1.0475689,1.215316,-0.12255987,-0.49036044,-0.08493446,0.78000087,-0.03006189,-1.6104943,-0.29764742,-0.4599731,0.15745273,1.0911539,0.45879894,-0.49273744,0.9875918,0.5783791,0.74463266,-0.5460542,0.2569261,0.6003285,0.3439888,0.5039581,0.16557138,-1.612603,-0.2674066,1.243499,1.0083556,0.58064383,0.07423823,0.98415816,0.25228778,-1.153753,-0.6089063,0.8041367,0.6290448,-0.97146183,0.2117222,0.15051225,-0.49513307,0.21228376,0.6113115,0.6488687,-0.8351338,-0.049352705,0.10402254,-0.48740432,-1.7503659,-0.090708,-0.02815134,-0.85241324,-0.02508498,1.1288478,-0.18522304,-1.3112434,0.12329518,0.2853449,0.8548972
-0.16223326,0.61158127,0.011854421,0.10334233,0.010724337,0.17446102,-0.8513396,0.72510093,0.98928005,0.57964176,-0.010543753,0.5006637,-0.20762575,-0.96262234,0.25549507,0.3423426,-0.27947855,-0.36264282,0.42234445,0.9249367,-0.529085,0.47757277,-0.38880187,-0.55422187,-0.71328545,-0.3079565,-0.51064384,0.5718654,1.0191802,-0.3724743,-0.87932247,-0.27186435,-0.2571275,-0.2871025,0.1867833,-0.23567879,-0.26483718,-0.33588696,-0.45286885,1.3607361,-0.117013976,-0.7817999,0.6931803,-0.83231646,0.20815586,0.10645194,0.52883804,0.56157416,0.30586553,-0.5064316,-0.07898123,0.4808296,0.55744493,-0.18848598,0.09079724,0.41875216,-0.058807045,-0.72713447,0.026748508,-1.3193344,-1.5036122,0.13484691,-0.19886875,-0.39024344,-1.0655934,0.22239657,-0.06494739,0.42454618,-0.40738592,0.19811757,-1.0282184,-0.10320833,-0.5734819,0.5880707,0.40640587,-0.93749994,-0.11908604,-0.6204043,0.7059022,-0.3185387,0.1966183,-0.21011083,0.6501637,0.6660754,-0.29733956,-0.56765544,-0.56397724,0.041644983,0.4023264,-0.2992589,-0.42739022,0.92149496,0.010595566,-0.11718597,0.50860393,0.2983448,-0.214532,-0.14097796,-0.618797,-0.31882924,-0.2681315,-1.3670633,1.2203534,0.3270743,-0.5964358,-0.42494348,-0.2165842,-0.383798,0.23556168,-0.95877,0.010564968,0.33037668,0.88952243,0.78259933,-0.3092259,-0.82004374,-0.43717584,-0.3608402,0.48574415,-0.21353547,0.28985903,0.16676591,-0.3393036,-0.931175,1.0049082
-0.6370171,1.298002,0.6636823,0.6263914,0.194466,-0.0025795328,-0.03507732,0.3525951,1.346211,-0.4123216,-0.08401073,-0.27246776,0.48004362,-0.904794,-0.07984473,1.0586144,-0.25233772,-0.24169812,0.13704902,0.3785536,-0.54943997,0.635274,-0.71594006,0.1612054,-0.13711642,0.0071009705,0.40567985,-0.083532624,-0.0424903,0.56515044,-0.77179986,-0.79434973,-0.43844548,-0.8153063,-0.950993,0.7196842,0.39471766,-0.8809581,-0.1851594,0.4859698,-0.037608333,0.8588476,0.51953983,-0.3929242,0.34698492,-0.123016104,0.354366,0.9319163,-0.07432842,0.091867626,0.051894072,0.82531244,-0.49419117,0.41666934,0.46075407,0.63605475,-0.55144256,-0.2093867,-0.52737135,-0.14769882,-1.1361426,-0.25378686,-0.085470505,-0.55604607,-0.37557614,-0.0108121615,-0.24362107,-0.6008803,-0.3128873,1.2640007,-0.5022445,0.67714745,0.02533427,0.69268495,0.1581696,-0.6118528,0.8035344,-0.46919325,0.7110127,0.053729273,0.46610144,0.05174103,0.9621799,0.22879286,-0.5989938,-0.84885716,0.055935133,0.8697225,-0.28448126,-0.6819521,0.5349593,-0.31835806,-1.120203,0.17304651,-0.36789343,-0.31666142,-0.5010027,-0.32062995,0.84261465,-1.2671279,-0.51074815,-0.5962915,-0.102848805,-0.49413007,0.31155005,-0.8729085,0.7504731,0.22741689,-0.5580689,0.1011838,-0.28281188,-0.60597426,0.12411828,-0.40294427,-0.6757906,-0.94358903,-0.3148347,0.51650107,0.30842584,0.90372413,0.98412037,0.8021439,-0.47099972,0.32726303,-0.055833988
-0.30612394,-0.22874117,-0.17278662,-0.72004884,0.11724883,-0.0896923,0.020908797,0.32853308,-0.010046321,0.58438504,-1.0427595,0.6343496,-0.28938445,0.4508058,0.46186012,-0.5671685,-0.180352,0.21165355,-0.03265022,0.38428515,-1.0011816,-0.2438111,0.008151748,-0.7610379,0.6923216,0.52660894,0.4542094,0.15105581,0.5228283,-0.12410162,-0.76257396,0.30213395,1.0210298,1.5928142,0.4698307,-0.071566135,-0.08528338,-0.134122,-0.51899,0.10205555,-0.028927952,0.42270797,0.0053038653,-0.514544,-0.45558158,0.49159354,0.3663135,0.30098417,-0.35418335,-0.8437788,1.6064354,0.22487466,0.48700714,0.15887615,0.37055743,0.13098869,0.5038995,0.08299563,-0.5213794,-0.66100615,0.21819416,-0.84179807,-0.4660115,0.32077575,-0.06020334,0.81044674,-0.6043638,0.17794459,-1.4345142,-0.3053864,-0.49030745,0.2450946,-0.8596308,0.19266379,-0.06013153,0.6079358,-0.2694005,-0.6270988,-0.42836148,-0.3370155,-0.18565544,-0.66665685,0.2877365,0.2790016,-0.3195184,-0.29352954,0.82987,0.39747095,0.017555414,0.21201035,-0.18478933,-0.30560413,0.45984155,0.038874198,0.16341825,0.22832409,-0.49332556,-0.23180303,0.5581921,-0.013791711,-0.45528898,-0.4239531,-0.048655417,0.3502668,0.60155666,0.63013947,-0.21471713,-0.302816,0.44503754,0.7169419,-0.66824764,0.41047418,-0.22422867,0.75822854,-0.46452436,0.3571027,0.28392756,-0.060331408,0.0043879114,0.56352246,-0.09875485,0.23422118,0.5887639,0.3841144,0.69277793
-0.042259343,0.29978564,0.59962815,0.6834557,-0.29792133,0.04519782,-0.4720096,-0.5517373,-0.60578626,-0.78675103,0.14725456,0.41694748,0.53569126,-0.24912536,-0.22697866,-0.594434,0.36677933,0.6091301,0.20788427,-0.17124267,-1.4182537,-0.82270455,0.029802304,-0.096809804,1.1291615,0.09126092,0.9209947,-0.41765106,0.4991521,-0.2558125,0.15950917,-0.0081134215,0.24461271,-0.10563919,-0.3088702,-0.105209164,-0.29784757,-0.15748389,-0.89500356,0.766508,0.50231653,0.34733772,-0.119558364,-0.10792261,-0.108481064,0.3419232,-1.1443328,1.0032301,-0.63238084,0.15380327,0.8833404,-0.3460981,-0.8167137,-1.1057669,-0.32539123,-0.5893941,0.20348953,-0.82150203,-0.09370328,-0.7210372,0.3678144,-0.19935992,0.51741785,0.041545905,-0.46384743,0.22726789,-0.09286752,-0.09369792,-0.6185804,1.2815497,0.3746813,-0.54911005,-0.19857788,-0.5631499,-0.124514595,-0.41282836,-1.078154,-0.8427259,0.595766,0.19544102,0.03304812,-0.5285133,-0.22197506,-0.35088885,-0.45704597,0.013637351,0.25683582,0.3226433,0.21083033,0.060157545,-0.44534317,-1.1895924,0.09232824,0.27376348,-0.16359076,0.10684997,-0.57445437,0.098881416,-0.11162665,0.3871908,-1.0794994,-0.056499623,-1.3326467,-0.596543,-0.024097867,-0.25467294,-0.085381456,-0.14591242,0.35747635,0.8301621,-0.961886,0.4694328,-0.68713033,0.90774316,-0.5140748,0.52858543,0.16917035,0.61339355,-0.9575109,0.530094,0.2684416,-1.4613352,0.4725085,-0.3654016,-0.23014472
0.038005617,0.6748766,-0.66555256,-0.44653276,0.067838445,-0.48975548,-1.254397,-0.34873167,0.23359099,0.65992594,-1.4059039,0.34084553,0.20549071,0.22611555,0.2727075,-0.37828705,-0.40599948,0.38220286,-0.42956683,0.04672367,-0.7126961,0.1282979,-0.8748845,0.24739514,0.34073243,-0.14297728,-0.18136923,0.4272965,-0.22897905,0.15415357,-0.7237864,0.60663784,0.14106418,-1.118066,-0.25978383,-0.53247464,-0.21561973,-0.23099738,-0.4628058,0.66361827,-0.10047263,0.05251724,0.12881769,0.34139857,-0.3141331,0.7968118,1.1805121,0.118028,-0.60533524,-0.7020534,0.4478943,-0.11042446,-0.3690394,0.5879752,-0.51829237,-0.23318456,0.00040693238,-0.14965224,-0.5543013,-1.3682606,0.25386438,0.49389702,0.80074733,-1.3427992,-0.88665664,0.5316715,-0.88725615,0.2450588,0.19956763,-0.29755905,0.55991375,0.6608424,-0.19020647,-0.1005185,0.42471394,-0.007971292,0.6380854,-0.101498716,0.37526453,-0.5615716,0.62874514,-0.428797,0.40845576,0.21548861,-0.5346186,-0.5970993,0.48614728,-0.111512035,-0.32757425,0.33125785,-0.03472326,-0.902063,0.0050777,0.103844084,-0.0699192,-0.009925734,-0.526792,-0.053909745,0.10707496,-0.7129443,0.06647577,0.14750761,0.3355409,0.028275061,-0.09215981,-0.29255036,0.56242615,0.084260575,-0.123207,0.442265,-1.1726595,-0.6614798,0.38430876,0.44952276,-0.8864558,-0.87505734,-0.9204909,-0.51198107,-0.103015736,-0.8363698,0.13628341,0.40080687,0.07705478,-0.27541253,-0.13992366
-1.1008468,-0.1479818,0.15782706,-0.9614893,-0.71720344,-1.1638184,-0.81359035,1.0625718,0.37754497,-0.037822317,-0.79355824,0.015986608,0.7343138,0.99610144,-0.224004,0.047725253,0.7218636,0.12769689,0.70246255,0.591925,-0.35135925,1.0692964,-1.2342002,-0.07269614,-0.80135286,-0.8519661,0.2678358,0.30197462,0.44381335,0.58869725,-0.85953844,0.86332667,1.1360271,-0.8999409,-0.30819637,0.20353481,-0.018054904,-0.46596727,-0.95431036,0.45275483,0.53392804,-0.18110317,0.5826827,0.16754244,0.41351232,0.70507663,0.59874654,0.4198682,-0.60428363,-0.13463753,0.6276684,0.10791248,1.0030059,-1.0167081,0.07739256,-0.19871235,-0.6546469,-0.8347039,-0.078463286,-0.75213647,-0.72455037,0.0018138082,1.0130558,0.12535724,0.11537994,-0.089554995,-1.4121858,0.5547527,0.071353845,-0.065889515,0.031263743,0.867753,0.97563034,-0.16165222,0.31383842,-0.7258657,0.60573834,-0.33957845,0.7381334,0.48035935,0.54446185,-0.31277147,0.42096505,0.9634284,0.35091397,-1.061596,0.7589109,-0.18758945,-1.2809771,-0.5445299,-0.2930755,-0.71786547,-0.20187233,-0.044088446,1.1283326,0.790947,0.25470042,0.2779278,-0.18752366,-0.118274845,-0.14620619,-0.32275972,0.72006595,0.046338715,0.56216365,-0.5476196,0.39823207,-0.4204647,-0.21094733,0.6470478,-0.6524053,-0.52145255,0.77386844,-0.36229587,-1.070001,-1.3602029,-0.13217637,-0.75784385,0.16016304,0.3502963,-0.65466595,0.96572274,-0.56064737,-0.38514513,1.1104283
0.18210542,0.2874862,-0.0939979,-0.2720258,-0.7580004,-0.5743666,0.075271755,-0.6645107,0.078001134,-0.4661189,-0.69931126,0.7226675,-1.4263908,0.868963,-0.6370137,-0.5639692,0.76458216,-0.5470007,-0.2650047,-0.6942513,-0.39637813,-0.00088181143,0.5511013,-0.39181963,0.19817896,-0.59141564,-0.7752786,0.5695042,0.71733075,0.08625899,0.52729243,-0.18083836,1.6218803,0.91794133,-0.9183785,0.41972852,-0.44877765,0.14369096,-0.4708338,1.6899239,-0.10357567,-1.1739557,0.94539267,0.3235984,-0.49280223,-0.48248768,-0.8162822,-0.45895535,0.14811237,-0.64931005,0.9008437,-0.3291955,1.6097331,-1.0425323,-0.6235075,-0.2592435,0.53212124,-0.26931965,-0.2903444,0.47752613,-0.6072551,-0.33940482,0.28983536,0.42790723,0.7532364,-0.14666282,-1.1532124,0.50898194,-1.8347529,-0.07748979,-1.6173753,-0.7973254,-0.11766005,0.19429272,0.4177568,-0.4692781,-0.85660106,0.27210024,0.6696132,0.15625815,-0.22435647,0.23453096,-0.41582468,0.27075934,-0.7661956,-0.10060991,0.7412389,-0.7205393,0.41252255,0.41876775,-0.4853084,0.37992656,0.2642198,-0.3548882,1.5418599,0.68873054,-0.616768,1.2041787,-0.66933733,0.2714969,-0.65104043,0.096569374,2.0520227,-0.43291587,0.78138185,0.263964,-0.8523856,-0.6579727,0.5275442,0.29458672,0.10697484,1.523253,0.79075986,-0.2653476,-0.56699044,1.032574,-0.12132103,-0.65174466,-0.540016,0.053991117,-1.4809958,-0.707851,0.0019352781,-0.59576106,1.0825462
-1.0618131,0.3119656,-0.26363188,1.0538127,-0.9733928,0.0074346964,0.25702703,-0.8978041,0.21414827,-0.6429242,0.23674637,0.05057363,-0.611418,-0.5965998,-0.21444353,0.6674409,0.4814429,-0.5406198,1.0379385,-0.21062313,-0.45671958,-0.32736334,0.42686543,-0.08037264,0.025497928,-0.16374856,-0.10962816,1.2317142,-1.2013017,-0.8806824,0.6038348,-0.5557369,1.3807244,0.027059546,-0.57633764,0.15639818,-1.0339093,0.7277305,-0.39794293,0.11954554,0.96482843,0.47079003,-0.44106412,0.08227198,0.71906304,0.3094222,-0.47636452,1.08603,-1.3183352,0.48243815,-0.5500439,-1.1480957,-0.4694932,0.740187,0.75835603,1.3997005,-0.40581527,0.799711,-0.91904235,-0.2475901,0.3179354,-1.3254648,-0.35933733,0.15352038,-0.9003068,-1.0257703,-0.89381784,0.13086277,-0.9734902,0.17106244,-0.08755595,0.7718124,-1.7581129,0.3824482,0.17361975,-0.9443724,-0.79636693,0.54578197,0.63528025,0.2132204,-0.36247325,-0.90440255,0.91100895,-0.95670784,0.11979211,-0.47370565,-0.50495404,1.1791767,-0.28685313,0.28146994,-0.5386529,-0.17488334,-0.25834283,0.22729115,1.5909315,-0.81464595,-0.24695529,0.79088634,0.11226152,0.51893485,-0.59527546,0.30194402,0.082405634,0.79042804,0.8270787,-0.46632645,-0.0726795,-0.572171,-0.34580117,-0.6059118,-0.8407375,0.89957637,0.09371008,1.0160098,-0.88839847,-0.012564219,0.026255833,0.20675364,0.93992954,-0.40107822,-0.38086995,-1.0806066,0.06447391,-0.38217872,0.36128446
0.14160639,0.13095042,-0.3796179,0.5646486,-0.92356485,0.12141662,-0.8163394,-0.601273,-0.40610003,0.44121224,0.59565926,1.8921428,-0.44986945,0.57205635,-1.4960799,-0.7331187,0.07998173,-2.0962646,1.3368454,-0.18799238,-1.216758,-0.2834619,0.7525917,-0.49754143,-0.8108787,-0.42205393,-0.25248173,1.449147,0.56823343,-1.5704384,0.7890132,-0.2581066,0.1829513,2.3679743,-1.2944262,0.0039787292,-1.1368641,-0.18038768,-0.64245534,0.8695675,-0.19412917,0.4838267,0.7498692,-0.6001827,-0.68587446,0.55293024,1.1734362,0.710419,0.044164576,0.015848957,1.0344385,-0.3739099,0.7479876,-0.78911626,-1.1702164,0.51186985,0.6938512,0.8615258,-0.133116,-0.9090236,1.1941118,-0.1987564,-0.84227777,0.1329132,-1.3105972,1.6229858,-0.8788441,1.3154986,-1.5888017,0.5399763,0.16052955,0.3085695,-1.4516053,1.361706,0.24085958,-1.1800767,-0.43037933,-1.3550584,0.71155745,-1.1905954,-0.9126121,-0.6688204,-0.60206306,-0.97598004,0.66827124,-0.9085609,-0.039081886,-0.07907367,0.6251706,0.8470868,-1.1257995,0.48317438,2.057612,-0.07248227,0.8282367,-0.83962214,-0.42553642,0.4435928,-0.30772257,1.7845956,-1.4417186,-1.7661399,0.56744456,1.8835571,-0.4893968,1.6552457,-0.15841228,-1.2658467,1.0382668,-0.3408674,1.9039671,1.8329107,1.2015035,0.10743618,-0.3346275,-0.41086885,-1.4313716,0.955817,-0.03907919,-0.1349465,-1.138571,-1.1037672,0.03451097,-0.42509896,1.2657559
-0.41971523,-0.29951084,0.7841439,0.83103573,-0.11816284,0.76342034,0.22113866,-0.28962675,-0.18955544,-0.110595286,-0.36600986,0.1501329,0.15254116,-0.11749896,-0.47612566,-0.088466495,0.4881881,-0.40981323,1.0898361,0.71168905,-1.3260546,-0.21598479,0.17879336,-0.7186687,-0.2525755,0.12459344,1.0236928,-0.5066184,-0.15179291,-0.14193158,0.18546727,1.4503727,0.8142815,1.3907404,0.018602017,1.2998773,0.9594506,0.095186114,-0.86556315,-0.12689084,-0.054413825,0.6927863,0.65505594,-0.5861932,0.7130011,0.44327447,-0.09180701,0.920768,-0.85469,0.69582605,1.7054701,0.14007461,0.5375523,0.3564201,0.4942072,0.5829711,0.28320444,-1.2416613,0.289384,-0.7707705,-0.5627433,-0.1953007,0.78379446,0.9288833,0.88697445,-0.53160423,0.34069288,-0.119071245,-0.1593278,0.44096017,0.3644179,0.07476193,-0.602756,-0.5078554,-0.38164568,-0.81205076,0.50973934,-0.05739039,0.46869603,0.42441913,-0.6274767,-0.98307216,-0.02186561,0.079827055,-0.48842922,0.017317414,-0.07518789,-0.048124835,-0.14463255,-0.34317762,-0.77617705,-0.7401725,0.08333504,0.26320565,0.16590367,0.24608395,-0.39632758,-0.08171451,-0.044706516,-0.15186195,-0.045000136,-0.549321,-0.5782352,-0.53579557,0.93348515,-0.47776654,-0.80801636,0.38143626,0.4424162,0.8718054,-0.7344827,1.1861042,0.4290762,0.47710872,-0.18248281,-0.6686203,0.27888542,1.082362,0.80212486,0.44869426,0.5716126,-0.80613947,0.38695842,-0.14720912,0.22931325
-0.3831743,1.3138708,0.21936984,-1.2889658,-0.9857304,-0.0517788,1.2414873,0.52844083,0.5952587,-0.17622511,0.33670205,0.69197536,0.014226125,0.5054882,-1.1721797,-0.4637942,0.5895363,0.6158923,0.59718686,-0.42851362,-0.37998042,0.46889782,0.12592399,-0.66607606,-0.17790516,-0.20061561,1.1629064,0.71476066,0.45154408,-0.45196286,-0.24733603,-1.4576404,-0.12615362,-0.27152112,-0.5114012,-0.16140103,-0.7568466,-0.07439127,-1.4991157,1.0390369,0.14079335,0.15795308,0.21321651,-0.40236747,-0.48712432,-0.10029011,-0.16185571,0.66803306,-0.06815614,-0.73057187,1.4087712,-0.5624773,0.98813134,-0.88630897,-0.9403645,-0.29750213,0.3772882,0.040930234,0.271443,-1.1657561,0.06649754,-0.42619097,0.06701875,-0.33671576,-0.36811653,1.2959995,-1.061862,0.022584893,-0.9943758,0.7462084,0.56089497,0.1390831,-0.41833106,0.09446235,-0.30502766,-0.4223356,-0.07803794,-0.39863688,0.35425678,0.13350037,-0.4903498,-0.7580833,0.42327338,0.23732491,0.28258112,0.18622036,-0.6941562,-0.34640962,0.8979429,-0.11046476,-0.83348167,-0.64368266,0.5468255,-0.57576084,0.61906546,-0.4053566,0.6790714,-0.03249945,-0.44035727,0.48696294,-0.5418163,-1.0614855,0.10960712,0.53112215,-0.9219748,0.8924834,-1.1386801,0.5487891,-0.033250425,0.2532812,0.09420766,0.8299774,1.0475429,-0.27273375,-0.719502,-1.3786151,0.79132336,0.3282484,0.54160815,0.25081077,-0.9111686,-0.71486676,-0.8032879,-0.78357804,0.8927204
0.6818371,0.7651226,-0.51536673,-0.679353,-0.53877,-0.095304966,-1.2108085,1.1473286,-0.49836582,-0.29995143,-1.2206837,2.455164,-0.544286,-0.004864499,0.073770404,-0.22861572,-0.21747673,-1.0149277,0.38110596,-0.8408262,-1.2922837,0.66578,-0.30188552,-0.004288912,0.31953165,-1.1910791,0.10402504,1.1148474,0.07975494,-1.0833497,-1.2077091,0.67970985,-1.1081294,0.28821206,-0.33298135,-0.1986688,-0.90230834,-1.182189,-0.12588397,-0.043086357,0.10473017,0.60674137,-0.9341525,-0.04441618,-1.1026646,1.5922021,1.2975218,0.89852923,-0.9337583,-0.89183885,-0.30300403,-0.9889079,0.3699419,-0.38737535,-2.7474573,0.5314248,-0.53136754,-0.8371597,0.0074305288,-1.7356398,-0.30125988,-0.09534584,-0.19219239,-1.1305101,-0.40195087,1.109476,-1.1775708,0.05468024,-0.4986571,0.18113448,0.27390483,1.5968891,0.27687156,0.70022136,-0.04753471,0.27820793,0.63472,0.18802418,1.3850296,-1.1606848,1.3622752,-0.28452575,0.86396044,-0.305486,-0.51324147,-0.35641465,-0.47275722,-0.4293545,0.06953465,0.41572076,-0.9757904,0.17929895,0.72489846,-0.6529256,0.5105111,-0.01937887,0.65214574,-1.2057236,-0.058084913,1.3152547,-0.30951917,-1.3399031,0.9121408,2.142217,0.12285199,1.6058562,0.033046134,-0.10577074,0.065882415,0.9588531,-0.59145105,-0.5419341,0.42318386,0.4910777,-0.81189466,-1.1560999,-0.99025303,-1.3452213,0.041960586,-0.41162392,0.23907484,-0.027905585,-0.57600653,-0.3149355,1.3134252
0.06420711,0.265425,-0.7256732,0.73134816,-0.15843193,-0.06278971,-0.5901367,-1.0529594,0.0680913,0.053459235,0.2816229,-0.0936672,0.8848309,0.2493945,-0.8995109,-1.2742527,-0.57620424,0.52463996,0.14264324,-0.7374677,0.35412413,-0.77172303,-0.09487346,-0.26820788,0.21547568,0.026959699,0.5429909,-0.057619005,-0.0846143,0.44700733,-0.5177973,0.058095157,1.5192015,-1.2117428,-0.666756,-0.27604157,0.11654278,0.7333249,-1.3715643,1.0343609,-0.42538968,-0.210678,0.37756073,0.08971493,0.17345065,1.1230983,0.55834603,0.06490762,-0.47885713,-0.49286863,0.54595643,0.6117235,-0.4807354,0.27848813,-0.777391,0.6041152,-0.10714081,-0.061243586,-0.97195953,-1.154498,1.025699,0.5169202,0.11268561,-0.45356506,-1.0756278,0.6243516,-1.1235204,1.235965,0.4001415,-0.32021275,0.37038314,0.554654,-0.9876079,-0.55018145,0.10138637,-0.0210576,-0.36747044,-0.9869538,0.39912346,-0.3924321,-0.7447838,-1.2247453,0.8181853,-0.45251095,-0.002881961,-1.0292265,-0.67246795,-1.4778847,0.16857968,0.7654001,-0.44704524,-0.96889436,0.7209905,0.13217324,1.2609706,0.68547314,-0.046006754,0.96366256,-0.8966357,1.042353,-0.4803206,-0.21889897,-0.29180956,-0.03504616,0.5563983,0.50511515,-0.5604384,0.076923996,0.832564,0.31150278,-0.08658458,0.25918624,-0.28967223,-0.37675965,-1.1051711,-0.24134251,0.047295593,0.4084846,-0.39168024,-0.8086777,-0.46238694,-0.28245607,-1.2153561,-0.5242909,0.117232986
1.1286076,0.97250766,0.089101136,0.46601957,-0.22550544,0.28228724,-0.029240865,-1.5335371,0.29524234,-0.7308928,-0.44438958,-0.0022068718,-0.6226742,-0.873774,-1.1102077,-0.30794317,-1.3996176,-0.3720968,-0.3857031,-0.9891054,-0.9787062,0.08116866,0.5081226,0.112949915,-0.047578335,-0.44420394,0.13298763,1.6841207,-0.04996767,0.26767173,-0.54049784,0.08849983,1.647335,0.2999073,-0.5479613,0.0751107,0.30927595,0.55112237,-1.6429819,2.0298033,-0.24417323,0.503312,1.4076173,-0.5796096,0.009319941,-0.42329264,-0.80694544,0.26065773,-1.7459573,-0.2868569,1.609702,0.14148949,-0.47723478,-0.6813237,-0.08244305,-0.5014526,0.5889684,1.4532228,-0.46858713,-0.8401777,0.07032015,1.2941839,-0.9297006,-0.86859673,-0.8335463,-0.7310002,-1.2585489,1.2339145,-1.4579614,-0.6147678,-0.82813776,1.0458269,-1.0442035,-0.016385322,0.04096471,0.5850425,-1.3494153,-0.14647152,-0.42535627,0.5388269,-0.46479943,-0.8512958,0.7917948,-0.9229214,-1.1468614,0.24729703,0.57727194,-0.46038666,-1.0238639,-0.3923019,-1.5630698,-1.2497526,-0.32202858,-0.57453036,0.89555395,0.5669277,-0.009754318,0.1438012,0.52228445,-0.6571479,-1.6421232,-1.3192068,1.2138444,0.47857043,0.56916434,-0.014631046,-0.17774081,0.14168596,0.7493572,-0.10824625,-1.2901305,1.3324732,-0.5303661,0.12690197,-0.020234603,-0.73374015,0.7260288,-0.018883437,-0.44889587,-1.1347772,-1.5667036,-0.83140206,-0.28772366,-1.7340776,-0.40366188
0.14432961,0.34328258,-0.02716287,-2.1084137,-1.5990088,-0.51037747,0.18997927,0.16174932,2.0326695,-0.41822922,-0.45762014,1.3444253,-1.1119725,0.5051784,0.2690656,-0.510014,2.2855935,0.4755912,-0.7438826,-0.14926952,-1.7818345,0.25920036,0.22122543,-0.37545696,-0.6634009,-0.90487635,-0.287668,-0.24759632,2.4603462,-0.21906653,-0.15326066,-0.82158333,1.7026311,0.36059105,0.32457757,-0.011380178,-1.5768633,-0.60701483,-0.353876,2.5652962,0.4355234,-0.779027,1.3266943,-0.30734122,-0.61559826,0.7384935,-0.4888315,-0.5433096,0.1468297,-1.6323617,1.9601239,0.21266942,1.3998114,-2.5691793,0.9065643,1.1117549,0.39839,1.0128142,-0.11429013,-0.71428937,-0.8136944,-1.7920026,0.33635274,-0.7562929,0.2216151,-0.17383076,0.22571638,0.036377948,-2.562467,0.3567806,-0.7490092,-0.3483618,0.44459054,0.24955437,-0.07279052,-0.10890702,-0.5567977,-0.91963667,0.81656945,0.07852888,0.30705523,-0.599934,0.95352805,0.9118682,0.74526554,-0.72899497,-0.2521105,-0.57931226,0.9327617,0.040751364,0.7035854,-0.48708594,1.2881368,0.70353425,0.3514935,0.30694574,0.44133157,0.3410252,-0.36772746,0.20996402,-1.6473477,1.2201067,1.2096514,0.379014,0.1865907,1.8569626,-1.5432032,-0.33587497,-0.15855958,-0.85091966,0.8292504,1.2101042,1.0661997,0.13095307,-0.8554762,-0.040577035,-0.65935755,0.13535434,-0.28188425,0.8375906,-0.04585819,-0.5784343,-1.607299,0.016131438,1.2894055
-0.02799187,0.5359508,-0.677626,-0.20363715,0.13728672,-0.43492842,-0.5713161,-0.19401829,1.3081604,-0.4846703,-0.10562494,0.07204595,0.08469241,-1.0115542,-0.20677745,-0.06144779,-0.75227493,1.5929492,-0.53385806,0.36549777,-1.1313912,-0.07690259,0.058577478,-0.89630306,0.13449627,-0.65126574,-0.65419775,0.4815264,-0.60929585,0.35579994,-0.46470413,-0.042728696,0.7001857,-1.6947994,-0.39663473,-0.43126503,-0.39186558,0.44589192,-1.0922763,1.33927,0.4051748,-0.06623772,-0.057134803,-0.54790133,-0.20223205,0.8448342,0.5062996,1.0353545,-1.2420517,-0.3644735,-0.0357287,0.5881506,0.7692549,0.16312224,-0.46707597,1.5709373,-0.87224,-0.7827116,-0.52488744,-1.0489576,-0.21172312,0.908856,0.25495675,-1.1820351,-0.63935316,0.47043467,0.06285948,0.91751254,-0.8499547,-0.5290672,-0.46315962,0.48819578,-0.7047307,-0.9391345,-0.040851064,-0.61346054,1.0221107,0.41126207,0.98669744,-0.27643773,0.034513585,-1.188863,1.2541013,0.58570147,-0.07499573,-1.3000463,-0.7001415,-0.14254616,1.1536207,0.21702814,-1.1345385,0.076922216,-0.17433184,0.2926707,0.79760045,0.9586179,0.82084614,-0.20386252,-0.8777966,0.29544446,-0.25102735,-0.37330523,0.24962635,0.5068956,0.3005476,-0.044753183,-0.26512393,0.6276502,-0.3078894,0.1398533,-0.93044484,0.8408429,0.5128063,0.99763674,-0.6552552,-1.3276607,0.48868704,-0.6313206,0.10831763,-0.3137349,-0.088599585,0.4356349,-0.82762307,-1.0216383,0.7269827
-0.07279857,0.83235157,-1.2973633,-1.193179,-0.46847576,-0.3674719,-1.3327552,0.42439973,0.27950045,-1.6078027,-0.19329037,0.7057553,-0.073389605,-0.67548835,0.011988084,0.38138354,-0.31820506,0.021880176,-0.8605794,0.054192994,-1.7986479,-0.7151308,-0.59109217,1.0833119,-0.17205821,-1.0613357,-0.37211052,0.62308043,-0.5978503,-0.6515505,-0.9671786,0.008320455,2.0611048,-0.043534204,-0.62679005,-0.011603241,-0.38535216,-1.644589,0.4823529,1.1093558,-0.42405206,0.46094444,-0.7731046,-0.35146046,0.26847282,0.87167567,0.14348249,0.5285177,-0.5581445,-0.08839241,0.33951154,0.21035652,-0.7377809,-0.6907694,-0.62355566,1.0320809,0.74581784,0.3331673,-0.14859734,-2.1074967,-0.15758444,-0.55751795,-0.20207149,-0.89675754,0.023486663,-0.06919391,-1.035235,1.0237561,-0.9227261,-0.05764082,0.70388734,1.3859903,0.5873869,0.8124306,-0.9403137,0.533886,-1.2464343,0.89297724,-0.021868885,0.37246495,1.1196944,-1.3528287,1.3264616,0.010118827,-0.25538695,-0.9428862,0.56515366,0.9661351,-0.9158622,0.41516706,-0.17338769,-0.9984184,0.733439,0.4717675,1.6233839,-0.44746536,-0.078083545,0.20561057,-0.18109082,-0.10282949,-1.8625044,0.26358452,0.4862534,1.3215845,1.0168159,1.9625986,-0.10142815,0.032639734,0.7435654,1.7841645,-0.9669794,0.15632556,0.19172594,0.12817241,-0.723638,0.06780516,0.32334584,-1.2096597,-0.3920902,0.010671335,0.076972514,-0.39667618,-0.6945857,0.89437586,0.9125198
-1.0910828,0.1815146,-0.15244573,0.26445237,-0.45498762,0.3315064,0.18701304,0.09492469,0.44644699,0.60826546,-0.58663046,-0.2048945,0.55270505,-0.2740378,-0.17470013,-0.40206507,0.4970942,-0.38269985,0.20853479,-0.30699345,-0.4698436,-0.20816122,0.91668326,-0.95341295,0.22085667,0.092084385,-0.5895868,-0.32822654,0.7476515,0.15639238,0.036922615,0.59883183,0.27090597,0.5746203,-0.5255189,-0.01732382,-0.1786388,-0.24116103,0.31001285,-0.2804387,0.015238331,0.7922288,0.4101772,0.70639694,-0.43480572,-0.17144749,0.111287214,-0.037246883,-0.37265095,-0.76704234,1.5268848,-0.48015794,0.17068703,-0.6738096,-1.4490261,0.57851,0.17323937,-0.111848444,-0.41317067,-0.42798725,0.6402256,-0.108453214,0.3377884,-0.017096516,-0.8605841,0.5362627,-0.8006849,-0.21652797,-0.6842661,-0.10911603,0.048651654,0.37160876,-0.32822227,-0.57621276,0.46463868,-0.8491202,0.1824664,-1.1368005,0.03977364,-0.64343214,-0.87348175,-0.86618394,-0.23856503,0.69270235,0.287093,-1.5198659,-0.1297276,0.14432985,-0.13598947,0.015234918,0.12860683,0.38185728,0.4801759,0.025261732,0.59144676,0.7159791,-0.04589395,0.17746712,-0.7066156,0.5141331,-0.032896522,-0.86114293,-0.1745093,0.8331789,0.15365407,0.25638047,-0.11443264,0.08829476,-0.038818996,-0.2802943,0.7523034,0.586857,0.39385402,0.5518831,-0.62263227,0.018039532,-0.05950537,0.1130491,-0.42687953,-0.25504762,-0.6325925,-0.122465424,0.19237937,-0.4994062,0.7330409
-0.7995511,-0.8720373,-0.67691886,0.9397639,-0.047696948,0.25156954,-1.0097964,0.41007376,-0.39863044,0.90513295,0.67698234,0.9527251,-1.1304117,-0.19904022,0.41158578,-0.59135574,0.02375038,-0.60048866,0.3303841,0.07487973,-0.47064072,-0.6532892,0.6536875,-0.36741754,-0.031537954,-0.12399787,-0.5356202,0.23248516,0.15037157,-0.688928,-0.63736784,0.50905126,0.73472613,0.040303923,-1.1298703,-0.0028294176,-0.3768542,0.49960756,-0.33616564,0.44397137,-0.4448838,0.3832909,-0.10628193,-0.0949464,0.26092747,1.0326649,0.024094027,0.56038696,-0.6326178,-0.6093722,-0.49768808,-0.59143186,0.8595277,-0.032604925,0.36425853,0.7737408,-1.3027883,-0.46982214,-0.84774154,-0.042333707,0.98146755,-0.41004938,-0.6204328,-0.22243856,-0.6112339,-0.0065635093,-0.74399483,0.21529196,-0.4466567,0.08072346,0.42691362,-0.124128185,-1.910641,-0.105520174,-0.9875044,-1.0821443,-0.7486244,-1.1404871,0.6157754,0.48548168,-0.09651409,-0.40723792,1.1068771,0.0571197,0.88502836,-1.4656595,-0.3567828,-0.47947723,0.2949051,0.33475924,-0.8649196,0.56290865,0.20495752,-0.21792513,0.5292034,0.65847045,-0.45358348,0.44362855,-0.5027931,1.2482557,-0.035334934,-0.15386029,0.3113148,0.31994033,-0.13614802,0.5882973,0.5696022,-0.17012163,0.74272245,-0.5854801,-0.09147096,0.5552234,0.02190147,0.018357653,-0.45193395,0.44173887,0.39986134,0.24461164,-0.16007154,-0.09978541,0.21488366,0.14273648,-0.28612444,0.13541919,0.67872185
-0.17840606,-1.0264465,0.11511064,1.0711284,-0.99268997,0.09287815,-0.7761953,0.020093879,0.027293595,0.30055383,-0.4288541,0.8336011,-0.9330613,-0.5443378,0.23800617,-0.6996719,-0.1082728,-1.0902588,-0.6546972,0.49509388,-1.0622897,-0.74998546,0.3490742,-1.1102002,-1.0012746,0.3384727,-1.4507451,1.3547684,0.5309647,-0.14881204,-0.5264648,0.6057051,-0.22807002,0.57341117,0.27741447,-0.1649801,-0.24833958,0.4465601,-0.51310855,1.3118804,0.2480574,0.254043,0.24118957,-0.20039979,-1.1239051,0.5418132,0.48356813,0.31861204,0.21192034,-0.39647338,0.02524739,-0.17808485,-0.48896453,-0.13791297,-0.7706078,0.01721729,0.25908393,-0.37396994,0.23806264,-0.73956394,-0.043920394,0.06589339,-0.78723717,-0.23700516,-0.92623883,-0.074009486,-0.51561517,-0.14840105,-0.7926647,0.044328902,-0.594788,-0.1559587,-0.36767682,-0.4744376,0.14060211,-0.4274801,0.4579865,-1.155492,0.48307633,-0.48284477,-0.68328744,0.16149826,-0.044541273,-0.56952333,0.2285242,-0.33896402,-0.45318845,-0.7668589,-0.36846733,0.69467854,-0.65670425,0.2427893,0.086459585,-0.16655402,0.5224818,0.37972426,-0.10467507,0.4909592,0.375419,0.91009307,-0.5924068,-0.55109376,0.26532525,1.4271879,0.5944735,0.35803828,0.20359056,-0.33711976,0.31945014,-1.1267762,1.0695416,0.4167093,-1.2340219,0.46484035,-0.07011893,0.008973718,-0.9148643,0.17048272,-0.36400053,-0.34747893,-0.70570177,0.8883754,0.3451989,-0.3975549,-0.115904056
0.2901685,-0.22208765,-0.54197717,-0.77125347,-1.311104,-0.993582,0.02282125,-0.08069999,0.49447602,-1.4480757,-0.06618246,1.2800474,-0.97220147,-0.19024475,-0.29927292,-0.15522678,1.190785,-0.13012925,0.75770646,-0.71031255,-0.53864455,-0.41284513,-0.43200436,0.081369355,0.38103762,-1.2317202,0.733141,0.085230686,0.33841702,-0.32933015,0.07400529,-0.7575028,1.4237472,-0.24538213,-0.88815933,0.8823212,-0.66188836,-0.24289127,-0.3551875,1.1621119,-0.17413358,-0.40244842,-0.2524692,-0.06992622,-0.40930378,0.64710855,0.09436614,0.18493408,-0.062371925,-0.5432924,-0.46410915,0.18591203,-0.1420281,-0.5632253,0.8467772,0.38871455,-0.13109003,-0.2957693,0.2702048,0.13218358,-0.045927424,-1.4582882,0.16711852,-0.6463754,0.14671715,0.26951975,-0.21787883,0.54540414,-1.0643073,0.41216528,-0.37727267,-0.3651628,0.24690357,1.0620537,-0.82753265,0.11108622,-0.5601203,0.011994744,1.2614335,0.84128386,0.10205063,-0.56574,0.7967474,-0.32786584,-0.21225235,-0.22108808,0.18008941,0.10807318,0.27531904,0.33383027,0.15571426,-0.50633115,0.5115007,0.12714505,0.5748579,-0.9784296,1.0119034,1.5138999,-0.7067523,0.88340324,-0.6451449,0.6829983,0.19783105,0.41150042,0.2001082,0.02205642,-0.7405568,-0.25783384,0.33342525,-0.030677963,0.11690658,0.22081423,-0.30778238,-0.92350954,-0.60586435,0.3088941,-0.003994371,0.3197013,0.418483,1.3884994,-0.6837651,0.42278233,-0.9929728,0.75923723,0.6755848
0.659118,0.67542756,-0.09033851,-0.2358438,-0.5906593,-0.43483216,0.3103252,-0.011403274,0.37707347,-1.0135353,0.1728237,-0.11281998,0.08672865,-0.21062379,-1.0605645,-0.26221982,-0.1920293,0.48304817,-0.5106273,-0.3733639,-0.1807225,-0.46196288,-0.63429314,-0.02811732,0.016221028,-0.3823186,0.9382114,0.48623374,-0.09698925,0.068726815,0.012948882,-0.63529146,0.88815486,-0.72018856,-0.45758086,0.5487872,0.27920946,-0.00810477,-0.4408796,0.5039975,0.33946276,0.29121143,-0.10495306,-0.5033654,-0.07271649,-0.2820442,-0.44054562,0.19860785,-1.2277856,-0.03226157,0.95245403,-0.15986174,0.24693622,-0.9517576,1.1584783,0.15515676,0.032439113,0.6717534,-0.5379801,0.063494354,0.8011358,-1.1541636,-0.29369426,0.15118447,-0.3272428,0.10668308,-0.07322027,0.31228933,-0.35493413,0.100482665,0.049736425,-0.14167488,-0.7054759,0.5549742,-0.5812821,0.21138276,-0.6060919,0.20805353,-0.17951073,0.36739606,0.23079228,-0.7990928,0.9720636,-0.045537442,-0.018532202,-0.43843842,0.3341592,0.2256116,-0.24388282,-0.960768,-0.6969712,-0.44516814,-0.47036415,0.27021265,0.16793813,-0.4094955,0.1506261,0.2558818,-0.09552895,0.852744,-1.3589529,0.27271894,-0.6048146,0.3529946,0.21153952,-0.32849166,0.04643778,-0.34556836,-0.942728,0.28149736,-1.0059472,0.3033552,-0.10779178,-0.32524306,-0.28467745,-0.49701723,0.9388272,-0.07131876,0.2301935,0.65974474,0.017082997,0.014775061,-0.09733283,0.42443952,1.3731711
-0.15032956,0.8621226,0.80622584,-0.9076015,-1.4770514,-1.6226875,0.98439336,-0.94223636,1.6921139,0.021895973,-1.033936,-0.29033172,-0.15003641,-0.7668128,-0.7627368,0.46965238,0.8677963,0.3911152,-0.20789321,1.1793213,-1.8865062,0.5220327,-0.18337451,-0.8882258,-1.3343551,-0.90749,-1.2598749,1.057005,0.40015924,0.412863,-0.2469967,0.02747803,-0.64086664,0.42398834,-0.08295329,0.025360148,-0.51558155,-1.2612312,-0.08591276,0.99185777,-0.29180834,0.7068788,0.50133586,0.60190463,-1.4076197,-0.71855885,0.26532966,0.4880264,0.308377,-1.57238,2.0815103,0.6607129,0.7363567,-1.3562477,-0.45163432,0.22167668,0.36753485,-0.40566093,-0.5819955,-0.7472684,0.16628478,-0.8522384,1.3063188,-0.8571485,0.42319706,0.079846986,-0.86214674,-0.066539064,-2.0849388,1.029004,-0.443856,0.06874349,0.67969644,-0.22026813,-0.049705207,-1.5253251,0.84450716,-0.8752152,0.27233747,0.4046608,0.70733863,-0.079234354,0.10507733,1.6515614,0.24590509,-0.11552382,0.53350025,1.1136028,-0.010506778,-0.3418328,0.44297716,0.013644471,-0.21500562,-0.034844164,0.19699022,-0.31241703,0.4333316,-0.070413746,-1.2002337,-0.67146415,-0.81548876,-0.67329586,0.8687192,-0.051205073,0.11939518,-0.1700662,-0.5092107,0.675748,0.28448167,0.5539814,-0.21161847,-0.25833392,0.8474574,0.085132964,-0.59997684,-1.0587078,-0.92315996,0.47940138,-0.5445006,1.3891912,-0.6096023,0.090574235,0.40584123,-0.21439765,1.203484
1.0222275,-0.09606778,0.022502152,-0.5844005,-0.82667947,-1.4615332,-0.45522708,-0.3841255,0.83852994,-0.4810287,-1.4606223,0.20542267,-0.08512034,-0.64421695,-1.3121817,0.40994158,0.12723319,-0.17336096,-0.61064535,-0.54765594,-0.12641603,-0.80924654,-0.7096763,0.34573522,-0.6375935,-1.6744237,-0.38919705,1.2079451,0.28024137,-0.25980353,-1.0605384,0.71232396,0.9441608,0.8395596,0.124570236,0.43555763,-0.45218962,-0.5464885,-0.5136452,1.6059583,0.14451994,-0.24065457,0.4554598,-0.29881108,0.3538848,0.24484356,0.811711,-0.5761675,0.08342119,-0.8531285,-0.2522618,0.8891056,-0.24335715,-1.1355264,-0.15454318,0.30427366,0.07643013,-0.014979934,-0.34134835,-1.1982487,-0.8023631,-1.0307322,-0.45243716,-0.34564418,-0.1739511,-0.05720396,-0.0852982,0.7258741,-0.30638206,-0.01859924,0.22123408,0.49523053,0.8572431,1.1342338,0.634165,-0.21328157,-0.3582488,0.45895958,0.33871347,-0.2229042,0.11982752,-0.6230383,0.8688224,0.08910349,-0.8607845,0.40652788,0.6984373,-0.32649076,-0.7523596,0.52663106,-0.6887869,-0.8522863,0.3230974,0.2920487,1.4001765,-0.77995867,-0.07835689,0.5664305,-0.7407142,0.4431383,-1.2127516,0.7681562,1.6859585,0.9130352,1.6434286,0.27924603,-0.2576218,-0.88722146,-0.11549873,0.7408679,-0.59880364,0.32158732,0.2565682,-0.2937563,-1.4919527,-0.5008331,-0.59310526,-0.4723195,-0.2812626,0.71243143,-0.3883192,0.14914699,-0.25738242,-0.33576295,1.0865588
0.102172025,0.11771866,-0.7453054,-0.16358961,-0.63255376,-0.91792214,0.22690628,1.131673,0.82334816,0.15657546,-0.8304778,0.5890427,0.087845415,-0.3515865,-0.026431793,-0.23916121,-0.010663153,1.2280377,-0.4725222,-0.5111142,-0.38483173,0.43568513,-0.04204459,-0.7665301,0.6955956,-1.4896345,0.052709904,0.46990016,-0.3708904,0.39316207,-1.3761486,0.53724426,0.527365,-1.5025448,0.0137368,-0.6541578,-0.7217231,-0.7019689,-0.5624223,0.7628478,0.88402396,-0.27065212,1.2533556,0.5211979,-0.24849108,0.41936547,0.4370644,0.055110656,-0.30097374,-1.3829709,0.04324842,-0.5894869,-0.34212232,-0.92219895,-0.58414346,-0.059086252,-1.0604366,-0.47689793,0.10879054,-1.0128974,-0.58892345,-0.16343474,-0.4141946,-0.7376688,0.043742355,0.44347045,-0.30181712,0.49767065,-0.051984243,-1.2373375,-0.46575314,0.8880525,0.3646527,-0.08787206,-0.09247264,0.4310966,-0.25541502,-0.69033986,1.6494609,-0.0039036972,-0.22214845,-0.93366534,1.4157081,0.103431515,-0.7016778,-0.6265762,-0.10963513,0.3484112,-0.45935205,-0.70079666,-0.31445873,-0.43066084,-0.35533893,-0.54208153,0.016377613,0.9150388,0.45953298,-0.24773471,-0.39034593,0.87440807,-0.12595828,-0.24180496,0.6597621,0.5968051,0.28176454,0.15746838,-0.39385802,-0.21391135,0.29253265,0.6430009,-0.692197,0.020032814,-0.20539808,0.119181596,-1.5942098,-0.8270965,0.043736894,0.014133489,0.56529045,0.5604307,-0.5989074,0.29913962,-1.0181742,-0.4251555,0.40383917
0.48534685,0.83785176,0.10923467,-0.25841376,-1.0153471,-0.39377582,-0.10505496,-0.28157577,0.8482107,-1.2184199,1.1548737,-0.023539077,0.49400374,-0.9970871,-0.77315015,-0.18424301,-0.5244076,0.22335172,-0.4825502,0.11483265,-1.2878839,0.13832042,0.4705059,-0.40304938,-0.70677656,-0.6827642,-0.7256635,0.82199335,-0.118200585,0.5109821,-0.26064408,-0.6379595,1.8444103,-0.8785624,-1.1944625,-0.33538637,-1.3461517,-0.45348775,-0.6568694,1.427684,0.41116664,0.106220596,0.36293092,-0.7114296,-0.040581733,0.6960485,-0.34887445,1.6854608,-0.9889152,-0.44523934,0.39874443,0.11482786,-0.55355155,-0.47938922,-0.37974554,1.5783832,-0.49029332,0.3649662,-1.1719892,-0.5595384,0.4099729,0.21620569,-0.2849455,-1.3274697,-0.17080179,0.30903828,-0.47065407,0.5709307,-1.8027738,0.33494374,-0.74895513,0.3272789,-1.0585783,-0.19572,-0.1918368,-1.3811183,0.3082091,-0.97999483,0.39645624,0.11232271,-0.51965386,-1.2545393,1.3423176,-0.30149165,1.3724346,-1.5322433,-1.2676158,0.17703417,1.3957156,0.12709478,-0.7048799,-0.63558644,0.25571427,0.2932531,1.3073354,0.26092082,0.67582333,0.27699128,0.1263122,0.83049846,-1.5326113,-0.12495416,0.35859,1.1281737,-0.11889679,0.45476678,0.06020341,1.4084808,0.3546674,-0.20857093,0.16218165,0.4683616,-0.0246771,-0.19326831,0.05678625,-1.3341773,0.028467484,0.30648953,-0.6452832,0.35254845,-0.42179117,-0.5317236,-0.6945001,0.106818855,0.5586346
-0.04015513,-0.7514195,-0.52171785,-0.6693298,0.0024104738,0.16814268,0.022015538,-0.4546372,0.24899678,0.3930271,-0.6354637,0.517527,-0.7655151,1.1365612,-0.59780806,-0.6669703,-0.16491044,-0.7736466,-0.22616796,0.042340618,-0.55089194,-0.66127944,-1.085114,0.19869412,-0.4852328,0.06829423,-0.33780938,0.6147588,0.51315904,-0.414502,-0.49026874,0.23218407,0.54929775,1.1581682,0.69983166,-0.10501218,-0.0070553543,0.5156046,-0.937642,0.8604811,-0.66661876,0.568288,-0.29402873,-0.0027294396,0.18889242,0.595502,-0.27414522,0.1554718,-0.29212728,-0.6960105,0.80878323,0.7803016,-0.71487176,-0.5388263,-0.6971872,0.25839725,0.39985248,-0.00035315444,-0.7984277,-1.4448074,0.27805898,-0.8413192,0.09934325,0.044188585,0.098525696,-0.387337,-0.038324267,0.44301096,-0.61315244,-0.20776348,0.17216496,0.021228774,-0.14882575,0.27000666,0.6455999,-0.122127436,0.32714868,-0.5707803,1.0203394,-0.28267425,-0.19897681,0.5855127,-0.3597424,-0.042045876,-0.27853516,0.21179199,0.053612165,-0.19585332,-0.11615975,1.035162,-0.40523034,-0.95046675,0.68523395,-0.18474919,0.6545411,0.06496591,0.50533515,-0.25120777,0.26792175,0.18910179,-0.85311973,0.98002106,0.51707023,0.36138442,1.1315202,-0.28586668,-0.131088,0.15686469,0.05005888,-0.38459003,0.13708931,0.79184145,-0.5003442,0.37194744,-1.3686198,0.22564888,0.24469954,0.36537102,-0.7696241,0.4738111,0.3368824,-0.16546588,-0.44328147,0.5274501,-0.5128342
-0.3670951,-0.08759004,-0.6466715,-0.7151779,-0.44084492,0.91902095,-0.047891244,1.2880831,1.1612456,0.5763731,-0.51412857,0.27080065,-1.2249104,-0.119068675,0.87297636,-0.62467927,-0.18658593,1.0008476,0.18552902,0.48520917,-1.5997686,0.34586018,-0.39617643,-0.5679156,-0.91657925,0.2097023,-0.6296024,0.8606426,-0.22621886,-0.8374669,-0.34610865,0.14406541,0.25341183,-0.28487563,-0.06860186,-0.89049983,-0.38882384,0.74373436,-0.42090496,0.0015503549,-0.2959787,0.03125776,-0.753182,0.008637546,-0.64785576,0.30946296,0.5444461,0.17539752,-0.2306056,0.015751624,-0.3259744,0.34900713,-0.46072274,0.6678536,0.3542975,0.417139,-0.27713954,0.38329664,0.33676153,-1.1073837,-0.8128563,-0.84848166,-0.2687809,-0.39218643,0.23701172,-0.060237292,0.871031,-0.04826213,-0.6866264,-0.023353515,0.523961,0.46472093,-0.61704624,-0.18183944,-0.84313446,0.18791781,0.06911815,-0.32369187,0.5477613,0.04189158,-0.5592722,0.28027752,1.1429322,-0.38865194,0.21719356,-0.24340495,-0.29011047,0.645334,0.52798134,0.59097284,-0.16315687,0.25833446,-0.3487797,0.3369688,-0.0736916,0.39165214,1.2240057,-0.17996621,-0.3268221,-0.36273953,0.32969773,-0.18260255,-0.15825956,0.46097848,0.20294619,0.39152488,-0.096481234,0.85315365,-0.3415056,-1.3523338,-0.4550396,0.49332377,-0.6148366,-0.6269474,0.3010792,0.008552065,0.3803698,-0.1190861,1.0535223,-0.17233604,0.35994482,-0.3508002,-0.82540005,0.42369056,0.28470036
0.4944518,-0.115445025,0.11407263,0.43031406,-0.14835729,-0.018649863,-0.75707495,0.40725216,0.19649585,-0.5916281,-0.52436024,0.5936839,0.40088534,-0.2706628,-0.11202635,-0.24852511,0.360665,0.18447238,-0.5487242,0.65624386,-1.6667364,0.082230724,0.34280264,0.11226327,0.09581289,-0.1495924,0.11169018,1.3132591,0.33454016,-0.73151976,-0.8320701,-0.01855717,0.04053656,-0.110992014,-0.07822507,-0.6397161,-0.64788884,-0.31636104,0.4595813,0.5474318,0.49758455,-0.9176759,-0.2627208,-0.71451795,-0.63690096,0.30017284,0.09854682,-0.5574687,-0.28762954,-0.620249,0.031738076,-0.4475539,-0.24847895,0.0117447395,-0.270567,-0.54904467,0.25285402,0.25468537,0.20467356,-0.7967253,-0.43698034,0.049044576,0.15965013,-0.89063215,-0.9001864,0.20930259,-0.58816665,0.67527854,-0.71691036,-0.32054815,-0.9489883,0.53111774,-0.33642212,0.20715567,0.28156543,-0.10836065,-0.10939278,-0.29353663,-0.10613858,0.021335732,0.15616408,-0.3573371,-0.080152296,0.18779418,0.17508191,-0.087289825,-0.02751018,0.6611802,-0.32471517,0.13866001,-0.3372915,0.24021585,-0.006357734,0.45233715,0.019492151,-0.3914492,-0.5303817,0.027486416,-0.22872058,0.52606314,-0.74018437,-0.681468,0.38818917,0.4947519,0.069057256,-0.0053113946,-0.87190944,0.31630138,-0.03734352,-0.76829827,-0.4763748,-0.22600645,-0.19870955,1.3663754,0.03179748,-0.3932394,-0.8014221,0.2253446,0.09581515,-0.11600722,-0.862035,-0.067472555,0.44299206,-0.7252977,0.03666147
0.19727334,0.16866028,0.12912175,0.13312282,-0.4536768,0.32036954,-0.9044786,0.75164205,0.17138276,-0.31950283,-0.84319764,0.9557465,1.4013075,0.24481416,-0.17209102,0.06568901,1.3346149,0.04691844,0.56323314,0.5219732,-0.80413896,-0.26961613,-0.2668321,-0.5959663,1.1077821,-0.59147155,0.75126195,0.5977744,0.016121868,-0.7720815,-1.2181233,0.8515392,-0.12220618,0.25308317,-0.031860344,0.2865502,-1.055513,-0.43144867,-0.073750705,0.1604913,0.66517174,0.36247692,0.3727518,-0.99049497,-0.047191642,-0.07504109,0.19009903,0.4662239,-0.42488432,-0.6536522,1.2012299,-0.7929527,0.5712471,-1.0771573,-0.989465,0.16992295,-0.63271695,-1.339494,0.24287376,-0.8587696,-0.17139122,-0.14771926,0.83722043,0.03863011,0.3678473,0.7034471,-0.6200785,-0.45385855,0.27029714,0.17467606,0.05919918,-0.0798632,0.6555917,0.45619917,0.3426674,-0.03820788,0.21662822,0.16129589,1.2603892,-0.15644322,0.87956387,-1.27244,-0.6129299,1.1946067,0.16793995,-0.9042614,0.7354659,-0.37653354,-0.73247,-0.88999265,0.0014940561,-0.29514083,0.07909242,-0.30775073,0.4113537,-0.49326572,-1.1364788,-0.47843498,-0.49129158,0.3290451,-0.4431283,-1.0873042,0.06742664,0.08068774,0.4229083,0.057911523,-0.2738428,-0.16501762,-0.24221072,0.73116875,-0.26417577,-0.41419318,0.9815232,0.5774659,-0.63947743,-0.9147407,0.08279616,1.2073214,-0.10981085,0.49773982,0.37282103,0.23144497,0.25468785,0.4070878,-0.21134758
-0.22161067,0.34751737,-0.42223042,-1.0137224,0.18613051,0.75276446,0.038639523,0.75187534,0.22459073,0.20148674,0.109249055,0.33040497,0.7428139,0.53886956,0.4075592,-0.20615691,-0.16672198,-0.3280821,0.3141817,-0.23498753,-0.68326527,-0.026421692,-0.65707463,-0.07216296,0.48847306,0.43465215,1.061706,-0.2860679,1.4812083,-0.6184488,-0.6829638,-0.60960704,0.7715032,0.24033779,0.36153144,0.20629317,-0.6392046,-0.68605274,-0.09522044,0.095889956,-0.20673095,0.63181573,-0.3584387,-0.1915799,-0.7456821,0.30422473,0.6567149,0.22047572,-0.6585918,-0.19604126,1.7089285,0.21087702,-0.80835146,-0.24358611,-0.24579087,-0.05181712,0.34206316,0.30565348,-0.3139838,-0.64355946,0.67789614,-1.1511883,-0.24989474,-0.6586439,-0.16394074,0.9658597,-0.20179696,0.022551527,-0.31539285,0.35015658,0.22085755,-0.28842288,-0.7053041,1.2060156,0.24296112,0.5511638,-0.00051390275,-0.7026931,-0.22455466,-0.3578652,-0.07693191,-0.822416,1.0795056,-0.23746166,0.52169055,-0.7560257,0.0025943175,0.8472228,0.75424653,0.24049658,0.7118966,-0.833761,0.6308389,0.8613339,0.68960357,0.40883508,0.4205909,-0.08949215,0.63603264,0.07718245,-0.48771855,-0.005396437,-0.94805986,0.6179986,-0.14391176,0.6784083,0.09013314,-0.0705528,-0.07638664,-0.15143405,-0.19701257,0.43396184,-0.5299882,-0.29168501,-0.7494672,0.1642468,0.9987601,0.43154535,-0.0862714,0.38113397,0.770965,-0.7037278,-0.2935988,0.79270065,0.3276691
-0.15331614,0.65714055,0.4330228,-0.25887275,0.15258984,0.5776798,0.5405384,0.6412181,0.5209313,-0.18737009,0.29175606,-0.35915682,-0.9715846,0.64274204,-0.9201207,0.2738339,0.26828155,-0.25105503,0.6425449,-0.66383743,-0.290113,-0.12827279,0.76100457,-0.5451333,0.6502889,0.28453755,0.90415347,0.40905535,0.36992392,-0.4077635,0.12724024,-0.6526501,1.1381086,0.45230412,-1.0661318,0.5951971,-0.7536711,0.93827236,-0.55752283,0.03985308,0.57150304,0.90704685,-0.032972638,0.09118105,-0.14686088,0.30298954,-0.37725624,0.5913543,-1.9358553,0.020112896,1.0357585,0.14469239,0.49449545,0.01581861,0.9034352,0.1257337,-0.5155548,1.737679,-0.8383924,0.4137805,0.28491414,-1.3471849,-0.56925154,0.087286666,-1.0684426,0.019231472,-0.1880389,-0.19041204,-1.5444839,0.2742543,-0.6457149,-0.21397147,-0.9334672,0.33386794,0.7348565,0.69342923,-0.23493661,0.43682382,0.22240244,-0.045350794,-0.3764207,-0.3688622,0.6319366,0.30116516,-0.17616792,-0.31036192,0.737725,0.28664157,0.1051443,0.11358916,-0.6819601,-0.08686257,0.04179799,0.5577976,-0.117565714,-0.24038893,0.30840334,-0.3232118,1.4464815,-0.031152323,-0.25695047,0.118146144,-0.011925958,-0.2900151,1.2254592,-0.26429975,0.17847249,0.102587,-0.56798023,-0.21372752,-0.0923306,0.90819573,0.31568095,-0.25771788,-1.297901,-0.6973357,0.79436946,-0.20873001,0.40170348,0.31114563,0.06916509,-0.21008788,-1.1135105,0.89114004,0.985982
-0.3957414,0.7050486,-0.13125977,0.027541516,0.25347006,0.5481697,0.15936351,0.3078118,0.3420841,-1.2262269,0.16996385,-0.27548528,0.35009706,0.40444654,-0.18494843,0.38819188,-0.18854822,0.6461622,0.61231655,-0.07208516,-0.99459714,0.31295255,-0.6423135,-0.19349068,0.37413102,-0.33001098,1.0316036,0.39953697,-1.4725187,-0.35040352,-0.8275862,-0.77885395,1.3164384,-0.12922198,-0.0015632436,0.4687375,0.3143173,-1.1226727,-0.3874106,-0.4250701,-0.051510524,0.64124465,-0.16041172,-0.84586877,0.50634784,-0.2374556,-0.14216211,1.0205275,-0.3548086,0.1988521,0.8381494,0.824356,-0.68879205,0.70632046,0.24559468,1.338056,-0.109962456,0.13839032,0.14834543,-1.4449458,-0.5540577,-0.6287275,0.83404297,0.433443,1.1352909,-0.41705763,0.16404955,0.61802083,-0.11636596,0.13868287,0.3669193,1.3595998,0.042366963,1.042845,-0.6010125,0.728265,-0.10052458,0.77398676,0.051574957,0.59753364,0.20565167,-0.55813634,0.7195647,-0.18556504,-0.7043406,0.10887365,-0.095623866,1.489647,-0.5832307,-0.6537985,0.04380077,-0.8012286,-0.9975795,0.18807477,-0.2652667,-0.8489915,0.38784066,-0.43833545,0.62086827,-0.67300653,-1.1744859,-0.14105071,-0.28982875,-0.5062937,0.9867089,0.19785498,-0.49060768,0.93844503,0.37877044,1.1522375,-1.4933702,-0.0989317,-0.08390657,0.023004726,-0.8958932,-0.36391786,0.6691588,0.60420775,1.2241802,0.589527,0.6503874,-0.594238,-0.03241822,0.8473689,0.251786
-0.44661534,-0.1660951,-0.7564355,0.59414005,-0.48382753,-1.1460963,-0.8016913,-0.07892784,1.1837472,0.0006551335,-1.6056255,-0.22503729,0.6257249,-0.507065,-1.0960824,-0.84536517,0.53918666,1.0638843,-0.5408959,0.29029146,-0.9935567,-0.39300486,0.38863963,-1.4880258,0.4782779,-1.4903475,-1.0609615,1.6489348,-0.7512315,0.08616647,-0.3204038,1.7796496,1.0509919,-0.4094454,-1.1081258,-1.0349884,-0.26962218,0.20673504,0.20312098,1.153223,0.8021507,-0.33953047,0.61511445,0.35025182,-1.1955247,0.26291373,-0.064609595,0.07727269,-0.63034284,-0.7273435,0.21978274,-0.4854438,-0.68529963,-1.0450662,-0.9001337,-0.041378774,-0.70127535,0.08589821,0.048890248,-0.8905732,0.412506,0.89949656,0.06741342,-0.17447533,-0.14374715,0.8151391,-0.25085983,0.71254367,-0.40733948,-1.8378651,-0.20032538,1.7746286,0.49578065,-0.7134172,-0.45199332,-0.582001,-0.011117576,-0.6329809,0.91752094,0.35787168,-0.29537597,-1.7036781,0.07137193,0.2779988,-0.9706092,-0.9909447,0.5858722,0.13210437,-0.6493087,0.3581147,-0.4255388,0.26854286,-1.1868811,-0.42142892,0.76371175,0.7893648,-0.087986134,0.495,-1.3624598,1.1510111,0.06430415,-0.8679018,0.2682044,1.1558018,0.8666386,-0.47507605,-0.032162055,0.43564814,-0.19563039,-0.16081388,0.16826774,0.19745898,0.03788339,0.78574675,-1.1882622,-0.038445745,0.87868524,-0.14209943,-0.78047127,0.39728007,-1.8662472,0.8790965,-0.1893793,-0.5514825,-0.30752116
0.053028096,0.07580129,-0.122731194,0.3063339,0.15046455,-0.051517233,-0.09454619,-0.0197466,0.12812732,-0.12209299,-0.8111016,0.8930927,-0.82647926,-0.27771163,0.14360246,-0.20581679,0.00592334,0.201478,-0.4959879,-0.38343093,-0.9922427,-0.35414118,-0.29416397,0.36376256,-0.7161518,-0.15525562,0.43970236,-0.5024018,0.28450397,0.26362473,-0.29950055,0.29448602,0.9782527,-0.13394651,0.34457546,0.18351151,1.0163666,0.23176971,-1.502172,1.275034,-0.017321939,-0.03420167,0.8515733,-0.3893074,0.6037608,1.5046088,-0.16393209,0.17468049,-0.2450092,-0.021909995,0.072247624,0.5986105,-0.31172013,-0.37142605,0.9309531,0.89245415,-0.28543836,-0.10655751,-0.14517234,-1.5242606,-0.7653791,-0.53819937,-0.1302129,0.5133833,0.05447892,-0.64780515,0.4186817,0.711779,-0.51608855,-0.4101101,0.7454822,0.70105636,-0.03232331,-0.34026116,0.48576772,-0.30873525,-0.26082554,0.017382037,0.65979373,-0.039422255,-0.26734528,-0.24154635,1.3317633,-0.88827455,-1.2574703,0.6954247,-0.47212455,-0.37615168,-0.5535049,0.88770187,-0.84629065,-1.189925,0.04728756,0.3946905,0.095529616,0.67478323,0.075928494,0.1678663,-0.04001815,0.21573098,-0.60803986,0.7075434,0.25947192,0.15713672,1.2866625,0.04616712,-0.3592797,-0.42710996,-0.43161795,-0.36588368,-0.7179212,1.4998511,-0.29954374,0.50979245,-0.73181075,0.1780206,-0.8562849,-0.5186136,-0.3760814,-0.16956396,0.40177017,-0.4534071,-0.1535834,-0.9995435,0.23316522
-0.32882378,0.1665927,0.65579253,-0.4314901,-1.0074527,-0.73593986,-0.7221867,-0.6571632,0.32854313,-0.7725911,-0.17909056,0.7664577,0.48648098,0.4867565,-0.7058857,0.19008757,1.2016871,0.0176196,0.27973625,0.6290181,-1.1732179,0.1325626,0.23996362,-0.39136836,-1.0898829,0.3674864,-0.3051541,0.7829118,0.35083565,-0.3420246,0.76889557,0.056583162,1.069841,0.16544858,-0.4444562,0.43996352,0.018511033,0.3689184,-0.9565671,0.42912024,-0.19123456,-0.7288593,-1.0155457,0.14065759,-0.38969707,0.16935417,0.21516825,1.0137815,-0.749495,0.07817192,1.2971721,-0.086905345,0.7064428,-0.1722062,0.31043115,0.5429654,0.6889046,-0.25378227,-0.49786803,-0.19580589,0.16763115,-0.7691187,0.83127403,-0.7394794,-0.5972571,0.2270713,-0.94108903,-0.15836444,-1.1673367,0.7976235,-0.72779775,-0.16567636,-0.6146749,0.073041245,-0.59718424,-0.8300684,0.59871185,-0.16613074,-0.22199959,0.3849333,0.34148008,-0.68490064,-0.22511472,0.29990864,1.4957846,-0.579527,0.53972,0.0067162225,0.7147663,-0.27946946,-0.21546692,-0.007205829,-0.21788917,0.5019905,0.96478707,-0.41904986,0.36785072,0.8516623,-0.5280212,0.076685235,-0.85126305,0.044323284,-0.12318804,0.05743578,0.3487749,0.2475665,-0.9982163,-0.16192506,-0.25095293,0.047778416,-0.14566857,0.32987916,0.5129189,-0.116110235,0.30010393,-0.14604683,-0.4181808,0.21421431,0.1561219,0.6410319,-0.7069828,0.03192508,-0.25707078,0.6027778,1.1761811
-0.56701076,1.0224699,-0.35423854,0.053162422,0.63947284,-0.4185382,-0.1889558,0.56135815,1.0658243,0.39586672,-0.9548826,-0.07649136,0.10826693,0.8299402,-0.03121568,0.5961435,0.52723795,-0.018512025,-0.20888911,-0.23787314,0.70383674,0.35444233,-0.3425072,0.6230917,-0.6212056,-0.05026674,0.6724529,0.82812196,0.19208565,0.56566,-0.31519026,0.17954126,0.35140878,-0.03677411,0.11905765,0.06573037,0.36709678,-0.028873378,-0.7810166,0.4780873,0.21659106,0.13903819,-0.22545357,0.4239095,-0.09508421,1.2730027,0.47376144,-0.12278707,-0.15013072,-0.1373228,0.5328651,0.15321818,-0.6413232,0.796632,1.5393546,0.7892045,-0.1854184,1.0407099,-1.0105919,-1.0133922,0.09481499,-1.1987567,-0.12501428,-0.17664047,0.086448595,0.50094795,-0.12090816,0.40930492,0.48365164,-0.7439254,-0.099357344,0.8915301,-0.3940569,0.50297236,0.9952702,0.19451523,0.575384,0.18608852,-0.19240038,-0.073740825,-0.79692423,-0.7608348,1.4782944,-0.17145975,-1.0912485,0.16091941,-0.18933995,0.35424858,-0.5608232,0.6361139,-0.34595072,-0.52513725,-1.3572907,0.6813509,0.2058606,-0.23742144,-0.084394194,0.17588957,0.16701727,-0.16743404,0.714822,0.20998596,0.25148395,-0.11349574,0.9530454,-0.6988296,0.7832299,0.13702674,-1.6401324,0.00077307696,-0.5092329,-0.1136174,0.4985269,0.3337028,-1.6160386,-0.33276877,-0.71186674,-0.3842744,-0.061201777,0.100048356,0.23660685,-0.13092414,-0.025244119,0.08304828,-0.09960204
0.4438911,0.69170845,0.25269675,-1.0070783,-0.1901462,-1.1998421,-0.16399051,-1.0621278,0.063424826,-0.6192098,-0.7117388,0.5713758,0.094321616,1.1548753,-0.4186126,0.15495795,0.6130554,0.61823505,-0.57810396,-0.7951897,-0.19542266,-0.5450475,-0.44390988,0.5121814,-0.021648694,-0.83392835,-0.12483347,-0.27086756,1.1906691,-0.35155186,-0.5399022,-0.30936918,1.4083948,-0.16367045,0.20841037,0.36485234,0.1554989,-0.03358242,-1.7176024,1.9030946,-0.27427933,-0.42363074,-0.071931735,-0.18771328,0.006878366,-0.108643346,-0.50394636,-0.37918043,0.5058909,-1.1710899,1.5190635,0.7791504,1.2434275,-1.4264717,0.5060529,0.5086606,0.3284488,-0.2012302,-0.04274948,-0.770279,-0.3836597,-1.2774572,1.3519112,-0.22677194,0.033857495,0.28673437,-0.58120507,1.2712672,-0.49086124,1.085994,-0.048265576,-1.3213139,0.63219196,0.38650498,0.6561815,-1.1344802,0.09951745,0.36064264,0.51767397,0.520962,0.0481608,-0.1972705,-0.020465815,1.1554239,0.21514966,0.10543928,0.27248466,-0.44142726,0.341609,-0.024266368,-0.5669112,-0.7742639,-0.15979587,0.66036785,-0.2872971,-0.59879583,0.23329015,0.96918976,-0.65157944,-0.03862631,-1.2386794,1.1608723,1.2898179,-0.77166474,0.31649742,-0.0003611705,-0.9448469,0.40398642,-0.36652505,0.42485055,-0.4839984,0.59721047,0.6284213,0.16187915,-1.4177526,0.36047816,-1.094144,-0.19962312,-0.41306224,0.84397256,-0.18082806,-1.1102502,0.63938636,0.00043652125,1.0853549
0.660733,0.49426243,0.38562283,-0.5212308,-0.9600787,-0.7485529,0.29711983,-1.8506228,0.66144735,0.07012303,-1.8292317,0.08353239,-0.9653,-0.27196062,-0.31853497,-0.69433457,-1.009464,0.5448844,-0.82477295,-0.7372451,-1.2827321,0.6533399,-0.24767184,0.15729678,-0.024764622,-1.0804722,-1.0962609,0.48608217,-0.5332354,0.11142427,-0.2882984,0.08082604,1.0373074,-0.17874,0.59205145,0.019084405,-0.2528658,-0.8012846,-0.9007203,1.3616161,-0.1416053,-0.051716823,0.67089754,0.5429956,-0.7036724,0.3308055,0.46519673,0.46773264,-0.5422396,-0.9797762,0.7610358,0.23184659,0.025562946,-0.38112307,-0.98137766,0.8962721,0.19945316,0.37397426,-0.5549937,-0.60433394,-0.57551056,0.46638438,0.7169219,-0.62905145,0.48570943,0.2472643,-0.7338578,1.0819482,-1.4431387,0.12114071,-0.20787595,1.3621789,0.52679527,-0.22123145,0.31814423,-0.6718361,0.40089142,-0.60448337,0.7316087,-0.8760689,-0.5751109,-0.14324267,0.96303207,-1.0671347,-1.3100941,0.67756534,-0.5417527,0.20235282,0.30268693,0.3513176,0.22298643,-0.77753216,0.49949646,-0.21422653,0.066041715,0.64344025,0.2710732,0.36923182,0.1782812,0.0010819377,-0.77573425,0.53436285,1.1828018,0.961407,0.87095815,0.4517872,-0.93647975,0.6635505,0.59685785,0.4901063,-1.0894278,0.46971938,-0.16514605,0.7739386,-0.8216932,-0.8182071,-1.6411093,-1.0012089,-0.1486067,-0.2267903,-0.27898896,-0.92597634,0.13655399,-0.9826812,0.87256175
0.4579278,0.3569326,-0.010002102,-0.58565557,-0.9320324,-1.3764797,0.35515144,-0.49179772,0.7650153,-0.07161865,-1.0334519,0.4211032,-0.43266213,0.02696641,-0.94646907,-0.4127584,0.6778456,0.4271074,-0.78448296,-0.9319679,-0.7441445,0.28432262,0.5553218,-0.99226934,1.4009166,-1.7337307,0.18612875,0.75611234,0.91373134,-0.83133066,-1.2534251,0.6866396,0.5516943,-0.5042551,-0.19708942,-0.26014143,-1.1628165,-1.3082786,0.015989047,1.2676649,-0.038965445,0.10702358,1.1004014,-0.1760846,-0.08520282,0.990833,-0.21870585,-0.84920025,-0.1283015,-1.2793765,0.58147407,0.47106236,-0.25099438,-1.5858566,-1.1934414,0.30738357,-0.5862542,0.23672251,-0.4261189,-1.2137469,-0.6234055,0.56973654,-0.24214871,-0.6396178,0.3835499,0.6994811,-1.4490485,-0.23769823,-0.9608672,-0.080524564,-0.0825327,1.5082792,0.8787071,-0.569413,-0.15704782,0.121504955,0.39249218,-1.1943269,0.8053761,-0.08437752,0.25818136,0.08908013,1.1536119,0.64280504,-0.66877997,-0.39471754,-0.4534279,-0.6572165,0.35242167,-1.1984799,-0.19914475,-0.11643749,-0.078091614,0.00037303785,-0.51914376,-1.0151304,-0.2295274,-0.2808973,-0.36039016,0.6477679,-1.2164756,0.20649116,1.005963,0.41880146,1.1501006,0.52198315,-1.7879055,0.7490892,0.644128,-0.41628087,-0.05055896,0.0012454444,-0.14105617,0.60988766,-1.9749889,-0.036140326,-0.57633543,0.5693866,-0.5435148,0.30895838,-0.52476054,-0.0020679366,-0.44815236,0.010973235,-0.5076471
-0.14582694,-0.4602236,-0.26907244,-0.5077142,0.43550152,-1.1150032,-0.8073909,-0.11020142,1.3874762,-0.22554028,-0.3475119,0.94707024,-0.44684535,0.3063714,0.11272875,0.6073693,0.6830814,-0.04322008,0.023150466,-0.48679477,-0.9156332,0.9521757,0.29363757,-0.365839,0.21875846,-0.8419409,-0.5568238,0.6883502,0.88766825,0.46286172,0.35723278,0.108003646,1.0212744,-0.15854676,0.0125618875,0.61581224,-1.2016352,-0.67661655,-0.4763946,0.87408775,-0.20485297,0.47092664,-0.21331921,0.4739028,-0.06939498,1.1934081,1.1557132,0.36843765,-0.19856355,-0.35307887,-0.22455984,0.8517049,-0.81816477,-0.345006,0.13813731,0.9004105,-0.7764863,0.41672936,-0.881143,-0.015207022,0.5693768,-0.398256,-0.5352726,-0.79144263,0.005074531,0.45260566,-0.002364099,0.81479347,-1.0944774,-0.67228746,-0.4699519,0.075606674,0.32124546,0.56105804,0.4441196,-0.587468,-0.03043434,-0.94775075,0.8502941,-0.13927598,-0.9661243,0.29620475,1.5650653,-0.2689431,-0.47141868,-1.427968,0.016670108,0.6086644,0.9650525,0.75486636,-0.016886663,-0.45411924,-0.6914565,0.5285868,0.8211533,-0.3526878,0.6242848,0.8904528,0.65401816,0.2356565,0.026794463,1.1693546,0.8798498,0.95374656,0.47837862,0.042457316,-0.22349623,-0.600133,-0.2603327,-0.28170037,0.57287693,0.6179501,-0.06249345,-0.0029460192,-1.415405,-0.29022098,-0.22086477,0.7124721,-1.293677,1.2510023,-0.5082497,-0.32987845,-0.96575,1.6589978,-0.4969177
-0.61138356,-0.092418805,-0.5428734,0.44664043,-0.41527003,0.5482437,-1.3954191,0.04765574,0.52156764,-0.993921,0.043150485,0.81836164,0.87623155,-0.5712717,0.026918143,-0.10572246,0.32554647,-0.19804338,0.24710211,0.06914747,-1.1289631,-0.04083658,-0.029739248,-0.23592195,0.25184542,1.0279777,0.121374786,0.57768774,0.18715669,0.4694667,-0.38696188,-0.08634108,0.49682423,0.57184947,0.4349227,0.06785697,0.7318318,0.29930198,0.15226988,0.20118505,-0.4474591,0.8171084,-0.36641815,-0.88308775,-1.1313683,-0.46391845,0.22706334,1.3190887,-0.2566144,0.06847593,1.4647086,0.0371868,-0.012299448,0.11095399,-0.16406423,0.9817065,0.38085896,-0.6567243,-0.08554658,-1.3712821,0.49040446,-0.45646083,0.109217465,-0.2619688,-0.51303357,0.060842536,-0.82723194,0.2540481,0.1945196,0.16332525,-0.24760252,0.8241309,0.037797034,0.632905,-0.31327105,0.76627445,-0.9833952,-0.29852045,-0.6724886,-0.41635662,0.4732155,-1.9473114,0.21580058,-0.74223226,-0.17941184,-0.2616043,0.08746165,0.48889413,-0.35478735,0.3406788,1.0014821,-0.49801314,0.28728965,-0.4227851,0.9026646,0.9415628,-0.14565122,0.68207204,-0.72178364,0.2869213,-1.2385472,-1.4374942,-0.8891945,0.9073122,0.6710714,0.70248383,-0.28488773,-0.024201062,0.59115803,0.088265955,-0.40175834,-0.17535457,0.13639209,0.22443366,1.0945011,0.5657499,0.8932953,-0.10232556,-0.03996241,-0.33881432,-0.2344293,0.45116013,0.27393484,-0.41951677,0.8643754
-0.81549835,0.493793,-0.15275738,0.57731724,-1.5409011,-0.3908272,0.99087226,0.8514164,0.11091795,0.12650868,-0.15608364,-0.44036773,0.48416266,0.32091752,0.33297107,-1.0155991,0.84769285,-0.5387371,0.66885227,-0.5542525,-0.8889733,0.7049828,1.1085154,0.9710123,-0.6001171,0.96907383,-1.3370442,1.0854031,0.17251433,-0.39611256,0.4731329,-1.2237892,1.816266,1.202963,-1.6271011,-0.89596546,-0.27281037,0.62938815,-0.23056582,-0.017562833,0.4450692,0.89343035,-0.8322011,-1.0200965,-0.5031051,-1.3744195,-0.899825,1.0077794,-1.3297731,0.24042681,1.7448354,-0.70548725,0.6854445,-0.3796861,-0.9668596,0.37987196,1.4089314,0.8114016,-0.5074199,-0.98195773,1.4139392,-0.44739056,-0.13135105,0.52110386,-0.013992256,1.3822851,-0.6747316,0.27603123,-1.8686912,0.040451407,0.64517164,0.13839641,-0.12258984,0.60284203,0.7653692,-0.0031545516,-0.55850136,-1.0352293,-0.67635417,-0.12124676,0.28319818,-0.33629885,-0.06476247,0.13911882,0.9416219,-0.20705858,0.9187397,1.249598,0.32478568,0.7135998,0.31973827,-0.6311586,1.5624478,0.65121746,1.4319996,0.38753203,-1.1501479,0.8139895,-0.6471045,0.57071483,-1.8278878,-0.5062735,0.1950537,2.24601,0.98364055,0.6330487,-0.5535138,0.00018761493,0.19766988,0.54712605,-0.49658608,0.23234068,0.42236283,0.122261055,-0.20289275,-0.08672367,-1.1433992,1.3111582,-0.2941252,0.6937417,-0.21257159,-0.59939146,0.022140432,-0.7370402,1.2505807
-0.3766618,-0.52421623,-0.49193695,1.171886,-0.70375335,0.018570015,-0.16500705,-0.45776185,-0.25906634,-0.27579919,0.8625676,0.7007447,0.95426035,-0.5495943,0.19747211,-0.7437028,1.0387261,-1.0648608,0.5094822,-0.5666707,0.6800192,-0.45770162,0.76676244,-0.8624707,1.173326,0.25407135,0.74589646,0.2009546,-0.16733223,0.8456982,-0.32325792,0.3055163,1.043702,0.8298183,-0.122743376,0.50937873,0.23600866,0.91615915,-0.7147962,0.6888417,-0.23164748,0.9157832,0.12772404,-1.4949352,0.98002946,-0.52054846,-1.317411,1.376855,-1.6914812,-0.5346235,1.5931741,0.30085772,0.626944,-0.65832907,-0.3887617,0.92764366,-0.07640986,-1.3147503,-0.28860947,-1.1816535,0.39724657,0.0023589944,-0.93178666,0.5955634,-0.02593522,-0.46061465,0.022323396,-0.74688154,0.28841746,0.35313654,-0.04597356,-0.46862698,-0.75907904,-0.14486763,-0.09053804,0.008553153,-0.8977252,-0.66896874,-0.16435376,0.15586483,1.1065624,-0.7101251,0.4527574,0.8475902,0.54210794,-0.49485278,0.94448775,-0.9992186,0.3059203,-0.3928576,-0.5131262,-1.1715446,0.8263287,0.15843634,1.5069057,0.73130155,-1.2132572,0.036838353,-0.9306082,0.44718716,-1.4252981,-0.4779426,-0.041793138,0.42785254,1.5055375,-0.4683616,-0.63793504,0.20355333,0.64261246,1.074641,-0.7880906,0.14108525,0.7047239,0.0273043,-0.21718986,0.2553359,1.91859,1.4885617,0.16711736,0.10856874,1.4041798,0.40829343,-0.78653103,-0.6144909,-0.072394356
-0.54081583,2.1326144,-1.1997029,0.2976729,-0.4242797,-0.17880465,0.5362223,0.22625531,-0.24404432,0.22914645,0.05523248,-0.23445925,-0.9237021,0.39858484,1.1877838,-0.6898256,-0.040461827,0.23403314,0.6958443,-1.6731781,0.033580452,0.17036493,0.27138105,-0.09745687,0.29637378,-0.65201205,0.6435841,1.1694776,-0.87841636,-0.6600831,-0.43405443,-1.2700665,1.8347043,0.067721836,-1.8367298,-0.38903838,0.56167156,1.4093342,-0.9178473,0.1988786,0.011645135,0.49186948,-0.5917885,-0.97967017,-0.23327243,-1.0256684,-0.97545654,0.2462225,-1.1168048,0.5649212,1.2328769,-0.12887172,0.48384237,0.15479194,1.3121097,-0.8634583,0.38639906,1.139418,0.37893802,-0.80951536,1.1320698,-0.24128345,-0.30083472,0.66040593,-0.8144065,1.0082392,-1.0318177,0.6693516,-0.32066506,0.38270268,1.1448513,-0.37383363,-0.8793014,0.78672403,-0.5215006,0.69641614,-1.7023549,-0.15963817,-1.064722,1.4698159,0.78192425,-0.33386967,0.53413874,0.642297,-0.44612908,0.23849991,1.898018,1.0470995,-0.6599101,-0.4248497,-0.02345591,-0.32922795,-0.36842516,0.8110417,0.065177575,-0.23347498,-1.145927,0.3577682,-0.35525882,-0.9594459,-0.9421388,-0.8268467,0.57670003,0.43897337,0.60788906,-0.59744287,0.49437296,0.8109907,0.00078831613,0.28693575,-1.6810575,0.19311965,0.2570539,-0.99165493,-0.11105032,0.05590535,1.0633048,0.287701,0.3811542,-0.34850523,-0.20397153,0.36351115,0.49484324,-1.2024418,0.90623534
-0.49645087,0.6440425,-0.45737806,-0.06556163,-1.045213,-0.9142783,-0.28141755,1.5347552,-0.32262123,-0.7553247,-0.9626735,0.10516123,1.0790564,-0.6895292,1.1389573,0.3970092,0.10338718,0.18844642,0.44136897,-0.35892522,-0.95542103,0.42059523,0.7557576,0.77466303,-0.8035053,-0.66843015,0.20291544,0.48912337,-0.9431439,-0.58954,-1.573653,0.95912933,1.2155043,0.8984507,-0.20265713,-0.17002648,0.18644488,-0.18619555,-0.8507528,0.06694882,0.59966254,0.058404386,-0.07674351,-1.7789611,0.6323924,0.28018484,-0.30480334,1.4298551,-1.2743926,0.86864954,0.053048227,-0.23544528,-0.28048453,-0.68648714,-0.19997509,-0.01526281,0.19041868,0.48748612,0.0056134993,-1.5734153,-0.8417566,0.5995685,-0.50104123,0.2364206,0.5083135,1.0325426,-0.4522598,0.6503599,-0.38305053,0.27423966,1.3188134,0.9443016,0.8120503,0.766397,0.42485723,0.43904778,-0.69466686,0.019096524,-0.17292747,0.3599352,0.87210786,-0.7894918,1.5798938,-0.20180644,-1.0672299,1.286078,0.77836996,1.2110897,-1.3352932,-0.4184861,-1.5398703,-1.0707024,0.7329337,0.93996656,0.809753,0.24673471,-1.1289219,-0.2833607,-0.42526302,0.13229588,-1.2937415,-0.9820598,0.41218123,1.5866598,1.6780736,0.4075783,-0.15375632,0.45985302,-0.5914827,0.7300104,-1.7165018,-0.2241893,0.4684183,0.7384537,-0.4046581,-0.9077137,-1.1496129,-0.01395699,0.44228396,0.19009383,0.63704735,0.01806879,0.5326156,-1.472481,0.9721516
-0.546069,0.54007274,-0.4732064,0.5957784,-0.7716496,-0.76669294,0.8144338,-0.49493518,0.36145973,0.6292919,0.8791545,-1.1124976,0.4521188,-0.65408653,0.2761706,-0.43861407,1.3012276,-0.17024703,0.19300796,0.4188605,-0.89242554,-0.040621504,0.58246523,-0.8213233,-0.24646747,-0.24277435,-0.45634738,0.6592091,0.16603428,0.6570404,0.19255969,0.20220503,0.8076089,-0.098780274,-0.824423,0.57139707,-0.052986458,-0.8999367,0.39377603,0.02003172,-1.0203128,1.199275,0.46202883,0.61538094,-0.5141663,0.3917088,0.02103389,0.93478554,-0.12375396,-0.2119039,1.6972864,-0.39051306,-1.0284559,-0.15458296,1.1067493,0.8425319,-0.01406259,0.22731216,0.4481722,-0.8810029,0.6384823,-1.0747327,-0.034248933,0.26947397,1.1021342,0.3429824,0.011246286,-0.081987634,-0.25006008,-0.0667898,1.0962131,-0.12518013,-0.4507631,0.19914462,-0.21697819,-1.1718041,0.4421914,-1.7019877,-0.8237412,0.4951004,-0.50859237,-1.240742,1.9607139,-0.10804067,0.50883317,-0.21366653,0.3885433,0.9352679,-0.06535602,-0.02382393,0.5090127,-0.8509948,-0.30608234,1.3554858,0.063712634,0.3282515,-0.5347364,0.063263446,-0.60948014,-0.06102431,-0.09389449,0.18705763,0.06268324,0.7273694,0.35802284,-0.49489674,1.1295247,1.1506861,-0.007644443,0.93728614,-0.18268031,-0.3129583,0.3045309,-0.63949114,-0.8041798,0.066292875,-0.4426497,1.2204001,-0.15385433,0.44200665,0.32720008,-1.0325435,-0.25659454,0.06833173,0.18473083
0.6133479,0.23478504,1.1994883,1.191539,-0.4559595,0.14570253,0.55154705,-0.12688619,0.41789514,-0.0068146978,0.8055886,-0.8326995,-0.14381589,0.49311695,-0.83267254,-0.57446456,0.29336077,-1.3243518,0.38026047,-1.1848463,-1.2961701,1.6346698,0.45275852,2.1245263,-0.48132706,0.21792623,-0.2768178,1.8644477,1.1256734,-0.92358494,0.32226264,-1.2574168,0.6615611,1.3671279,-0.6507697,-0.5250428,-0.5380504,0.3797178,-0.7664746,0.6362738,0.2568325,1.3174495,-0.58166766,0.049609818,-0.16921179,0.2881972,-1.498366,0.2531886,-1.4875087,0.33157432,0.909295,0.08102969,0.3074801,-0.8208112,-0.17333768,1.2611363,0.18365696,0.94718874,-0.72497547,-0.40261853,0.39588252,0.19154677,-0.3176614,0.7092606,0.703484,0.7078563,-0.3919065,1.7620848,-1.9117144,0.73608965,-0.061151385,1.450944,0.28474376,0.6460288,1.4144726,-0.5490783,0.16894037,-1.4652988,-1.0745498,0.38120508,-0.4195645,0.75283015,1.3738571,-0.8265351,-0.21102478,1.2849301,-0.10396418,0.7562173,-0.009165947,0.8936512,-0.19070715,-1.0566852,0.49315783,0.9164475,1.7238843,0.3815331,-0.2922343,-0.2783995,-0.24285974,0.54685336,-1.2775414,-0.77168095,1.5463005,1.8892419,1.5435871,0.23184136,0.3074461,0.91169757,0.20873503,0.7144183,-0.8288624,0.047341235,-0.2053017,0.23764405,-1.8200557,0.17554095,-1.7314343,0.62123746,-0.7041024,0.10622069,-0.69394684,-1.7869844,-0.6768925,-2.0273645,0.57013595
-0.09615356,-0.4003073,-0.51604044,1.428881,-0.5398723,-0.8319787,-0.049314052,0.8919325,-0.8155782,0.6539721,1.0159098,0.31802142,-0.5571851,0.47022343,-0.49973112,-0.34372735,-0.19301954,-1.4132307,-0.98624355,-0.77070373,-1.0291191,0.4840986,1.031674,0.48733214,-2.1280222,0.41664928,-1.3987621,2.0024824,-0.111418284,-0.27035385,-0.8866551,0.2834383,-0.0480417,1.6928822,-0.70890164,-0.59931785,0.24318118,1.0052705,-0.93923855,0.16768585,-0.65127647,0.004079204,0.04032916,0.39641917,0.49152446,0.5512961,-0.8360225,0.13172936,-0.49712262,0.13698795,0.0058907587,-0.23482752,0.2967183,-0.4349277,-1.3942808,-0.32998455,0.6191178,0.3521566,-0.5309635,-1.3157246,1.5569565,0.48563933,-1.2235395,0.20729254,-0.0006718505,0.37905392,-1.1944255,1.0303423,-1.0840588,-0.09275281,0.22230425,0.5551744,0.0034690918,-0.40769148,0.76708204,0.39281344,-0.9139385,-1.7440081,-0.576519,0.21333414,0.19548379,0.89872324,1.0864522,-0.2534922,-0.25772142,0.83222926,0.35014492,-0.1675484,-1.2585067,0.53650856,-1.3615935,-0.32750523,0.20842828,0.3541485,1.8334762,0.685019,-0.7191354,-0.42350423,-0.75191367,1.1385798,-1.9550532,-1.3311402,1.8744816,1.6944181,1.2525505,0.96102536,-0.2117021,-0.29430148,1.3284087,0.5517256,-0.20110354,0.9059786,0.28812215,-0.21390936,-0.5430006,0.17651829,-1.4393505,0.70049256,-1.8457423,-0.8011786,-0.94927084,-0.43001357,-0.36655372,-1.6023304,0.8009384
-1.5311041,-0.3855531,-1.3674194,-0.50338966,-1.2768741,-0.5330055,-0.23963748,-0.29318467,-0.80723584,-0.09456938,0.18329443,0.7952036,0.074666336,0.4962507,-0.48574615,-1.5119809,0.48331758,-0.49865088,1.7005935,-1.4788082,-0.2562636,-0.98050314,-0.05740595,0.6866347,0.34559268,-0.5743873,1.1979089,0.75430775,0.08002952,-0.30133906,-0.3885577,-1.2021289,3.658389,0.15300223,-1.8129132,0.5491635,-1.1811516,0.7445631,-1.9980801,0.42133552,-0.612702,1.7736238,-0.13718353,-2.5583577,1.5804923,-0.32643113,-0.45014462,1.2529222,-2.3250382,1.0848805,2.1439188,0.48502058,0.99130183,-1.4931264,-0.21665743,0.12857673,0.29033494,-0.5774925,0.081946634,-0.60625935,0.30561408,0.25579312,-0.88077414,0.100983664,-0.64960897,0.96442884,-1.0478768,1.3980534,-0.44974762,1.791432,2.0482497,-1.4631454,-1.1462655,1.3760821,-0.3360756,-0.02944843,-1.1956584,-1.2315619,0.4103721,0.6844109,-0.37581173,-0.7361712,0.6237975,0.45098057,1.6604743,-1.7329772,0.5284159,-0.09581987,0.41346458,-1.802034,-1.0661162,-1.8086804,2.712455,0.6880718,1.6058645,-0.6213087,-1.0457438,0.5852478,-1.5258904,-0.41153228,-2.31133,0.36409068,-0.83623767,0.54504824,-0.079116486,-0.29700807,-0.76560414,0.13463765,-0.14866309,-0.26609057,-1.043973,0.61067873,1.3914391,-1.2484001,-1.0126127,-0.5878439,0.338795,1.5283413,0.68256587,0.64570236,0.1550887,-0.5377697,-0.328538,-0.11646064,1.8463222
-0.3147087,0.3529786,0.5225945,1.4423083,-1.0460274,-0.69674784,0.04141396,0.11028088,0.7891245,0.8836282,-0.08268176,-0.3677513,0.14491434,0.15854405,-0.7284048,-1.1719651,0.5543113,0.24491611,0.039912753,-0.16710709,-0.29459253,0.30965185,0.11859398,0.5758847,-0.261379,-0.58235544,-0.4940386,2.010189,-0.025475487,0.022180751,-0.94047964,-1.327293,-0.19249292,-0.9150511,-1.1682682,-0.47811297,-0.37806883,-0.33600634,-0.7868111,1.1385282,-0.9526212,0.795351,-0.18036301,-0.13685094,-0.06169085,-0.5698764,-0.36571312,0.6056339,-0.47331724,-1.0211775,0.8335144,0.14774027,-0.19745247,-0.48199278,-0.69014484,0.46475896,-0.34668452,0.18230344,0.08164021,-1.8286716,-0.50474995,0.0799974,-0.38294265,-0.5166568,-0.40688878,0.9753143,-0.814854,1.1097313,-0.7558918,0.15074474,-0.18310985,0.8221023,0.14480068,0.4950073,0.11988079,-0.15656939,0.470626,-2.1321864,0.70739025,0.39557806,0.6084867,0.78873247,1.26106,0.53721446,0.76760054,0.26556024,1.0978796,-0.018584428,-0.7919439,-0.40417218,0.13672878,-0.7986257,-0.19695038,-0.03772726,-0.33199736,0.29698116,-0.34196267,-0.7533068,-0.7741859,-0.114144236,-0.999321,-0.8967098,0.8698086,0.2870808,1.1716622,-0.590499,-0.23051915,1.2669758,0.8946569,0.8805171,-0.42831975,-0.57623404,0.36040053,-0.054019026,-2.0993593,-0.53692156,-1.5165013,1.1958967,-0.09122509,0.6275921,-0.16983114,0.03400293,-2.1423986,-0.49921185,0.7439224
-0.05934626,0.6025526,0.052148618,0.018178487,-0.69870734,-0.79504067,1.4323996,0.45827052,1.1033322,0.2965483,0.7977923,-1.0375491,0.59038067,0.84240943,-1.234052,-0.7841724,0.34467122,0.24410662,-0.45130953,-1.0220562,-0.020929202,0.7175957,-0.93631345,0.7457714,-0.011688539,-0.20896241,0.6070976,0.7194386,0.21791416,0.6045032,-0.061655227,-1.3237219,0.723426,-0.095875084,-0.6180897,0.057000604,0.13836867,-0.11083365,-1.0071825,0.3448916,0.5123992,0.98477095,0.36720306,-0.72065014,0.82556254,-1.0884038,-1.9296379,1.0067111,-1.1132083,0.6287923,2.2402909,0.45227975,0.24079491,-0.673887,0.74570656,0.8924875,-0.2729685,-0.23961183,-0.7287107,-0.7767574,0.49009344,-0.4692385,0.07648202,0.66792554,0.73092073,0.7409903,0.5409603,-0.013920922,-0.032070864,0.44366226,-0.32368428,-0.23063283,0.25588053,0.33850738,0.11465868,-0.05236938,0.8787789,-1.3307394,-0.625915,0.41071075,0.3858789,-0.34569466,0.74286664,0.63673776,0.53505373,0.29291213,0.56534207,0.2145456,0.21321672,-1.3835723,0.42880997,-1.4058572,-0.4561003,0.9178622,0.9944024,-0.19032261,-0.5575223,-0.6755496,-0.7977266,-0.27080995,-1.9539533,0.07473338,0.051561397,-0.33877912,1.7162015,-1.397555,0.33528972,0.9993494,-0.36241758,0.92195356,-0.5153044,-0.13643578,0.7881691,-0.428905,-1.4606798,-0.29824907,0.15142296,0.71448684,0.20131478,0.7408827,0.40604916,0.15850438,-0.6461226,-0.6676007,1.3386021
-1.123751,0.47726375,0.0043655224,0.43209848,-0.31662467,-0.6942923,0.3450012,0.2251253,-0.42244497,1.0391107,-0.21658114,0.44077525,0.39052987,0.57991487,-0.9552281,-0.78717434,0.5877351,-1.120203,0.73176545,-1.0945256,0.50958896,0.13714287,0.31409115,-0.024771256,-0.7691546,-0.17044188,0.060338482,1.2992063,1.1046386,-0.7508554,-0.26519135,-0.0031216657,0.834517,1.0704365,-1.3145884,0.01334445,0.26744145,0.37767094,-0.7067887,0.0306543,-0.77635443,1.0893334,-0.28860727,-1.3840389,0.8506314,-0.05560714,-0.6660718,0.23326333,-0.4334413,0.93895507,1.9830174,-0.07826648,0.33988738,-0.91852015,-0.9808114,-0.18521544,0.3179886,-0.3301569,-0.13594812,-1.6562097,0.9274964,0.633209,-0.5375541,-0.06824508,-0.8027362,1.1540835,-1.1511891,-0.14506765,0.28476337,0.4841937,1.690039,-0.22889358,-0.4110872,-0.3600086,-0.13385825,-0.930511,0.6517207,-1.6928551,-0.7495792,0.79272646,0.1190747,-0.22924267,-0.21887416,0.78345823,1.182132,-0.536586,0.33476415,-0.9891527,0.48033783,-1.0241454,-0.57986957,-0.8962594,0.705103,0.46781978,0.85667837,-0.6110846,-0.4384223,0.12624012,-1.3156424,0.17533858,-0.8338439,-0.85228974,0.05018017,1.0709299,0.6100936,-0.44818676,-1.1769396,1.0297168,0.38068962,-0.68126416,0.6520565,0.8180706,1.0061227,-0.057452783,-0.5318762,-0.20444354,-0.1885422,1.207948,-0.6149123,0.026757235,-0.6491203,-0.1286666,0.27197254,-0.624357,0.81316674
0.25391576,0.09774938,-0.86426914,0.35364667,-0.907537,0.42245883,0.41733202,1.2862065,-0.29320437,0.40359366,0.6322529,-0.15960869,0.27417713,-0.04354278,-0.006996084,-0.7109126,-0.053872105,-0.1478619,-0.8410929,-1.0237967,-0.50436145,0.108379394,0.40323547,0.123970106,0.0050262427,1.3053883,-0.7428077,0.4891342,-0.3353173,-0.16788042,0.09654391,0.663698,-0.041518897,0.23139356,-0.22561084,-0.68717873,0.6187804,1.1845006,-0.8067476,-0.027617496,-0.32434675,0.60908765,-0.6582182,1.0011917,0.2783305,-0.5876457,-1.756697,1.2179275,-0.5527471,0.5543761,0.8923856,-0.55606997,-1.0808069,0.5612154,-0.21345253,0.6009126,0.36358577,-0.47583526,0.15505551,-1.499029,0.9803209,-0.14525083,-0.40001753,0.38275912,0.70148075,0.7659192,0.15129995,-0.25157586,0.4450823,-0.7743166,0.26745284,-0.43794525,0.43850145,-0.6888064,-0.6134984,0.043063283,0.036557227,-1.0685557,-0.5512334,0.39483637,-0.61048937,-0.80674314,0.701815,-0.6022949,-0.31236133,0.8527415,0.27061108,-0.07274491,-0.35039824,0.36057484,-0.050230186,-1.1224018,-0.25226602,0.3961993,1.6766722,0.4352232,-0.062814474,0.49267283,-1.380819,0.65935504,-0.32672414,-0.63977736,0.5549942,1.0287242,1.5200793,-0.55526555,0.32162315,1.0893809,0.7030914,1.3295084,-0.040827677,0.46895176,-0.31297645,-0.6218404,-0.45521668,1.1154199,0.4950848,-0.09392366,-0.1875406,-0.2950456,-0.6246832,0.02266264,-0.31728905,-0.16522475,-0.23611695
-0.054864693,0.42280725,-0.17879242,-0.8392864,-1.7271446,-1.3290203,1.376637,-0.14276269,-0.696106,1.0684463,-0.18428543,-0.12849244,-0.5243676,1.1324892,0.3718708,-1.3301555,0.8691789,-0.7037937,0.064677365,0.36657578,-0.40759626,0.23725507,0.32655358,-0.42403653,-0.041641627,0.13215175,-0.61756194,1.051853,1.2818818,-0.8938877,-0.19542183,-0.40358517,2.1237185,0.9248703,0.38801715,-0.31432664,-0.67148703,0.53200096,-0.80071884,1.4548526,-1.2202605,0.57726973,-0.6773457,-1.1465868,-0.33870396,-0.8479666,-0.77130973,0.8056661,-0.6158632,-0.90949935,3.352051,-0.8655603,1.2169423,-0.4948652,-0.40341753,-0.19046375,1.8451515,-0.80367965,1.1987469,-2.6515203,-0.79284024,-0.8576732,0.24479832,0.6503202,0.569462,1.323757,-1.6652178,0.015790893,-1.269702,0.1129612,0.13636005,-1.2109205,0.4785285,-0.36418638,0.5131528,0.03901879,0.43781108,-0.94070387,-0.39362255,0.9366638,0.6591131,-0.17450896,-0.0059107747,1.5318915,1.8924258,0.80106646,1.4029284,-0.6209967,0.6300304,-0.8609086,0.16552937,-0.9921387,2.0205703,0.75104934,0.37315664,-0.093249336,-0.1584904,-0.19876891,-0.5098136,-0.87358814,-1.6345212,0.11709674,1.2677796,1.2114586,0.726067,0.19883268,-1.9901555,1.597427,1.8075156,1.1579638,-0.9975411,0.74139416,0.5075159,0.53076917,-0.9313562,-0.28237712,-0.6485807,0.54595524,0.38540736,-0.031138275,-0.13390188,-0.72087157,0.31585175,-0.49020156,1.6852751
-0.69346,-0.7663825,-0.057269033,0.3075298,0.09990892,-0.6199502,-0.7291411,0.7461667,0.27518782,0.51648796,0.06810743,0.5726757,0.2514458,0.046369147,0.67148435,-0.68402886,0.42443442,-0.56680846,-1.0666972,0.5769417,-1.4204183,0.9379327,0.68574226,-0.6941237,-0.84234166,0.5702642,-1.6266161,0.80123407,0.27310503,0.07299798,0.33133474,0.7693839,1.7978196,1.152203,0.029114204,-0.0063096806,0.07287519,0.7063104,-0.5479756,1.3632488,-0.01420054,-0.10915516,0.28582105,0.1342422,-0.3972279,1.025972,-0.6178781,1.3617693,-1.2599508,-0.45366037,0.9306017,-0.19438905,-0.30195498,-0.4258061,0.087586775,0.40673593,0.4448972,-0.29119968,-0.25602102,-0.47824952,0.41840482,0.1374513,-0.50621176,-0.5093535,-0.2513683,0.12556426,0.75262153,0.0935805,-1.5446477,-0.6979269,-0.22423482,0.50865304,0.44837725,-0.5380683,0.23948134,0.31577888,-0.15693796,-1.1756632,-0.5610994,0.58947325,-0.03536093,-0.21167915,0.98050505,-0.46492007,-0.061791763,-0.15138802,1.0007008,0.043575957,-0.1992555,0.14663985,-0.17337045,-1.0678053,0.6099674,0.55063915,0.39905605,1.7201488,0.28934526,0.081460275,0.68609345,0.044422418,-0.8598441,0.16240847,0.5801777,0.98000956,0.21458746,0.6832427,0.47351834,-0.16339524,0.86942834,0.9751116,-0.12842408,0.3239832,0.20124137,0.4038114,-0.498589,0.1861869,-0.46151483,-0.10219368,-0.30218938,0.34237772,-0.35599715,0.052334648,-0.11693991,-0.5630581,1.268476
0.07259518,0.648815,-0.59552264,-0.7893338,-0.92869246,-0.25813964,0.55443954,0.7613455,-0.1951432,-0.26027468,-0.06998478,0.10848084,-0.117542095,-0.066743776,0.014289061,-0.33600494,0.1505938,-0.4347019,0.20523566,-0.30907494,-0.9298199,0.40528262,-0.2475394,0.098887,-0.89853257,-1.1256115,0.37352887,1.521206,-0.032439128,-0.8224037,-1.2410321,-0.7220126,1.9059502,-0.013803462,-0.2628477,-0.15395114,-0.936629,-0.81367415,-0.37186766,0.36764774,-0.6057364,0.22959302,-0.26377472,-0.8334664,0.057464268,0.4605077,0.14421013,0.011531544,-0.86384565,-0.4378573,1.5555087,-0.22376987,-0.7063357,-0.6179205,-0.95280856,0.047273487,0.5763773,0.6843771,0.40718234,-1.6886122,-0.89938396,-0.60041475,-0.61084926,-0.75367475,0.51079684,0.0858976,-1.0361972,1.0108843,-1.0739633,0.042664632,0.52848035,0.57254153,-0.2796071,1.3309543,0.330093,0.5773403,-0.16400027,-0.49483272,-0.082285345,0.5341184,0.53656346,0.052031424,1.9622673,0.031304643,0.6162622,0.1707975,-0.26930407,0.9995932,-0.3820115,-0.8332941,-0.82851195,-0.92697644,0.9193253,0.42722368,0.72142565,-0.22556359,0.5668677,-1.1353428,-0.1937795,-0.17022283,-1.2495906,-0.077014044,0.7260115,1.4682914,0.13435203,0.66989845,-1.0029263,1.2429591,0.13995199,-0.047750346,-1.1371068,0.09664886,0.3659179,-0.46146318,-1.2284944,-1.0332062,-0.4995461,0.7023671,0.5578225,0.08942072,-0.11272313,-1.1627135,-0.86408675,0.03815543,1.1185462
-0.1334781,0.35795966,-0.9372368,-0.22778435,-0.7534727,-0.40122375,-0.077912666,0.34239936,-0.3162661,1.0134165,0.6866525,-0.18289636,0.7151002,1.1968659,-0.375479,-1.4996496,0.600875,0.07733551,0.5149178,-0.5258363,0.58817965,-0.18802218,-0.21457417,-0.32182944,0.89567876,-0.6125161,1.3900158,0.23629044,0.40327895,-0.89912486,-0.509131,-0.77415377,0.92042786,-1.0123546,-1.2843328,-0.4208715,-1.2739124,-0.22399838,-0.76753306,0.54727787,-0.66943264,-0.15291135,0.20036697,-0.7984527,1.0218661,-0.11804445,-0.76766634,-0.120788425,-0.7576973,0.35591143,1.408252,0.22202176,-0.16185597,-0.3908188,-0.009554472,-0.57010204,-0.26310393,-0.034455243,-0.20319308,-1.3407203,0.69014615,0.76212454,0.17553172,0.47837943,0.67125934,1.380981,-0.72951776,0.23483643,0.20256607,0.04261156,0.9554975,-1.2874398,-0.4726588,0.4591921,-0.36901355,-0.29551402,-0.022213113,-1.2557509,0.38710198,0.6965076,0.5717325,0.18895939,0.7133756,1.3323292,1.4945393,-1.126,0.83877426,-0.8300749,0.40963545,-1.0902852,-0.21206602,-0.37003988,0.08063471,0.9340703,0.3376023,-1.0553007,-1.007351,-0.4092232,-1.2807214,-0.22827554,-0.601053,-0.121033154,-0.16439363,-1.1276454,0.17971928,-1.2682686,-0.4136905,1.1534108,0.62661916,-0.14172252,0.022607893,0.6781385,1.018882,-0.9960068,-1.6488318,0.42695612,0.7182754,1.6674742,0.31555292,0.007603555,0.68151724,-0.44294778,-1.137109,0.8945174,-0.27396977
-0.023711156,-0.23628886,0.45348755,-0.14599517,-0.0006735185,0.19759241,0.9673865,0.82079905,-0.2094186,-0.01596193,-0.17567071,0.42145336,-0.4649867,0.29422596,0.1228458,-0.46680138,-0.3425579,0.029238958,0.7358094,-0.5379835,-0.42551526,0.39313173,0.26316476,0.43933237,-0.3859568,0.41719696,0.5362489,0.78806245,0.5318878,-0.76845604,-0.27431324,-1.1281244,0.88405687,0.31321678,-0.07716558,0.7990893,0.20765908,1.2371049,-1.5457402,0.06750139,-0.6341001,0.94216007,-1.6548628,-0.85532546,-0.009434498,-0.19646828,0.2674908,0.19253948,-1.0938722,0.039930582,0.6246636,0.39018196,0.17159598,0.5259042,0.2629034,-0.27054217,0.36084253,0.04252699,0.2335335,-0.38026515,-0.13562232,-1.3020271,-0.8500285,-0.23745874,-0.94700515,0.62619567,-0.5966834,0.71874225,-0.70758367,0.7638319,0.5497727,-0.39725885,-0.10694569,0.4024327,0.28522804,0.3023239,-0.050249994,-0.41171366,-0.3210029,0.3412274,-0.85375,0.8559844,1.1952034,-0.49580628,0.7399671,0.42773837,0.32025245,0.58447355,0.014758313,0.30084258,-0.4824217,-0.9777561,0.95546114,0.6417712,-0.07359802,-0.018856723,0.95677984,0.38211468,0.547184,0.10378874,-0.53087234,0.12995435,-0.13343108,0.93381405,0.6108532,-0.061039396,-0.8460213,0.19032836,-0.23018184,-0.12357943,-0.8548331,0.55919766,-0.51214343,-0.6001614,-0.25925705,-0.9960686,-0.13767281,0.57401115,0.5119777,0.7016956,-0.24265748,-0.26753196,-0.20678897,-0.08984644,1.1277211
-1.1110842,-0.062169008,-1.5679811,-0.57806164,-0.8598106,-1.97302,1.8471303,2.2576845,-0.29588094,0.8733444,-0.49450344,0.54777336,0.37962738,0.78849465,0.49566263,-0.983536,0.71603274,0.11467661,-0.8263274,0.4213712,-1.186748,0.4647425,0.2876961,-0.30244404,-1.1075584,-0.055791825,-0.7965364,1.0281557,-0.0042794463,-0.08462255,-1.0829378,-0.20747532,1.4336383,0.2755187,-0.3458999,-0.40709296,0.09447664,-0.3736457,-0.6105901,0.51113904,-0.0004338827,0.073286906,0.22003585,-0.9334437,-0.085764594,0.0024318025,-0.091149114,0.14405933,-0.24053259,-0.95844454,0.7776833,-0.270905,0.8889256,-0.3346205,0.16240922,0.04116403,1.0540314,-0.24162732,0.993485,-1.6756611,-0.35367498,-1.9581592,-1.2994212,0.5610127,0.3524368,1.4937832,-0.49514443,0.5056072,-0.72459686,-0.99172586,0.46974248,0.62866485,0.7125146,0.4472147,0.3539998,0.12141032,0.008637225,-0.829746,-0.31240392,0.38308525,0.053674765,-0.19738168,1.4710761,0.683757,0.45223173,0.37843335,0.4275784,0.93035144,-1.0373732,-0.22255874,-0.07897873,-0.6284678,0.9637474,0.91970116,1.0116627,0.17764819,-0.3415962,0.44480774,-0.7694762,1.2051281,-2.185896,0.24843965,1.135424,2.0412848,0.5496054,1.1030723,-0.5102847,-0.8647338,-0.19648534,0.942943,-0.9030781,-0.22842506,0.78014123,0.41207016,-1.1875024,-0.5519358,-1.1836023,-0.08137317,-0.034032885,0.9378733,-0.40305778,0.32731646,0.8505206,-0.8949246,2.382075
-0.122559905,0.38923135,-0.5786521,-0.022960396,0.35325563,-0.5612795,0.08709152,0.3838004,1.4303825,0.53025556,-0.40968236,-0.8479511,0.53091466,0.11671544,-0.017322507,-0.060421675,-0.022669956,-0.3655528,-0.590412,0.40491784,-0.27498156,0.46285114,-0.70193046,0.5796076,0.013849241,-0.540876,-1.0256183,0.65243095,1.0522283,-0.5959976,-0.16897552,0.026037281,0.66738474,0.041628893,-0.07073595,-0.31749275,-0.40096933,-0.51653826,0.54815054,1.2047938,-0.18974884,0.2752322,0.05199279,-0.08013933,-0.43561655,0.41474256,0.09852347,-0.4548269,-0.024507115,-0.47056088,0.3005646,0.7452669,-0.43111733,-0.7140436,-0.36131197,0.7600333,0.14102897,-0.08315555,-1.0276017,-0.67574465,0.017547045,-0.24597299,-0.121058874,-0.03364,0.6999144,1.0972228,0.17763384,0.8145637,-0.49562943,-0.5155999,-0.15970726,0.44176742,0.27428758,0.7878212,1.3378719,-0.28711897,0.68692565,-0.83479524,0.3574309,-0.27486324,-0.08406921,0.3991039,1.3982102,0.54176,-0.5912963,-0.47701567,-0.123398036,1.0752838,0.6843375,0.15323165,0.2602971,0.18838474,0.32647383,0.6825966,0.7343056,0.47177076,-0.48328355,-0.07096709,-0.2417411,0.2328261,-0.49833015,0.4796762,0.5365973,0.8462893,0.29598564,-0.30011222,0.4162535,-0.11808736,-0.63603604,-0.068687834,-0.124096505,-0.21721192,0.16969676,0.7178445,-2.1281562,0.28181544,-0.61237013,0.5705835,-0.5963014,0.8861808,0.7581972,-0.26114795,-0.013802284,0.023619032,0.13703156
-0.24161191,0.45727533,-1.3151834,1.249749,-0.74473417,-0.7686307,-1.173269,0.6362135,0.41510713,-0.57609266,-0.5056057,0.916812,1.4751184,1.3609298,1.2217736,-1.1895715,0.94102293,1.1643239,-1.179525,0.20785101,-0.7124218,1.4828079,-0.734141,-0.88079363,-0.739592,0.41557842,-0.7517536,1.6578897,-1.7656636,0.99251103,-0.98576504,0.85748017,1.394797,-0.8579722,0.35321125,-1.2490441,0.83211285,0.3913845,-0.016185898,0.12273042,0.51151514,-0.52675396,0.19128905,-0.107398,-0.5728777,0.45052847,-0.12602851,0.60461056,-0.5545343,-0.5065366,1.4812684,-0.14584748,0.023363322,-0.7951523,-0.03769381,0.36968777,-0.12010484,-0.27436566,0.42241916,-1.7942748,0.19350247,0.15519285,0.6688772,-0.33834505,0.13766652,0.24255595,0.44897574,1.0639012,0.33583865,-1.2117488,-0.58709806,1.0934199,0.98963475,-0.2664621,0.28688398,1.4413744,-0.09510415,-0.55546373,0.05136089,0.30765834,0.9595241,-0.83510447,0.0650212,0.73316735,-0.3377929,-0.5292048,1.4262941,0.27178589,-1.5902816,-1.1441319,0.4155362,-1.0148851,-0.5621193,0.5666684,-0.15718041,1.5421058,-0.12195947,-0.07182476,-0.6414811,0.47694424,-1.7000656,-0.5713576,0.29348746,0.5555576,1.0635012,0.43837067,-0.6414838,0.5600616,-0.2138343,0.9542043,-1.3248719,-1.9216889,0.24978228,0.21875976,-0.19659391,-0.5158332,-1.3982038,0.28766742,0.9361076,0.0823496,0.38515085,0.4121795,-0.1797552,-0.48671272,1.0251864
-0.9880123,-0.4497053,-1.0807427,-1.1566606,-1.1127567,-1.2268096,1.0435208,0.6964079,0.13382688,-0.06813425,0.33052108,-0.63492,1.3301231,0.17915826,-0.06931518,-0.4830705,-0.16126283,-0.084100604,0.054814883,0.19053426,-0.93640155,0.18934776,-1.3042824,1.1235455,0.21550292,-0.046563044,0.31745902,-0.22480842,0.39908975,-0.15672132,-0.7458904,-0.5564476,1.2536577,0.15642786,-0.15543085,-0.42377418,0.3137219,0.1389396,-1.175313,0.86736375,-0.2157713,0.39046696,-0.076373294,-0.65899974,0.4202765,-1.1943312,-0.8266052,1.246748,-0.73384005,-0.19352213,0.6876715,-0.1327682,-0.09924722,-0.2788587,-0.26148883,0.46682146,0.47461647,0.02874951,0.7255221,-0.72892797,-0.43697307,-0.7490719,-0.24042478,0.6945059,1.2675304,1.0833743,-0.36363548,1.0154207,-0.46703327,0.14070025,0.4688989,0.57207596,0.75653255,0.70284307,-0.073297046,-0.07677293,0.2999514,-0.70330614,1.3046985,0.5375191,1.0035076,-0.82457006,1.3562642,-0.6243648,0.25893742,0.15188935,1.142124,0.63465035,-1.0041969,0.18052435,0.44132313,-1.6206162,0.77385724,0.6748926,1.3541582,0.71179104,-0.16985145,-0.17320651,-1.0309469,0.14730431,-1.3843668,-0.5668327,0.420015,1.1507659,0.8589852,-0.38753334,0.27423862,0.08431893,0.37038007,0.9377047,-0.5037666,0.9841356,0.26572233,-0.11416636,-1.5669346,0.9585197,0.17950423,-0.013433244,-0.07606718,0.4344122,-0.26835963,-0.1671597,-1.1622629,-1.4883115,0.4027485
-0.41486195,-0.00212223,0.35377628,0.65642905,-0.40851715,-0.44605073,-0.45005697,0.09478633,-0.11705213,-0.4279592,0.8005536,0.4745711,-0.06276907,-0.08397952,-0.11011931,-0.4013249,0.30551112,-0.7377348,1.0731542,-0.37799224,0.56509674,0.60087126,0.3109009,0.043587513,-0.5300825,-0.130044,-0.066228814,1.2925588,0.055501834,0.11575581,-0.036391947,-0.5898872,1.7979923,-0.23497847,-0.9458788,-0.07246195,-0.95399624,0.7461511,-0.67275834,0.73721904,0.19834292,0.051986054,-0.5419538,-1.244731,1.1783283,0.4697229,-0.7386737,1.0881636,-1.4324884,0.44782823,-0.18876714,-0.12154679,-0.09426058,-0.52802426,-0.47118992,-0.120550066,-0.23662275,-0.099275246,-0.59536695,-0.5125671,0.588948,0.9142807,-0.5631978,-0.42480838,-1.1452031,-0.2726686,-0.5418768,0.05802882,-0.4711741,0.30740345,0.46953905,-0.13178152,-0.5818208,-0.8351834,-0.40083867,-0.38836524,-0.7124827,-0.8505086,0.22782612,1.2663454,0.24733374,0.35333276,-0.07566884,0.4149216,1.0537162,-1.154653,0.28184968,-1.1090117,0.6187712,-0.45131958,-0.84550583,-0.940926,0.720944,0.42293805,1.2498038,-0.10793608,0.20480876,0.7445603,0.07065361,-0.06729516,-0.5620807,-0.20717013,0.3362937,0.6496829,0.24017297,-0.347267,-1.1834886,0.43511495,0.96208376,-0.11348316,-0.076174125,0.04555136,-0.16367546,-0.20611417,0.110453874,-1.0240701,0.613543,0.7877039,-0.13648245,0.11657931,-0.27255931,-0.08306695,-1.1826978,-0.037220903,0.16847494
-0.819716,-0.018250551,-0.5520045,-0.12688601,-0.8446746,-1.0487657,-0.21806563,-0.217507,-1.3673524,0.76822776,-0.050752476,0.7120635,-0.11141636,0.749468,-0.0030905642,-0.04449621,0.2721907,-1.555915,1.2708997,-1.166895,0.4764732,-0.3304926,0.26812387,-0.039737247,0.13405034,-0.84869504,0.22506587,-0.38963547,0.3001141,-0.48537773,-0.47993255,0.33151037,0.3608876,0.63660616,0.038814902,0.92023444,0.36397976,0.16767293,-1.4472641,-0.11879107,-1.3405302,0.71186554,-0.7992796,0.45930943,0.7371878,-0.08598129,0.86225724,1.2461376,-0.679118,-0.7150987,0.3174052,0.08566615,0.57280225,0.63152707,-1.4519023,0.85364896,1.1900727,-0.9505413,0.9145813,-2.1995878,0.06516538,-0.8551552,-0.05873876,0.25617537,-0.40728524,1.4843868,-1.2671715,1.069089,0.62302697,1.0669531,0.950288,0.49012873,0.35439804,1.1180779,0.23499408,-0.1546954,-0.01843242,-0.644732,0.83632445,-0.099761315,0.5335833,0.26973698,1.3554773,-0.0066492967,-0.5008286,0.73090637,-0.108412564,0.5476485,0.22157966,0.4801386,-0.3229869,-1.1394812,0.9091668,0.07629695,0.5234778,-0.24077329,0.10029941,0.24100153,-0.34006637,0.27791703,-0.82657874,-0.11422996,1.1741605,1.7916361,0.22706723,0.27432594,-0.8503904,0.17265181,1.387151,1.7693504,-0.9628793,0.41761115,1.225286,-0.22814642,-2.1197903,-0.75483,-0.59797734,-0.041189127,-0.04692688,-0.22425489,0.32618532,-0.36787316,-0.6306424,-0.24775317,1.175542
0.04581954,-0.37533793,0.015647259,0.34765556,-0.10503399,0.062440738,0.4107083,0.19423786,0.009606456,0.60335886,-0.020280568,-0.63252825,-0.16938727,-0.69274366,0.27315906,-0.8222427,-0.49571872,-0.418129,0.048333857,-0.49763906,-1.1510454,0.49932986,0.5050616,-0.29613304,0.27574393,-0.35051343,0.34708175,0.17560478,0.46192276,0.15179735,-0.33729643,0.19890685,1.1070778,0.07159321,0.3905145,0.8645998,0.6040249,-0.32307097,-0.5839403,0.6063754,-0.98572755,1.5970112,-0.20003623,-0.20922613,-1.0657302,0.06787234,0.26577947,1.0979872,-1.8742338,-0.47952178,2.5241477,0.22892241,-0.66171384,-0.1441656,-0.19686285,0.20526123,0.09068133,-0.020047363,0.33786112,-0.9742884,0.80228394,0.2805498,-0.054361004,-0.14243795,0.3225953,0.86897594,-0.2878775,1.0345513,-0.17191692,-0.6135742,0.69910324,0.39547798,0.17839558,0.36542022,-0.16273339,0.14611883,-0.03046731,-1.6365757,-0.83759326,0.41435727,-0.48541945,-0.55507123,2.183764,-0.66862416,-0.9367641,0.6471063,0.18496121,0.9867315,-0.01749261,-0.07818901,-0.29638302,-1.429222,0.8797469,0.5531576,0.056605384,1.4044964,0.37756124,0.03164864,-0.09729278,0.20409535,-0.11777472,-0.36858708,-0.23332506,1.6322849,0.8763624,-0.114339694,-0.19275643,1.387331,0.848632,1.1556476,-1.2993784,0.28320915,-0.558986,0.13225578,-1.0860999,-1.0754834,0.7545617,0.47432855,-0.278687,0.22780132,-0.13704112,-0.10920707,-0.13152564,-0.48988962,1.0330625
-0.20993635,-0.38402525,-0.5277289,0.285713,-0.6704811,-0.69423264,-1.071078,0.113794915,-0.27294442,0.10929794,0.38966793,1.4226862,1.0390666,1.4352262,-0.015683338,0.15719098,-0.5790847,-1.0025842,-0.7008828,-0.41958413,-0.16747828,0.664058,-0.38349307,0.4883263,-1.4000473,0.622432,-1.1527636,1.0690707,0.47382963,-0.58883756,0.64839107,0.27368027,1.7808241,1.0994182,0.18494056,0.046524737,0.50942355,1.9565057,-0.6761465,1.3742244,-0.124728985,0.12811957,-1.0049963,-0.20903668,0.3721504,-0.2874602,0.20268577,0.5108117,-1.0463896,0.13992539,-0.33436653,0.5353762,0.49026188,0.39130902,0.8606111,0.47581908,1.3055016,0.42344636,0.5212991,-0.24389249,0.25904045,-1.1635734,-2.0615232,-0.76209587,-1.3197633,0.015889196,0.32642654,1.4077868,-0.20993102,0.17999431,-0.71850723,0.02370256,0.58445925,0.8849207,0.004598124,-0.18823954,-0.47616312,-0.572902,0.818242,0.20027357,0.31497672,0.3763629,0.6786876,-0.24248159,1.5750903,-0.49167353,0.7967827,-0.03515558,-0.5091724,0.5223406,0.7700109,-0.87096214,0.5220714,0.9029987,-0.13573924,0.67379594,0.7400454,1.3182601,0.787085,1.1544242,-1.7994542,0.31339177,1.2764385,1.8667241,0.7765764,0.25483716,-0.8874084,-0.5185117,0.8818372,0.63130486,0.48977232,0.6226832,0.5438371,-0.805484,-0.23309682,0.80421615,-0.41923913,0.46803454,-0.08062976,0.9369152,-0.21802355,0.010714811,-0.92984456,0.51051706,1.0889556
-0.5701959,0.112795584,-0.36542746,0.9478795,-1.7524737,-0.39898258,-0.040903814,-0.17522731,-0.2737405,1.1756729,0.910758,-0.8338521,0.39930746,0.61156434,0.3135323,-1.3557123,1.0325038,0.22446431,0.11710599,-0.22180516,-0.053482577,0.28221926,0.85330796,-0.8967335,-0.031335376,0.07964268,-0.47965318,1.1014658,-0.9574161,-0.714447,-0.042645294,-0.8058178,0.18308817,-0.9619223,-0.8378325,-1.0962062,-1.0065242,0.5959351,-0.5123933,-0.3487965,-0.089467004,-0.02887637,-0.53648776,-0.3123492,0.58685094,-0.8284608,-0.8477617,1.1012841,-1.3229567,0.12002558,1.0980762,-0.7867863,-0.3002662,0.28517947,-0.123672985,0.43191874,-0.10804662,0.5547763,-0.18025647,-1.5651374,1.3569511,0.6946853,0.8151057,0.5254208,0.13351333,0.8562242,-0.475527,-0.48009107,0.011936909,-0.10139811,1.0905253,-0.39122352,-0.51592755,-0.20988613,-0.2449253,-1.1967905,0.30205625,-1.6769624,-0.1279051,0.1872654,0.40029046,0.16462587,-0.05961747,0.50227845,1.3756008,-0.51576716,0.6112548,0.32195812,0.35859567,-0.47715494,0.06819163,-0.23027782,-0.19171698,0.9402881,-0.20312358,-0.6165323,-1.1005715,-0.09098782,-1.3960938,0.23485239,-0.7424766,0.06611241,0.37235713,0.6355652,0.9655773,-1.3837619,-0.12123119,1.8402424,0.45001677,-0.15727405,-0.65191,0.37565655,0.59692246,-0.081322156,-0.4905958,-0.4005413,-0.081061065,1.6958485,0.07149006,-0.5296094,0.32964665,-0.2736332,-0.37619233,-0.21693116,-0.14655703
-0.78716636,-0.5818884,-0.90016866,0.8076957,-0.5371102,0.18210149,0.9792607,0.36846787,-0.1616373,0.96967393,0.48778173,0.86079276,-0.09796079,1.5860159,0.42103118,-0.69762254,0.27579975,-0.22379348,-0.2166524,-0.4883245,0.22322842,0.38484305,-0.18549591,-0.06494645,-1.2369506,0.49464822,-0.27327156,1.4718707,-0.38344833,-1.2571576,-0.2790825,-1.2126548,0.9593141,0.96121496,-0.16272704,0.5686205,0.23524395,1.1647049,-0.24787852,-0.21483421,-0.6755034,0.7225601,-1.0131468,-1.0843717,0.34153423,-0.6137868,0.45265746,-0.2219533,-0.3409274,-0.3773781,0.62932974,-0.32057133,0.23859046,0.45118797,-0.1012039,0.1085858,-0.32085425,-0.14223519,0.09463327,-0.029270297,1.1330063,-0.8257828,-0.82897973,-0.49453163,-0.5103319,0.8189279,-0.08727023,0.6157561,-0.17913327,-0.4136742,0.08307386,-0.24492571,-0.33049327,1.1825485,0.325675,0.17729971,0.07929328,-0.34647307,-0.27053443,-0.064924136,-0.39385748,0.1787923,0.6806462,-0.25450262,0.9274372,-0.2774203,0.3593298,0.1978203,-0.50913614,-0.008406739,0.17657353,-0.63554084,0.5009594,0.1723454,0.5190468,0.05044952,0.19097133,0.67006403,-0.6473664,1.0438526,-0.9904207,-0.23165381,0.70545614,1.3050883,0.9985967,0.7196941,-0.83620113,0.373693,-0.30072418,-1.2825248,0.49725026,0.2984083,0.43877846,-0.6398006,0.04531377,-0.26412395,-0.47661108,1.428939,0.16711771,-0.3061833,-0.8132594,-0.12096563,0.3144667,-0.5143888,1.4177514
-1.0905235,-0.4488877,-0.57363486,0.009772491,-0.88777757,-0.62995994,0.7720553,0.44102934,0.2229894,-0.14217335,1.244345,0.08902377,0.33984807,-1.2692966,0.82736963,0.2130455,0.74572414,-0.6449107,0.59099305,-1.3088269,0.06342729,-0.037000027,0.54463625,0.39151132,0.72955936,-0.6502252,-0.21835126,-1.3836011,0.6100592,0.47732273,-0.777866,-0.1877216,0.65948236,0.6839648,-0.88519925,0.5717433,0.23027281,0.40613014,-0.13988814,0.05339446,0.1502314,0.8700063,0.22541912,-0.16804866,1.3088399,-0.17545514,-0.90799296,1.0739911,-0.8964733,-0.7842319,-0.34902406,0.28581893,0.8998477,-0.87858087,-0.19812678,1.1475216,-0.7115498,-0.40160525,-0.205386,0.5408451,0.3524653,-0.8897982,-0.726633,-0.3876275,-0.5727527,-0.10087724,0.4338932,-0.14915416,-0.23514262,0.8999697,0.07110132,-0.47463787,0.07501615,0.014701405,0.14692259,-0.6844678,-0.84304535,-1.1313816,0.9481431,-0.12373931,0.86745435,-0.9029906,1.2908502,0.30514538,-0.36662817,-0.7742002,0.370428,0.012905812,0.13448516,0.34927964,0.28848502,-0.8768055,1.5965333,0.27983585,1.3130317,1.111856,-0.43655232,0.42928353,-1.2722884,1.2608216,-0.7715168,0.053315558,0.98993504,1.4556549,0.9688426,0.237486,0.18124661,-0.20122263,0.4915119,0.8633375,0.22440365,0.065038875,0.8731846,0.0051738312,-0.57929695,0.18324637,0.28705767,0.25069448,-0.44288117,0.48160034,0.7495925,-0.08267082,-1.5875546,-1.3925463,1.3686787
-0.3454609,0.09156066,-0.019493876,0.33826965,-1.6715256,-1.2595387,0.8264492,-0.5112598,-0.42220175,-0.05533462,0.31555024,0.0593127,-0.038853623,0.31952637,-0.7123583,-0.48362985,1.2866879,-0.9808615,-0.6298357,-0.06655884,-0.45774052,-0.9266256,-0.19837958,0.46753484,-0.37213528,-0.14871201,-0.37075266,1.6872113,0.87456083,0.14623962,-0.7348555,-0.52271587,1.3082833,0.810991,-0.042693935,-0.10982388,-0.046124764,0.11012611,-0.6471925,1.2164289,-0.4963883,0.5934663,-0.08454671,-0.9845939,0.48666346,-0.72025645,-1.442508,0.32448995,-0.8459579,-0.47204107,1.4919251,0.63750106,1.7682422,-2.1090462,-0.37070835,0.68260443,0.8650238,-1.0423785,1.3994145,-1.3527894,-1.0680445,-1.0124096,-0.58378077,1.4406055,0.22750193,-0.12357199,-0.56061757,0.7905111,-0.7611832,1.2811462,-0.21686058,-0.7757128,0.44779113,-0.11120729,0.58206046,-0.5740237,-0.042626757,-0.6767997,0.29815438,0.45159745,1.010607,-0.106005006,-0.024426479,1.8877015,1.2309538,0.3105763,1.5199325,-1.124549,-0.6526985,-0.9748562,-0.17174836,-0.5821217,1.3243392,1.6498511,1.4343354,-0.027763799,-1.2359412,0.27995276,-2.0398078,0.052955605,-2.467543,-0.43522757,1.6270529,0.8030954,2.225905,-0.47263762,-1.535377,0.32500967,0.3972625,1.0489551,-0.58824915,0.33912602,0.53623873,0.0040381057,-0.98975617,0.82212126,-1.0215368,-0.11982682,-0.42710266,0.5141248,0.23947512,-0.41628033,-0.20151831,-1.6111314,1.7946239
-0.3374907,-1.270342,-0.5303748,0.38990095,-0.06260106,-0.47105727,-1.010388,0.111118235,-0.46972007,1.5509866,0.025540333,0.3135644,-0.25600162,0.01007593,-0.036209155,-0.39019322,0.42331645,-0.3187551,0.73674005,-0.44688806,-0.60158974,0.32039836,0.6431561,-0.45445552,0.35465106,0.83190566,-0.3002886,0.22173956,-0.059601806,1.1169301,0.20930703,1.6622014,0.4457391,0.025066167,0.21324976,0.08531411,0.4535124,0.8330556,-1.3585953,-0.33816224,-0.65267956,0.8728225,0.4419114,0.632671,0.19585697,0.9252695,0.9276888,1.4600118,-1.2554998,0.029909518,0.64987504,0.36086965,-0.22013932,0.8909772,-0.007146967,0.40097836,-0.33711803,-0.9806435,0.070206836,-1.4870943,0.83507967,0.5153684,-0.29342547,0.11140761,-0.07280195,0.050815977,0.24980685,0.08078997,0.84225893,-0.578223,1.0353631,0.12238387,-0.25313205,-0.43739608,0.19589975,-0.16592512,0.07217163,-1.3346391,-0.24669462,-0.8544671,-0.4167277,-0.39209718,1.2740836,-0.55733734,-0.7069069,0.43235812,0.026646264,-0.2744251,0.5276461,0.7351761,-0.6203669,-1.2582843,0.23488027,0.30065563,0.28751656,0.6279038,-0.5182226,0.5702389,-0.46071884,-0.039112397,0.52683926,-0.08732972,0.23535597,0.70925057,0.824086,-0.8194868,0.107238896,0.01849746,0.7675002,0.8689431,-0.7745748,-0.2736715,0.40702206,-0.6275819,-0.41947204,-0.3847749,-0.26746616,0.5787904,-0.10490498,-0.35038108,0.20072651,0.14058653,-0.5295782,0.14535269,-0.22369775
-1.2669811,-1.1020623,0.038131703,0.51841533,-0.38730806,-0.847902,-0.4024942,0.7794439,-0.04974117,-0.30524403,-0.46554884,1.0896155,1.6110566,0.78619343,0.03593209,-0.13313138,1.05499,0.5013806,-0.08411479,0.011897443,-0.59065616,0.06401861,0.7247987,-0.864862,-0.69794047,0.2526149,-0.37974817,0.49310002,-0.056585208,-0.31322616,-1.2304808,0.3112123,0.7471075,0.9235122,0.49294856,0.9781235,0.48639417,0.5844646,-0.9072673,0.06819636,-0.5257164,0.07361228,-0.6472038,-1.6829813,-0.5019173,-0.6228938,0.44083324,1.2306559,-0.60931736,-0.40525725,1.0150973,-0.49285313,0.5501883,-0.56214553,-1.9056665,-0.4199039,0.48162246,-2.0011265,1.0701315,-1.1027471,-0.22549112,0.016550623,0.5316742,-0.66762453,-0.2553986,0.48690987,0.34506992,-0.15329555,0.36773494,0.67119914,0.49052155,-0.36163518,1.3724074,0.8176194,0.17390727,0.55908835,-0.16867915,-0.032970246,0.35893393,0.32520217,0.38843292,-0.78684205,-0.24156989,0.5351213,0.2387611,0.1369952,0.1159562,-0.22643168,0.00984725,-0.72962296,-0.666444,-0.93428147,0.07646358,-0.0509529,-0.5418035,0.6624819,0.5095504,0.39866185,-0.54868,0.24122152,-1.5359354,-0.5231494,-0.18889862,0.51530886,0.11169948,0.88314444,-1.6440529,0.84980124,0.23867162,0.19164053,-0.53436655,-0.46501067,0.54676586,-0.056782566,0.17277172,-0.90533257,-0.042359896,1.5454922,0.5476954,0.9916328,-0.11674994,-0.14420505,0.46168435,-0.3394436,1.9334482
-1.5729634,-0.03432481,-0.42152637,-0.42199138,-0.8068358,-0.46459213,0.13601738,0.8502112,-0.1486231,0.8424328,-0.14723274,0.23466098,0.22364222,-0.49178407,1.0632895,-0.28986785,0.40895313,-0.6773475,1.1199919,0.59554857,-0.6632911,0.26737255,0.6110576,-0.15430956,0.45317057,0.33307466,-0.40372476,0.20011823,-0.19035523,-0.53132033,-1.0982484,-0.79170096,0.6784904,0.84948826,-0.37998953,0.17247759,-0.6699716,-0.4879331,-0.763478,0.7975863,-0.8142072,0.59984213,0.45093712,-1.001285,0.57096684,-0.5957692,0.040342666,1.194559,-0.22638881,-0.9181137,0.046034526,1.0152061,0.5124512,-0.3008789,-0.5007287,-0.785573,0.67564124,-0.60835934,-0.11057684,-0.753133,-1.1438752,-0.30269638,-0.6335767,0.5132698,-0.1937253,0.30757064,-0.89824533,-0.247949,-1.212146,1.2679323,0.9021168,-0.7690158,0.4616924,1.0504265,0.6494934,-0.068658404,-1.7302775,-0.7020073,0.56477165,-0.24818385,0.6311708,0.9235262,0.7160254,0.8765449,-0.34962204,-0.048395522,1.4491098,0.5034207,-0.92043096,-0.19334275,0.020175207,0.031872988,1.6434257,-0.23349155,0.18941845,-0.38401395,-1.7303193,0.22395362,-0.11593522,-0.9442228,-0.9793946,-0.5199024,0.8558513,-0.35975927,-0.036461443,0.08403185,0.23575364,-0.99061656,1.0275404,1.0626658,-0.49585673,-0.7228143,1.1084633,-0.34603363,-0.9295929,0.31600508,-0.5550489,0.77268606,0.87386143,0.8905076,1.3443189,-0.3427413,-0.19650234,0.095900655,1.3352143
0.91873175,0.6702303,0.22700447,1.514814,-0.7072457,1.32287,0.62580645,0.78592837,-0.5609453,-0.6415894,1.3797764,-0.2077827,1.2501037,0.016735319,-0.7088358,0.025599932,-0.18125726,-1.0994925,0.74005896,-1.6315813,-0.22805956,0.019589597,-0.13570026,0.846833,0.7537592,0.97917217,1.7036016,1.0805258,0.01020715,-0.21285492,-0.9299398,-1.1457748,0.18731813,1.2961823,0.2558625,-0.12732926,0.24023068,0.76537246,-0.28953853,-0.74239314,0.14077497,2.1349874,-0.25606963,-0.94220227,-0.03072673,-1.4603834,-0.5778376,0.94835085,-1.0889037,-0.05497759,1.7455269,0.5169301,0.19361748,-0.70817125,-0.21436092,0.56941444,-0.16774142,0.521403,0.57747394,-0.6516846,0.9798885,-1.1427324,-0.78308415,1.0991995,0.031309765,0.87733936,0.09814429,1.3981919,0.35198638,0.83310956,0.45741838,-0.6034933,-0.22415078,1.390214,1.1913903,1.1414068,-1.0311556,-0.7557534,0.09231513,-0.092252746,0.10125634,-1.088982,0.57833064,-0.12366549,-0.17057206,0.79408365,1.027282,0.48431846,-1.0354058,-0.34050864,0.3958561,-1.2309434,0.9644449,0.6150274,0.63579166,-0.01704621,-0.7571425,-0.45553437,-0.46894622,1.1724758,-1.4820315,-1.9267958,0.0071475054,1.5035579,1.6418139,-0.13794573,-0.6646902,0.6492835,0.6209201,1.2007016,-0.5530533,0.15678129,-0.14112419,-0.65841097,-0.704858,0.17532554,-0.011399716,1.5302914,0.13245793,0.41700697,0.7340727,-1.023637,-0.5842797,-0.62198776,0.9024456
-0.5158546,0.3225018,-1.0973432,-0.51162755,-0.6638689,-0.29915735,0.082401566,0.285564,0.7031926,0.23222277,0.86899006,-0.6198131,0.7827105,0.12623496,0.32465556,-0.46939012,0.6109538,-0.4768211,0.10959206,-0.12717326,-0.18146586,0.5009546,-0.38733158,0.056237116,-0.34674042,-0.99019176,-0.2990161,0.23441912,0.7544044,0.015831683,-0.5229238,-0.3167516,2.0309267,0.5000801,-0.23370574,-0.73985,-0.4258898,-0.064876,-0.13904889,1.4763756,-0.677439,-0.36348405,0.72502905,-0.2464689,0.88952506,-0.48423705,-1.1516991,0.15398459,-0.119571224,-1.146973,1.1297092,0.72960603,-0.3794935,-0.68571293,0.014939768,1.1441015,0.39144412,0.7763981,0.35803407,-1.5714433,-0.6751943,-0.47965083,-0.19822747,-0.006061854,0.6724968,-0.09536438,0.31511003,1.5667698,-0.86009103,-0.36656576,-0.43015218,0.43579403,0.37965325,0.6793312,0.62299234,-0.11349594,-0.72805244,-1.210426,0.6670884,0.62536514,0.58316684,-0.27919304,1.4629145,0.6539515,0.4869998,-0.34191605,0.6007868,0.35597983,-0.831478,0.06186652,0.50815046,-0.77391577,0.77996695,0.6979459,0.70021003,0.8359479,0.30262926,-0.5750732,-1.2538629,-0.13624458,-1.1922,-0.4711495,1.6884185,0.46141562,0.52109784,-0.36427677,-0.35242057,1.1116849,1.0775466,0.008206912,0.1361638,0.9435119,1.420479,-0.049403712,-1.711393,0.9227223,-0.15101333,0.49458274,-0.37894732,-0.21163085,0.040907115,-0.975024,-1.7201341,-1.1408975,0.28622082
0.14109762,-0.79943365,0.6199528,1.0928881,0.28464067,-0.23973113,-0.38500047,-0.036726438,0.37868726,0.13855858,-0.4275456,0.3963742,-0.65435654,0.55880296,-0.23331635,-0.5587128,-0.21771592,-0.49756005,-0.48744643,-0.6890599,-0.029899385,0.30613768,-1.3344382,1.4050725,-0.89973205,-0.9456058,0.16094525,1.138329,0.79346436,-0.29213512,-1.1639671,-0.9126133,1.0167177,0.22869456,1.1306924,0.62046725,0.5986543,0.116435215,-0.5078805,1.1711212,-0.24323474,0.26318136,-0.45498547,-0.91329837,0.38351867,0.34281573,-0.42236647,-0.5026792,-0.36562923,-0.12891027,0.746815,0.43498173,0.13601221,-0.6710595,0.19101356,0.69377124,-0.40314633,-0.9660672,0.18280016,-1.5379536,-0.5630834,-0.36548492,0.2843369,-0.05300014,-0.09024458,-0.31146002,0.14013924,1.8723406,0.34182656,0.12262665,-0.095586486,0.5166902,0.9972079,0.35008678,0.80894905,0.03043938,0.34154686,-0.48633754,-0.04436732,0.7840863,0.52317256,0.6526375,1.0877814,-0.03024011,-0.32397398,0.9190326,-0.061914004,-0.10572477,-0.529591,0.16795948,0.42901888,-1.5201168,-0.05578763,0.604845,0.5260442,0.93806183,0.6180343,-0.03347164,-0.36240873,-0.018021435,-0.9286965,0.35379004,0.78557426,0.7370673,1.8084761,-0.5569818,-1.3715897,1.1677312,0.5556284,-0.28049836,-0.72101897,0.36598656,-0.30714172,0.5251539,-1.117541,-0.35191372,-0.75320476,-0.18850532,-0.021662593,-0.13667971,0.014982073,-0.31977314,-0.36888802,-1.1832054,1.6432658
0.07731101,-0.12688984,-1.0489042,0.5626371,0.87556934,0.64980257,-0.67168236,1.3839546,-0.039935194,1.0752369,0.9102478,0.43898848,-0.13349684,0.39002982,-0.040340357,-0.6075858,-0.58050364,-1.0845586,0.23400098,-0.58021903,-1.0708914,1.0742576,1.0375948,0.77456325,-0.2646605,0.7786555,-0.59020895,1.3907247,0.4155537,-0.58144873,-0.044259187,0.2530291,0.88666284,0.35301742,-0.77146804,-0.81275296,-0.43807328,0.51688164,-0.5004302,-0.1959266,-0.65765023,1.2003058,-0.66373926,-0.6143078,-0.26736256,1.0010428,-0.10951288,0.87651837,-1.4327149,0.39902726,1.0110091,-0.13500604,-0.70739865,-0.053512853,-1.0426193,0.53956974,-0.664135,0.6189838,-1.3115094,-0.60799986,1.5966508,1.1234561,-1.3263267,-0.044507697,-0.4760368,1.2333106,-0.5719892,1.0683167,-0.5006268,-0.9848338,0.33006907,0.30735022,-0.67185247,0.3847062,0.6120294,-0.12573619,-0.25943306,-1.7037642,-0.52896464,-0.44722146,-0.69757825,0.095026866,1.1971887,-0.56778824,0.03436832,-0.4393117,-0.5184883,0.09229275,0.22231726,0.28349987,-1.0816877,0.06090857,0.90333956,0.37707224,1.2935085,0.35811603,-0.6347058,-0.1620466,-0.41878474,0.9559563,-0.0760338,-1.3854789,0.64732105,1.7292281,0.9200834,0.44411072,0.41852915,0.64561516,0.026694477,-0.7885096,0.60421455,-0.053463936,0.069835335,0.00668718,-0.8034443,-0.06722506,-0.7840391,0.6866475,-1.2607418,-0.3758891,-0.58931756,-0.22755942,-0.5437765,0.22321859,-0.010274358
-0.09473555,-0.19487645,-0.7772144,-0.03109899,-0.8483032,-0.49659613,-0.97158056,0.68509823,-0.019382766,-1.3542465,-0.39221337,1.0718467,0.4848853,1.1023251,0.74007916,-1.0160726,1.0008975,0.88365763,0.38128117,0.2604992,-1.8944905,1.5041845,-0.2457399,-0.8635695,-0.97883964,0.2579753,-0.023695285,1.3116374,-1.6450242,0.7870253,-0.13901189,0.6935253,0.89723635,1.0011711,1.0682192,-0.5330859,0.77736413,-0.021397697,-0.3739556,-0.3971452,0.3567718,-0.09956765,-0.4693979,-0.49472558,-0.914151,-0.15979928,0.65512305,1.7139267,0.2706544,0.4784792,1.1953576,0.2775785,-0.22743875,-0.67008394,-0.75470406,-0.7984422,0.3272797,-0.96739316,1.3806834,-2.113551,-0.9568163,0.16064075,0.8066593,0.80990124,1.227144,0.5396043,0.837704,0.8609618,-0.012586538,0.071745105,0.95572263,0.5371699,1.8586925,0.3490334,0.06862733,1.4419261,-0.5154117,0.11798838,-0.15466401,-0.19598922,0.15825465,-0.5943567,-0.3183059,-0.6237805,-0.68048024,1.1855458,1.3576965,1.0965973,-0.68933094,0.2883726,0.33576006,-0.9866243,0.28498858,0.29062888,0.10947872,1.1876794,0.08420577,-0.8172572,0.054163583,-0.26129648,-1.2822448,-0.33276907,-0.35506886,0.7736984,1.0385114,1.0926856,-0.9122485,0.10569748,0.057262003,1.373142,-0.847897,-0.7682692,0.23675679,-0.5360647,0.48599797,-0.5229451,-0.48327276,-0.18775643,1.4792423,0.48171777,0.54731387,-0.22868156,-0.20016114,-0.6934676,1.0580508
-0.029376626,0.99161637,-1.0072558,-0.23477201,-1.4728537,-1.3293489,1.522325,0.6404818,0.43689188,-0.87651086,0.61626726,-0.50484496,0.4940158,0.99455935,-0.26098388,-1.5216384,0.9393909,0.60512364,-0.1596552,-0.88658434,-0.31248474,0.6267748,0.051181756,0.83325493,-0.39673355,-1.0330977,0.17676763,0.66794837,-0.1087973,-0.4012196,-0.56433165,-1.3304753,0.2744013,-0.5493808,-1.4406884,-0.39153937,0.30746937,-0.030175803,-1.0469282,0.6906612,0.4190629,-0.02202666,-0.1758547,-1.3411708,0.33347347,-0.37512696,-1.296215,0.35298103,-0.5246102,0.5053721,0.413327,-0.55439705,0.14469326,-0.9696519,-0.43822318,0.20349249,0.50568163,0.992809,0.50506604,-1.4894387,-0.038291827,0.10772806,0.24502201,0.9054634,0.5746196,1.4851282,-0.27690324,0.694952,-0.31840903,-0.3881829,0.5709706,0.76332206,1.2995476,0.44649968,0.3440423,-0.0100025255,0.38919833,-0.3892474,0.39446262,0.0018020803,0.3795451,-0.3150625,0.3628949,-0.3328229,-0.391413,0.50294185,0.35866702,-0.09864407,-0.82389855,0.19402644,-0.7747891,-0.9153358,0.6890002,0.75129426,0.61465526,-0.17246182,-0.5624736,-0.13949709,-1.2008471,1.3145275,-2.129326,-0.09281886,1.0836781,1.4765824,1.5746456,0.20250537,0.47300008,0.53626806,-1.0599407,0.51972675,-0.15810388,0.052942894,0.5536463,0.25107965,-1.1644427,-1.0591226,-1.1556566,0.2668567,-0.14155209,-0.08610827,-0.5651798,-0.3120265,-1.0270114,-2.315433,0.5959368
0.46784192,0.34318146,0.4085898,0.039204992,-0.6011349,-0.6009844,0.26350707,-0.5409699,-0.07962676,-1.0913177,0.80557305,0.34117448,1.2399379,0.34827247,-0.7070882,0.54864115,0.8789019,-0.73285913,-0.45982197,-1.0647553,-0.5392235,1.1679868,0.18384576,0.20951308,-0.010633576,-0.37402546,1.0194536,0.014152917,-0.056185596,0.6666469,0.11707348,1.1913651,1.3552684,0.79144716,-0.033755727,0.43421686,0.6239535,0.7003711,-0.52386653,0.32812378,0.08670529,0.37752694,-0.06476104,-0.0955997,0.9049888,0.4172575,-0.9270672,0.91015536,-1.5331147,0.3240182,1.1713294,0.6271044,0.3629606,-0.68956536,-0.3507077,0.14291364,-0.27176222,-0.09096403,0.6332541,-0.16915114,-0.66165936,0.096235484,-0.32527804,0.25398514,0.23061265,-0.9944973,0.19446905,0.15889683,0.24402834,0.75861776,-0.37970567,0.11078086,0.9599179,-0.32268035,0.2576359,-0.29918727,-0.09808421,-0.39467534,0.34093612,0.26948988,0.76902616,-0.8374213,0.56319976,0.46281862,0.49491483,0.19652662,0.7880288,-0.9800579,-0.16635142,-0.6298571,-0.1813039,-1.3728223,0.6997226,1.1626056,0.6577582,0.49207512,-0.24833557,-0.40025213,-0.09450602,0.06309846,-1.1565077,0.012938274,0.9797649,0.2326076,1.8922156,-0.22254354,-1.5695301,1.1948582,0.5098384,1.3603742,-0.18632671,0.037559047,0.7604456,-0.7646866,-0.3864793,-0.32392862,0.30835462,0.3592469,0.10806937,0.47507453,0.51962745,-0.65248954,-1.4637686,-0.56575316,0.30399802
0.5057653,0.8388368,-0.8519965,0.31590682,-0.7179502,-0.80185294,0.969296,0.7521123,-0.14605014,0.5834306,0.481759,0.6510221,0.18510379,0.87007976,0.10461162,-0.15225895,0.25873888,-0.056843664,-0.51230264,-1.2739067,0.7729203,0.4395213,-0.60502034,0.09174373,0.6122737,-0.3290164,0.63428247,0.72717255,0.14557363,-0.17765336,-1.2321795,-0.56209487,-0.011705937,-0.12155588,0.09288232,-0.5371082,-0.23127732,0.1570846,-0.7209374,0.24079622,0.19405223,0.3754918,0.71778744,-0.7555724,0.7536528,-0.22155534,-1.030315,-0.36452964,0.43150714,-0.33785897,0.96048003,-0.5800305,0.595116,-1.5141981,0.05665476,-0.40972224,-0.62099665,-1.1486533,0.22097431,-0.75570357,-0.30477667,-0.14351872,-0.66425747,0.69765043,0.20983511,0.63584024,-0.53442526,-0.12105425,0.31861493,0.1449552,-0.2815597,-1.4398168,0.39203176,0.37976557,0.98055667,-0.21740139,-0.059478834,-0.93396735,0.59276557,0.15166432,0.31344756,0.04776278,-0.26741117,1.5363606,0.22708867,0.18497846,0.6232052,-0.7063816,-0.6375805,-1.8325216,-0.40634233,-0.11787765,-0.07241394,0.17117944,-0.030205688,-0.7809057,-0.92081344,-0.47339734,-0.93292063,0.45427924,-1.2263466,-0.7231603,1.3654412,0.27980515,0.8575891,-1.0091105,-0.28368407,0.5464014,-0.3105954,0.07141034,-0.14504382,-0.44370285,0.08805446,-0.31872326,-0.86498904,0.32460853,-0.85052156,1.2923156,0.22124107,0.6588452,0.26742363,0.29705736,0.3304026,-0.63745785,0.40721014
0.4705911,1.5155566,-0.46567345,-0.16018857,-0.68645644,-0.971075,1.2194616,-0.5568182,0.5456416,-0.54201066,0.48712313,-0.6043355,0.64934486,0.28530154,-0.022272706,0.19594768,-0.3845466,0.34377295,-0.0052834544,-0.7441441,-0.76491964,0.17872545,-1.2640574,1.4465873,-0.79499507,-1.2484698,-0.61940145,0.15356883,0.64811087,0.029377043,-0.18505065,-1.1620178,1.7980254,-0.10948306,-0.4205958,0.58665603,0.33804193,-0.5829371,-0.5876172,1.3944014,0.3895897,0.76061195,0.62078846,-1.7040203,0.53299594,-0.5306756,-0.7521792,0.45164114,-0.26331893,0.9337899,1.5767711,0.7005418,1.0110661,-1.7123817,0.53630954,0.6842253,0.5612327,-0.41044545,0.45092294,-0.6505041,-0.03578985,-0.11940955,0.28254774,0.3151527,0.07059643,0.5689621,0.23908246,1.8261201,-0.1619289,0.21871135,-0.44859827,-1.276142,0.9052141,0.93838835,1.191057,-1.22891,0.021998882,-0.42567772,0.1709072,-0.16640997,0.37549064,-0.8604857,0.31998298,1.1581457,-0.05387049,0.15259412,-0.084689975,0.4105664,0.108915254,-0.7313854,-0.17566286,-0.911495,1.0087314,1.1676365,1.4415824,0.049386885,-0.65259254,0.9123074,-0.8677553,0.38701555,-2.5002117,0.076614015,1.1580054,1.3055556,1.0998855,-0.33101335,-0.31349254,0.118784145,-0.69639635,0.6518711,-0.27791786,-0.19451374,0.76161855,0.7776477,-0.29392076,-1.3210245,-1.3750263,0.58998215,-0.90939164,0.5931707,0.21131437,-0.98244953,0.7464419,-1.1440831,1.9527345
-0.4599938,0.8506136,-1.3406342,0.51386654,-0.9033655,-0.32001734,1.0421039,0.16108975,0.047699258,0.8249356,0.81814575,-0.2949385,-0.036632285,0.41115162,0.08220075,-0.83155906,-0.72885424,-0.36696324,0.29084545,-0.32832855,-0.53775555,0.61931175,0.33960116,-0.23856708,-0.6204508,0.8938665,-0.94358,1.5262849,-0.21701817,-0.1367194,0.70545983,-0.8340433,1.0269542,0.21876726,-0.9249468,-0.741905,-0.31969908,1.0924662,-0.7944771,0.039668087,-0.555956,1.3050897,-0.6770491,-0.91430724,0.30119634,-1.3097169,-0.16710126,0.9854487,-1.4711655,1.2702885,1.6953431,0.19576474,0.69769084,0.05104089,-0.82515115,-0.16437238,1.1603718,-0.055787213,-0.13262615,-1.4995321,1.3021189,0.4244513,-1.1580238,0.84303653,-0.33348307,1.2271518,-0.6514422,0.7517012,-1.0054071,-0.07650819,0.2276679,-1.4604374,-0.89907426,-0.024890784,0.8361539,-0.28709024,-0.39891067,-0.7934093,0.06676062,-0.4776771,-0.2756656,0.0764646,0.39149547,0.86483073,1.2563281,-1.0482283,0.96244186,0.46885258,0.66140074,-0.2952842,-0.457073,0.043397237,0.9097157,0.9848064,1.8680828,0.1721192,-0.765872,0.28606236,-0.9243048,0.06456264,-1.7232373,-1.041309,0.30354598,1.5658827,0.90225,-0.6771386,-0.74308145,0.0032802261,0.3876844,-0.2750855,-0.45675728,1.6094551,0.68188167,-0.1874725,-0.13249956,-0.27084637,-0.13325752,1.2447759,-0.26822782,-0.41090062,0.35621297,-0.9971472,-0.15914142,-0.3217768,0.772559
-0.45021456,1.1280608,0.090456866,0.24647242,-1.2267797,-0.66041803,0.47064924,-0.061057333,-0.2238501,0.3142245,-0.22427517,-0.35241815,0.15567648,-0.25645196,-0.65026045,-0.1373882,0.22881953,-0.79674923,0.21124373,-0.95302343,-0.14384021,0.2622146,-0.110532954,0.107386954,-0.5542319,-0.35685974,-0.43012455,1.1036742,-0.33612144,0.30276668,0.075481154,-0.45087972,0.78461766,0.3350343,-1.2568985,-0.9047621,0.03607493,0.37093282,-0.49144933,0.3744874,0.29409686,0.4898081,-0.20888619,-0.11578309,-0.54216105,-1.0478214,-0.5954947,0.6915021,-0.21882287,-0.14625585,1.6101127,-0.32558632,0.83549166,0.20162778,-1.032246,0.28793055,0.51433766,-0.27088597,0.660582,-0.73258555,0.38672206,0.29340845,0.3980991,-0.0063958894,-0.09781281,0.8427283,-0.9057472,0.579193,-0.32549304,0.6109795,-0.06710511,-0.27973735,-0.1328807,0.07809797,0.2002205,-0.95714504,0.55024666,-0.5271761,-0.24289742,0.5478455,0.55341095,-0.8171829,-0.3392588,0.8703223,0.39227226,0.17186552,0.1229049,-0.17120275,0.19188085,-0.23278865,0.07276826,-0.2801153,-0.06613426,-0.13101405,1.4200554,-0.4740367,-0.28354377,0.24354698,-1.6063572,-0.16866402,-0.26433536,-1.5121707,0.8804686,1.2175853,0.11644782,-0.63672537,-0.62660176,1.657745,0.55898947,0.5037008,0.0022874642,-0.018928654,1.0463613,-0.35067523,-0.4542486,-0.08079431,-0.57171994,-0.09291524,-0.20704375,-0.16634607,-1.2518733,0.13075592,0.38366622,-0.96700084,1.307619
1.1882278,-1.2970456,-1.5973971,1.5733682,0.20531082,-0.27852988,-0.7661885,-0.0024208715,-0.6913956,0.41003516,1.0284139,1.5433986,-0.7681611,1.7561809,-0.12969095,-1.7096243,0.18359958,-1.0579741,0.0549113,-0.34414798,-0.9928961,0.14624079,0.5050113,0.15486461,-0.8266938,0.31985366,-0.5848912,2.4128604,-0.228599,0.48790893,-0.72175723,-0.7409342,0.047151033,0.73580736,0.44414243,-0.9682961,-0.23068304,1.0940802,-0.7805823,-0.011763234,-0.14371367,0.14783674,0.1511632,-0.47660035,-0.76366144,-0.3851541,-0.64195234,-0.32915094,-0.59244627,-0.7785683,1.3496987,-0.05338454,0.82513875,-1.1783289,-0.31444395,-0.74654126,-0.052901343,-0.38975388,-0.5718761,-1.3636042,2.398813,0.013809995,-0.30763558,0.9638658,-0.15218279,-0.06006974,-0.21302547,2.3268132,-0.72197413,-1.0236436,-0.41284263,-1.4074033,-0.34458402,0.62252027,1.1658804,0.49280974,-1.0910033,-0.9034825,-0.07028116,0.25463504,0.6763018,1.2956719,-0.81196326,0.9758389,0.86581695,0.46502975,1.1072218,0.054499477,-1.207922,0.8383937,-0.31157538,0.238814,-0.022279907,0.38252267,0.8820784,0.672673,-0.7153372,-0.49995798,-0.7358798,1.1849955,-1.7448132,-0.81069607,1.3654747,0.4985406,1.2385381,-0.49968633,-0.13149264,-0.48000306,0.58818173,-0.47413653,0.19081047,0.19746493,-0.05434368,-0.33916488,-0.38589516,0.6116157,-0.80427283,1.4975044,-0.5814997,-0.009468704,-0.28605777,0.24338664,-0.434824,-0.5660101,0.33379376
-1.8633548,-0.42314807,-0.3637306,-0.62008387,-0.34945607,-1.3048902,-0.14339793,0.7154481,0.35983703,1.4405854,-1.1602674,0.9562558,-0.3914467,0.70208174,-0.0547106,-0.21977364,1.1140717,-0.34729558,0.04153198,-0.32005024,-0.2636014,0.8063538,-0.025106614,0.7178697,-0.78710014,-0.56057817,-0.62017363,1.90253,0.28367397,-0.31778935,-0.8997513,-0.25899842,-0.3458082,0.38138035,0.5338801,-0.83619153,-0.55906755,-0.20274389,-0.46015328,0.06558741,-0.47918665,0.73785424,-0.52374506,0.03372871,-0.082123,0.5631978,0.4400325,0.0903667,0.3153833,-0.78716207,-0.10077231,-0.38290566,0.14059575,-0.52331394,-0.933838,-0.28570074,-0.35105243,-0.6365525,0.17140524,-1.6427109,-0.92187834,-0.4569727,-0.3262585,-0.51986647,-0.4544029,0.020814018,-0.9592876,0.04072032,0.17273603,0.24679555,1.5705845,0.76119995,0.7885085,0.07351431,0.661551,-0.24555126,0.38684058,-0.73700345,0.5468984,0.13933901,0.39835793,0.59759945,0.31308183,0.32740226,0.6848078,0.43977037,0.40328252,-0.27967635,-0.79206944,-0.14934734,0.44834837,-0.32179368,0.41050208,-0.3608366,-0.34696856,-0.1152575,0.22346914,-0.8040711,-0.8956142,-0.5199296,0.27026078,0.16878897,0.9452663,0.49527246,0.30330685,-0.07418254,-0.27517423,0.4651848,0.20922032,-0.28122535,0.037010767,-0.41697437,0.9047229,0.22172768,-1.261301,0.46092674,-1.401194,-0.3982714,0.36204395,0.16703415,-0.39856812,-0.32620707,-0.46076626,-1.0589663,1.4222449
0.05421513,0.41609746,-0.5724359,0.0507861,-0.9580406,-0.48010176,0.0014899354,0.15036696,0.36831126,-0.27667308,-0.8986829,-0.11032627,0.34419858,-0.338143,0.7224334,-0.76489335,0.5495847,-0.4266528,-0.56529737,0.07092994,-0.7190406,0.24079026,0.41535288,-0.49779534,-0.44460154,-0.114664786,-1.3615637,0.91890574,-0.32641587,-0.31018317,-0.68512136,-0.22947538,-0.5080174,0.761583,-0.14678901,-0.28070402,-0.13074325,-0.375682,0.32209215,0.64351964,0.04208541,-0.0461156,0.25336042,-0.39060083,-0.9477358,-0.7823131,-0.21521911,-0.16963136,-0.29661885,-0.4941764,0.9760702,0.1647276,0.83316845,-0.8448576,-0.6259816,0.020530883,1.3566223,0.66211957,0.21481499,-0.7620016,0.5890077,0.058096312,0.6991863,-0.048976813,0.19519946,0.53050274,-0.01461562,0.22896494,-0.9579771,-0.4313943,0.20827697,-0.22938946,0.93489015,0.5094654,0.75497895,0.36458373,-0.13884392,0.074335754,-0.3989899,-0.118029036,0.75113755,-0.00063455105,-0.5909357,0.84188,-0.830804,0.21148473,1.210615,0.3102774,-1.2283165,0.11037513,0.12107574,0.23784763,0.8171764,0.28232357,0.47071514,-0.004163267,-0.5835691,0.22189438,-0.90852576,0.50392294,-1.3435708,-0.28370708,1.0483702,1.1860882,0.26984993,0.3316339,0.48674798,-0.508966,-0.1321177,0.79238236,-0.6644471,-0.2239172,0.81740755,0.9367134,-0.33059582,-0.4175626,-1.0655605,0.16515978,-0.13618791,0.14710876,0.32592875,0.28854415,0.70743334,-1.0535842,0.9304992
-0.14431216,-0.53728896,0.6742337,-0.07348274,-1.0551964,-1.0935068,0.90176916,0.036448725,-0.14155445,0.55347645,0.4144897,0.030783784,0.8650736,1.2077821,0.16001332,0.011872595,0.19553924,-0.3073016,-0.33281472,-1.2405562,0.12673128,1.6597829,-0.99681145,0.67479634,-0.65899664,-0.34223235,-0.3485934,0.18124904,0.7036318,-0.50369537,-0.88181067,-0.61690277,0.6591835,0.67685455,0.30574924,0.6400779,0.08710199,0.62749904,-0.8752373,0.3078308,0.054228082,0.33272427,0.07659165,-0.25353962,0.9721875,-0.32651967,-0.14930263,0.29096496,-0.013069968,-0.4153951,-0.33352938,0.114443876,1.035771,-0.13809773,0.21845476,0.3367619,-0.89913213,-0.24013355,0.058829676,0.58607405,0.23032609,-0.803993,0.05571838,-0.020797193,0.5441611,0.20481338,-0.17024183,0.9089563,-0.15810022,0.55028474,-0.17051454,-0.43272695,1.0842403,1.1115595,1.2546271,-1.0404547,0.23348626,-0.9889923,0.42825812,-0.1378881,0.39387378,0.21070673,1.6087865,-0.28846148,0.51657057,0.32917124,-0.026705896,-0.36593676,-0.32326752,0.066026054,0.69302917,-1.2754138,-0.13098308,-0.06841639,0.71821433,0.38242275,0.12286821,0.43642816,0.13841718,1.0973372,-1.2217705,0.49629688,1.9898458,1.1365048,0.4474649,-0.23796967,-0.25450677,0.4640627,0.3386328,-0.12848094,0.009427255,-0.25434583,0.8943838,-0.58915955,-0.70772547,-0.3487853,-1.3219748,0.6702256,-0.2255745,0.36101142,-0.117720604,-1.1110455,-0.113923006,-0.85539037,1.7986625
-0.44287193,-0.65583646,-0.72942233,1.3057644,-1.1054775,-2.1324334,-0.810646,-1.0490555,-0.9972871,-0.36495316,-0.446489,1.4590755,0.28455412,-0.96653605,-0.38424188,-1.3064494,-0.08500012,-0.9601528,-1.1425725,0.10226703,-0.49382848,-0.6053157,0.7472014,-1.4690434,-0.8204476,-1.267095,-1.2127439,1.5589395,-1.8334965,0.84202933,-0.9602495,1.1284037,1.9561673,1.2487735,-1.0385138,0.20022707,0.10413956,-0.28152847,-0.39134544,1.2299093,-1.105127,0.18557,-0.032500416,-1.1010903,0.66615653,0.45588306,0.11100351,1.4014537,-0.5957381,-1.0866735,0.3194798,0.051614594,0.72403085,-0.6258871,-2.0073762,0.76031995,0.25400144,-1.7986528,0.72027063,-1.4185469,-0.41916856,1.0054163,-1.1521155,-0.23993698,0.275076,0.6935612,-0.46318844,0.9387926,-1.325221,0.62666625,0.560559,0.49930432,0.06618666,-0.47202116,-0.7781286,-0.7316754,0.18683138,-0.82707316,0.6327698,0.8645012,0.6847342,-0.62138504,0.6564942,0.7592381,1.0263665,-0.9681005,1.0848182,-1.2142175,-0.5181597,-0.62533355,-0.9793938,-0.6927087,0.7370509,0.021101749,1.0033929,0.47656947,-0.3757413,-0.57755524,-1.0295227,0.62365776,-1.9886425,-0.5403881,1.1370199,1.6132121,0.48569646,0.78920764,-1.3256948,1.1010417,1.8095715,1.5976477,-0.49221954,0.562617,1.027677,-0.080934115,-0.733921,-0.07018518,-0.85462564,0.13928977,-0.09989953,0.54684824,0.1054894,0.6656734,-0.3409788,-0.8184491,1.5906906
1.0046186,0.1884404,-1.2220796,-0.08623054,-0.8485836,-0.3876003,0.05250205,0.4366515,0.011157516,0.085251644,0.21064457,0.40195802,0.1000276,1.3331295,0.07045549,-1.4719008,1.1573436,0.49345535,-1.4600674,-1.0987376,0.0038952148,0.9794685,0.43300736,-0.6347437,-0.28023124,-0.22515568,-0.74134076,1.5950522,0.026769033,-0.2793344,-0.83041024,0.69357616,0.8088646,-0.35979715,0.4686976,-1.3205171,0.14423671,1.2804463,-0.87146515,0.68089944,-0.4583366,-0.4010219,-0.48178986,0.5080004,0.14892621,-0.19346946,-0.83800536,-0.8390117,-0.44495666,-1.4174945,1.2558284,-0.40055126,0.26231563,-0.32838938,-0.7191398,0.6742122,0.6894345,0.16096152,0.62044954,-2.4122903,0.7072702,-0.43476442,0.23405309,-0.33228728,0.7473962,0.2144811,-0.19270235,0.65832514,0.2412281,-1.4165046,0.46481758,0.7375403,1.2070835,-0.6252676,0.2410471,1.3307486,-0.23583406,-0.34417808,0.021087892,0.62402225,0.10831486,-0.31186473,0.47122356,0.37221304,0.36194375,0.22877297,0.3321166,-0.9882749,-1.0196505,0.061833844,0.38014695,-0.9989867,0.1903248,0.18488637,-0.04002279,0.57344043,0.6625525,-0.42809984,-1.4527253,1.1929688,-1.3828552,0.53553456,2.238899,1.2653847,0.97727114,0.7133519,-1.1197022,0.9379699,0.8397053,0.79495156,-1.2982899,0.49527404,0.6560212,-0.42858785,-1.2988088,0.03266028,-0.49768382,0.57130533,-0.6661898,-0.5886418,-0.49607506,-0.63233817,-1.2583876,-1.3636973,-0.6030502
0.5900513,-0.9458662,0.24737775,-0.033519886,0.66844225,-0.19159168,0.31069714,0.7652725,0.22430702,0.6211841,0.20832099,-0.15487726,0.8430332,0.77306086,-0.44929898,-0.46098152,-0.5540404,-0.20232151,-0.41012213,-0.78875834,-0.58248484,1.18465,-0.5837157,0.59762955,0.025809996,-0.16849467,-0.0006780252,0.35267034,1.274197,0.040319055,-0.7889991,-0.07051262,1.5669475,0.09881908,1.2164351,0.5005911,0.71390843,0.37744403,-1.2564045,0.5048031,0.1413189,0.17468637,-0.093632214,-0.24076226,0.10104681,0.35875297,-0.038528107,-0.26655734,-1.2513646,-0.49435925,1.6388323,0.63749194,0.51603687,-0.33866432,-0.46027428,0.839648,-0.08303924,-0.862134,-0.31534716,-0.8740613,0.52562916,-0.37434402,-0.2601538,0.14752625,-0.049002357,0.2219696,-0.28179556,1.3876677,0.24187842,-0.8872192,-0.45654678,0.74847007,0.8477673,0.10070143,1.1475213,0.032180127,0.5205962,-1.1732113,-0.7534722,-0.39073366,-0.0072255153,0.072185494,1.6238328,-0.11915723,0.13374928,0.40670124,-0.2996494,0.08452828,0.014879772,0.33398515,0.3467054,-1.2639041,0.4515794,0.84411573,1.2930093,1.5313963,0.474646,0.15342045,0.18448795,1.0590316,-1.0409998,0.10413778,0.97277707,1.6481665,1.7552723,0.0092911925,-0.933859,-0.13184652,0.5124236,0.8922647,-0.7457244,0.29836613,-0.24233268,0.18901256,-1.1602374,-0.66606593,0.11102111,0.3216886,-0.6676268,0.24735564,-0.25636002,-0.025871765,-0.61814517,-0.87775195,1.218033
-0.0020931885,0.16634366,-0.70658046,0.16101316,-1.4974195,-0.773016,-0.18047702,0.56271255,-1.4025846,-0.53603673,0.47739714,1.1168282,0.6386883,0.50306123,0.3420045,-0.23836227,0.75064236,-0.6938947,-0.702865,-0.33040437,-1.2625337,0.7987382,0.9700569,-0.024795355,-0.44200635,0.70952785,-0.040985677,1.4069413,-1.1540934,-0.5805461,-0.19824053,-0.13074203,1.1652129,0.5246732,-0.10433538,-1.1019579,-0.7982084,0.47306132,-0.30648914,-0.17681912,0.595361,-0.8425135,-0.53523475,-0.7567716,-0.12490935,-0.02902579,-0.4418199,1.0041062,-1.1287792,-0.14359221,-0.014428515,-0.4737579,1.0951283,0.19801423,-0.7815467,0.013080947,0.29347575,-0.47476533,-0.031947587,-0.027342116,-0.2356629,-0.1675022,-0.6128699,0.48953167,0.5605182,0.3459445,-1.077217,0.0439358,-0.77120614,0.55714524,-0.25931376,0.010731673,-0.2800074,0.7313746,0.3586669,0.35827532,-0.9087698,0.28199077,-0.48487157,-0.19362041,1.0939889,-0.24109842,0.5177701,-0.20770738,0.8303255,0.67855597,0.30287302,-0.055249028,-0.18876335,-0.5432078,-0.24339032,0.29067943,1.0841477,0.5220756,1.8994412,-0.18531859,-1.5276084,0.064064644,-1.1913966,0.9703153,-1.745427,-0.43326554,1.1452616,0.7928943,0.8895009,1.1878603,-1.0015105,-0.437638,0.33385512,0.74815273,-1.3325038,-0.43165067,0.84978557,-0.2679943,0.24529323,0.9013209,-1.021324,-0.39633864,0.39697173,-0.3930965,-0.15377046,-0.4138286,0.91022724,-1.2011727,1.8775257
0.5636474,0.3815911,-0.09419875,0.54375476,-1.8320308,-1.3320212,0.9417929,-1.2167876,-0.56359047,0.4746975,0.13069753,0.17105457,0.75297844,0.7371179,-0.33814263,-0.6131187,0.28936887,-1.0088148,0.33477235,-0.50152993,0.7188223,-0.17114106,0.031444073,0.47866908,-0.6638921,-0.73709744,-0.28307393,0.48261186,0.039308235,-1.0045812,-0.016919404,0.0421986,1.0496397,0.6024023,-0.42614734,0.54212296,-0.44886497,0.7148911,-1.3079147,0.99832106,-0.0022754278,0.1711928,0.57209104,-1.0356226,0.8732726,-0.5651398,-1.1375021,0.283452,-1.6457795,0.14975718,1.4036859,-1.2554173,1.0640905,-1.1845367,-0.48109078,0.4657493,1.4701662,-0.3717347,-0.0729505,-1.1559284,1.4438008,0.48396784,0.035029937,0.39546293,-0.1766044,0.81674606,-1.0893399,0.111375734,-0.40435416,0.4720216,0.3202443,0.38304648,0.29740465,0.041009326,-0.106709704,-0.33450207,-0.18155782,-0.53054166,-0.2920268,0.8519519,1.1859905,-0.089752086,-0.13980417,0.84046245,0.97170603,0.4493721,0.5140129,-0.8636515,-0.41314662,-1.1949899,-0.8355101,-1.4763654,0.98073804,0.64949304,1.3185344,-0.6380285,-0.5321168,0.8998721,-0.56524163,0.25843865,-2.5642133,-0.6973288,0.93353707,1.3618406,0.5420379,0.34532607,-0.7598631,-0.09968465,0.9202475,0.98706913,-0.9624083,0.18030126,0.47662422,0.16776003,-0.33795103,-1.387999,-0.7069745,1.6028776,-0.12558305,-0.5139443,-0.24782032,-0.026758347,0.44852322,-1.2695779,0.49816805
-0.7888143,0.21581085,-0.45358875,0.5499252,-0.87358916,-0.8311776,-0.35915935,0.34777042,-0.58519685,-0.10431935,-0.614788,0.53053993,0.6162323,1.0061568,0.13807642,-0.3557902,0.8228782,-0.35157493,-0.018563591,-0.39332083,-0.7948954,0.14403293,0.72289866,-0.6136912,0.036608357,0.18101986,-0.6774665,2.2248347,0.17201963,-0.45083517,-0.78744125,0.10917955,0.7608282,1.0892241,-0.21610236,-0.49269846,-0.61538315,-0.22512735,-0.5108911,0.8813199,0.35755613,1.012061,0.31122148,-1.313077,-0.8089177,-1.0251142,-0.8492927,1.0493062,-0.2906461,0.8408709,2.1313112,-0.17049812,0.2664481,-1.8593805,-1.2131362,-1.4396455,0.2810207,-0.43436736,1.0883224,-1.2496462,0.01026959,1.3729686,-0.3646746,0.45034865,0.30121845,1.0885899,-0.9369199,0.6874176,-0.5586216,-0.18082944,0.19667645,-1.1364741,0.9888908,0.8655717,0.5333821,0.39309093,-0.23312028,-0.7538185,-0.34533325,0.5578897,0.31632805,-0.47246346,-0.77851444,1.0898808,0.27272677,0.41707698,1.5682117,0.3016129,-0.7454712,-1.1898257,-0.65698147,-0.44395915,0.20302208,0.39996463,0.81986564,0.08761955,-1.4578692,-0.122378476,-0.39454204,-0.43379334,-1.5872476,-1.2030954,0.5075359,0.54420435,0.8806808,-0.1344217,-0.45984566,0.19716991,0.12328026,0.4446236,0.17279878,-0.22316381,0.3806543,0.4006147,-0.9650344,0.26873198,-0.2745929,0.85936505,-0.08455335,0.7423529,-0.8269518,0.24342105,1.1571374,-0.64207196,0.20416808
-1.1478707,0.56184286,-1.2686774,-0.65993875,-1.3298756,-1.4288586,1.2640145,0.67198414,-0.16035482,-0.35060543,-0.32471833,-0.39427626,-0.2685146,-0.23061347,0.7337227,0.6394777,0.40973416,0.39694607,-0.7579913,0.010874864,-1.8163658,1.3705305,0.14853977,0.3153884,-0.36869383,-0.338921,-1.1041142,1.8194684,-2.0871897,0.015027417,-0.56172776,-0.0021685306,1.1196163,-0.76139235,-0.1894137,-0.76124054,-0.5646919,-0.68395215,-0.4159745,-0.5429235,-0.015921557,0.7901802,-0.44860786,1.0843989,-0.007632331,-0.33334222,-0.2352525,0.968641,-1.0531749,-0.3846673,0.4132692,-0.25074556,0.06025917,0.28912967,-0.5639142,0.11698168,0.18241198,-0.0314955,0.6933465,-0.4956772,-0.7857212,-0.6634862,0.25888586,-0.3336455,0.73843247,-0.15424287,-1.0579554,1.3770972,-1.1776997,0.0763761,-0.17620464,0.29196742,0.57728106,0.6270976,0.7757626,0.1712041,-0.20339714,0.44911313,0.23851189,0.35981032,-0.22621569,-0.12425306,1.7156584,0.35131076,-0.60461485,0.3397357,0.60184866,2.5061874,-1.6427354,-1.348331,-0.6716625,-0.43639073,0.30296448,0.49441284,1.0149108,-0.43051362,-0.14640193,-0.09966088,-1.1159014,-0.62463367,-0.93646306,-0.11433892,1.570934,0.6176638,0.2667007,-0.4157646,-0.026686192,0.6005093,-0.31523237,1.1536962,-2.2014532,-1.0278447,0.93698907,0.1612443,-1.6255122,-0.48935986,-2.1837685,-0.87559706,1.3413124,0.13430287,-0.83945227,-1.2464762,0.87786055,-0.8916427,1.7256244
0.2643196,0.37698895,-0.42468256,-0.042314284,0.038895067,-0.8169145,0.7543796,-1.0497537,0.80639905,-0.10816514,-0.9265577,0.25404096,-0.18491381,-0.23775369,0.5598852,0.091854624,-0.25496173,-0.256086,-0.15103295,-0.6230844,-0.28628826,0.5581249,-0.103508666,-0.03473322,-0.0547622,-0.9077776,0.08588763,-0.22452693,0.25973493,-0.5646395,-0.27219948,0.1805358,0.7633008,0.95490575,1.0704498,1.4555563,0.85830224,0.2063703,-0.87811,0.74757683,-0.95530033,0.86752415,-0.11044933,-0.8977731,0.3593435,0.14050663,0.14115685,0.030679662,-0.29163143,0.37276998,1.6454587,0.24196592,-0.2869572,-0.8418909,-0.31137168,0.07366224,0.7087513,-0.6419548,0.13020192,-1.2199597,-0.48628658,0.5626403,0.105482444,0.69449717,0.046354868,0.6195484,-0.36029512,0.8413787,-0.5219549,0.23847552,0.51463896,-0.38285398,1.4335921,0.5622502,0.9621145,-0.13815631,0.1249117,-0.37992164,0.05809945,-0.14374778,-0.3104233,0.18330455,0.91090125,0.27900952,-1.2236788,0.5375911,0.33372408,0.62714404,-0.288695,-0.7726861,-0.48492506,-0.6676395,0.68183875,0.70243573,-0.21580324,-0.12899701,-0.24541686,-0.2670703,0.18034197,-0.9366351,-1.0169623,0.11438177,0.5117447,1.1162843,1.0473146,-0.5838034,-1.1832397,0.55424803,-0.42921185,-0.17478286,-0.21257442,0.7801686,0.11971877,0.5046057,-0.9246769,-0.8404276,-0.74116,1.000569,0.55320853,0.3833349,0.49790442,-0.01689688,0.38215786,-0.56989413,0.3441067
-0.87152785,-0.24690677,-0.45920685,-0.56758165,-0.65447533,-1.0945193,0.92375684,0.610016,-0.07576023,0.48985696,-0.31025454,0.18700926,0.72508913,0.6978261,-0.18670677,-0.7837455,0.49597934,0.14389278,-0.3337891,-0.14430973,-0.6473162,1.0281705,-0.30132997,-0.6010131,0.1308013,-0.17567839,-0.00013823342,0.8187924,-0.039719284,0.0847841,-0.69117117,-0.42673174,0.5607569,0.3659988,0.18064356,-0.8564032,-0.21741676,-0.024510408,-0.567925,-0.34098306,-0.577813,-0.14426541,-0.42162678,-0.052450173,-0.6657373,-0.61240107,-0.022588745,0.2991646,0.2785829,-0.70735,1.515496,-0.79764605,0.28871706,-0.3201662,-1.8457454,-0.06748709,0.48328018,-0.4888947,0.86211395,-0.8588154,-0.41551495,-0.61167157,-0.20992845,0.49026453,0.7593579,0.98312724,-1.1125689,0.5264846,-0.7317996,0.04689175,-0.25701421,0.62545884,0.7915581,0.5595538,0.62621784,-0.008709123,0.1968795,-1.2177112,0.41554287,-0.08144052,0.36322346,-0.19769475,0.3198046,-0.16830647,0.3276448,0.37225708,0.40321177,0.63772964,-0.3845036,-0.19895014,0.6571558,-0.60427946,0.49791753,-0.27288485,0.7963526,0.6120976,0.13968056,-0.6931457,-0.994183,0.4527028,-0.79027486,-0.82022375,0.7718699,1.4251161,0.29984206,0.23919833,-0.95991266,0.87484235,0.58445084,0.24619326,-0.5035216,0.45034117,0.604157,-0.038078416,-1.0710111,0.24710038,-0.54814404,0.40287948,-0.5865122,0.5149108,-1.0440648,-0.29425535,-0.3695386,-0.8399029,0.7415491
-1.6077877,-0.07887094,-0.86216295,1.2977805,0.17169727,-0.20632139,-0.084977694,0.905369,0.04560799,-0.2812582,0.7930926,0.901276,0.39012477,-0.070772424,-0.015628178,0.27168465,0.82998496,-1.3609815,1.7274692,-1.0141202,0.9032635,0.36660436,0.0138916345,-0.7550937,0.61194897,-0.37107778,1.10379,0.11368526,-0.14548448,0.7215532,-1.2881783,0.061135963,1.4366446,0.7358528,-0.70178044,1.251363,0.7649841,0.42540756,-0.15760568,-0.17028233,-0.47904143,1.1956551,1.0440314,-2.1187088,1.6917797,0.3979479,-0.48622486,1.101894,-1.0423684,0.5820136,0.7357852,0.62343115,1.2615055,-1.0637653,-0.6642985,0.6105161,-0.87581885,-1.9156178,0.48659742,-1.7945443,-1.012555,0.37614122,-0.85247654,0.8895413,-0.5198024,-0.8670907,-0.3356698,-0.364011,0.9623885,0.37566003,0.5623531,0.26249352,-0.09035473,0.19407628,0.43981743,0.2909827,-0.6437595,-0.48020607,0.4904929,0.4831842,1.2455156,-0.49214834,0.3850407,1.5908216,-0.28108785,-0.83587927,0.52956194,-0.67396337,-0.044526927,-1.4318643,-0.86695546,-0.6653924,0.74215543,0.115139335,0.99685395,0.75281906,-0.50805837,-0.26859945,-0.30400118,-0.350573,-1.4472059,-1.1441987,0.18202522,0.4422801,1.3469362,-0.5684882,-1.2982409,0.2005984,0.7819624,0.34031752,-0.44418028,-0.21672983,1.0263901,-0.21675995,-0.27415028,-0.79028153,1.7010432,1.323397,1.3134599,0.23360674,1.4545889,0.9073105,-0.9388956,-0.643235,1.2891679
0.7135499,0.13177931,-0.45691597,0.85144514,-0.5485879,-0.53023285,-0.5175006,-0.34435114,0.3086995,-1.3165083,-0.12357166,1.1321626,0.5947447,0.45045048,0.3230221,-0.7785849,0.6039546,-0.42118564,-1.2872958,-0.20883845,-0.9712606,0.76783276,0.3167078,-0.31049156,-0.26794916,-1.0500953,0.043194328,2.179997,0.04989761,0.38467655,-0.3202181,-0.188658,1.6858046,0.10206175,0.25875658,0.4155593,-0.48241732,-0.48161876,-0.36449343,1.6520077,0.029234651,0.7311564,-0.20898864,-1.2411854,-0.6790344,-0.49924487,-0.4791051,0.84184533,-1.3351078,-0.13107532,2.2171037,0.1758574,-1.3896112,-1.0829638,-0.9195711,-0.32748634,-0.33390605,-0.37221766,0.31943348,-0.9429221,0.16670968,0.95573825,-0.43867677,-0.66643363,0.95326537,0.5593524,0.009211906,1.3775276,-0.8427204,-0.5663739,-0.8209282,-0.33391705,1.2234967,0.72470367,0.34764045,1.2289339,0.18688975,-0.4526888,0.57912636,0.51263946,0.23879023,-0.19628367,1.3180441,-0.31823468,0.70965147,-0.86980397,1.3072944,0.3392683,-0.63556665,-0.97447085,0.1713531,-1.3386058,0.017392028,1.0408728,-0.006191505,1.1245703,-0.32895854,-0.90084803,0.12131055,-0.3953125,-1.6049657,-0.288507,0.21088758,0.27028754,1.541752,-0.33601236,-0.8731789,0.9420244,-0.020127216,0.14935564,0.2504858,0.7572747,0.05798159,-0.6234477,-0.81469697,-0.20378047,-0.30259308,0.92620224,-0.28328875,0.37047175,-0.28241917,-0.35752842,-0.57019305,-0.5165509,-0.29574424
1.016121,0.25557128,-0.5122861,-0.4284049,0.47495994,-1.643882,0.017082606,0.342855,0.4293853,-0.32250565,-0.3018744,-0.031863805,0.06953974,0.29538432,-0.2409379,-0.36531955,0.26836908,0.5813166,-0.35019273,-0.64976984,-0.97754765,0.33297902,0.046920247,0.51968783,0.12998505,-0.81141263,-0.4172963,0.38475296,0.21624495,0.27742422,0.049488537,0.43575382,1.7231427,-0.2083524,-1.212013,0.21502557,-0.06171841,0.11520431,-0.7429665,0.5996863,0.07652949,0.230615,-0.26115257,-0.33258384,0.07694568,0.33175766,-0.026640734,0.03831355,-0.6199886,0.3236626,1.0632688,0.41786718,-0.01338722,-0.2867592,0.8034845,-0.3547258,0.0040201023,0.15671533,0.044070393,-0.6689074,0.09441085,-0.5917013,0.11812175,-0.22521797,-0.41750082,0.59945816,0.73573375,1.022106,-0.5351253,-0.47203794,-0.023458805,-1.3483227,0.56445765,0.44831878,0.6307709,-0.035890236,0.21026216,0.16232806,-0.56379354,0.6042123,0.11972095,-0.37162632,0.60741997,0.9582952,0.26638284,-0.20151016,1.3988644,0.1764774,0.24176627,-0.09890737,-0.8294804,-0.9144532,-0.08941581,1.2913448,0.46180242,-0.7191583,-0.027196351,0.10929444,0.1269184,-0.46327308,-0.99059284,1.1803372,0.7697978,-0.06055985,0.547936,-0.3902666,0.32164103,0.18013602,-0.4690085,0.90161,-0.5269077,-0.43633315,0.40807024,-0.30971444,-1.2460103,-0.6824667,-1.1945025,0.12831847,0.40175378,0.9546894,-0.16420357,-0.34382972,-0.277861,0.817299,1.3682406
0.31383535,1.0329303,-0.79681027,-0.2004729,-0.025565099,-1.2551466,0.70810014,0.7798704,0.2664054,1.7189279,-0.16723318,-0.7423382,0.51711124,0.22527286,-0.6258353,-0.5321686,-0.11623776,-0.59844726,0.5457677,-0.8846342,0.7779941,1.0297104,-0.16893901,0.387039,0.6943378,0.32386288,0.5936118,0.48783538,0.9942041,0.59455657,0.18963867,0.7577294,-0.07686323,0.9588036,0.0984886,-0.44892278,0.13743655,0.058848523,-0.6908301,0.44430667,-0.6929704,0.8621935,0.73865193,-0.90227795,0.79915196,-0.07128118,-0.54959846,0.49087214,0.12897173,0.41525346,1.9701821,-0.38520417,0.41680703,-0.30995572,0.74733704,0.11572305,0.27349213,-0.22685412,-0.6823749,-1.8301088,-0.535972,-0.037127174,-1.1433364,1.5026895,0.60904515,1.4440215,-0.9057664,-0.6580404,0.9397483,-0.85745287,0.5798379,-0.35117406,-0.017933479,-0.38745824,1.082978,-0.61990213,-0.021451531,-1.8090737,-1.0297655,-0.53323597,-0.31169894,-0.5003413,0.5186724,0.55649155,-0.6433575,1.0981199,0.8656507,-1.1389993,-0.09419724,-0.91668,-0.70936525,-0.34727657,0.64696026,0.2417647,1.2199672,-0.5744587,-1.4107466,-0.42081577,-1.2950408,0.0961708,-0.3507552,-0.9689674,1.0188465,0.8136978,1.2861094,-1.1322668,0.5285296,-0.15444778,0.019830624,1.2916771,-0.79526347,0.03264723,1.0794265,0.9281089,-0.96188,0.33634135,-0.32115093,0.38483062,-0.69362706,-0.30909133,0.28358355,-0.009400345,0.5356677,-1.0123996,0.7547976
0.31833526,0.5526255,-0.6055116,0.51819634,-0.547014,-0.20928454,0.18909276,-0.12764454,0.22166418,-0.118102185,-0.43288183,0.58508676,0.61759716,-0.046186287,0.27569553,-0.8143937,0.78314054,-0.7307188,-0.14593844,0.14481716,0.16170922,0.3311837,0.5799217,-0.33069733,-0.34104404,0.36271656,-0.8072946,0.57035553,0.21922413,0.26480213,0.15045483,-0.1657403,1.1145203,-0.05073314,0.31430385,0.41193795,0.14032374,0.638931,-0.9018759,1.4681004,-1.0532922,-0.25042874,-0.088100746,-0.31036523,-0.38991427,-0.5405219,-0.41584033,0.5819309,-0.46945107,-0.6840448,2.0685217,-0.6850311,0.14589289,-0.06483676,-0.4450667,0.697397,1.5870309,-0.14537622,0.5352311,-1.8395634,-0.6367441,-1.0331347,-0.13611396,0.3034247,-0.23154914,0.19708161,-0.50098747,0.7056562,-0.4746654,-0.64407176,-0.8786791,-0.60228187,0.69595534,0.7658669,1.1845853,0.19256952,-0.6709312,-0.107833594,0.14736795,-0.19614038,-0.07129513,-0.5431862,0.68467546,0.0992878,0.17562684,0.36886486,0.29359856,-0.3303783,-0.6833371,0.09491393,0.027688444,-0.6229234,1.0114565,0.12656395,0.9954799,0.6509,-0.037548803,0.5420405,-0.5295497,0.063217215,-1.2346945,-0.2028235,0.98706955,0.8861539,0.2648658,-0.030218963,-0.8726978,-0.13879424,0.20122659,0.49412382,-0.4190241,0.44665048,1.2468874,0.39070487,-0.83077693,-0.5426969,-1.1255453,0.34653035,0.37732887,-0.15290472,0.21560363,-0.7930716,-0.46712184,-0.12641759,0.90702355
-0.9322576,-0.1780789,-0.29803595,0.6597111,-0.5186343,0.2628478,0.009077177,0.13329434,-0.83673936,0.70644975,0.28110147,0.6717542,1.0498511,0.4623604,-0.4392086,-0.11337861,0.6594574,-0.78932375,1.1447103,0.0046651345,0.32763842,0.5937529,-0.09565971,-0.34622785,0.47743812,0.59344774,1.1544156,0.7897379,-0.6130875,-0.3433995,0.066194,0.2973767,0.054793574,0.23781985,0.19370702,-0.18567768,-0.8187259,0.32088232,-0.40965825,-0.8587394,0.094455615,0.91444105,0.16283451,0.289078,0.6672876,0.88972265,0.24026296,0.8787027,-0.58263874,0.63945794,0.58547324,-0.94716185,-0.30555242,0.21391483,-0.82019657,0.028458524,-0.54945344,-0.8880798,0.256442,-0.66560745,0.051528815,0.24174318,-0.587889,0.7080568,0.1692692,0.06570354,-0.99621284,0.17163472,0.5723053,0.082986206,0.9972119,0.4547126,-0.29175743,0.31749249,0.33795485,-0.3822673,0.07760121,-0.8632943,0.73702264,-0.353294,-0.3978412,-0.7100611,0.4729299,-0.58986926,0.5367466,-0.3336814,-0.32085663,0.048116885,-0.5442146,-0.44525668,-0.060453627,-0.8649153,1.165565,0.0020651873,0.79796016,0.1363354,-0.7597898,-0.5412628,-0.43101218,0.2707221,0.6701863,-0.9890436,-0.3128009,0.2665107,0.004028543,-0.5776095,-0.36519545,-0.09563497,0.5749632,0.8552532,0.077439055,0.030026408,0.92550254,-0.45237112,-1.1443973,-0.21950668,-0.09277277,0.9708428,1.0572804,0.07427509,-0.13473195,-0.59507704,-0.52083224,-0.281104,-0.49828556
0.7408191,0.7953743,-0.2269825,-0.17295517,0.2264945,-0.1279437,0.8747369,1.0794498,-0.36847675,0.677934,-0.39460996,1.0006046,-0.952473,1.2691643,0.6632594,-0.6495152,0.22528058,-0.75115824,-0.46164012,-1.6793668,-0.74739724,0.5520586,0.6060403,0.9514701,-0.6037576,-1.4837874,0.22641966,1.4090657,1.3548906,-1.8822073,-0.6749211,-0.5641655,1.754246,1.3065317,-0.16435885,0.2822331,0.07692328,0.4806057,-0.8496871,1.0064154,-0.32936198,0.74164873,-0.8797771,-1.5051607,-0.5033751,0.102595836,-0.61784106,-0.6153506,-0.9173997,-0.44847035,2.1538987,-0.33895823,0.013719091,-0.73667014,0.18970478,-0.21632373,-0.026305072,0.47797558,0.30720925,-1.5236702,0.0533174,-1.1568907,-0.6629412,-0.38914353,-0.06670847,0.9385864,-0.3311885,0.8430026,-0.3400642,-0.3576897,0.747622,-0.34423912,0.09623053,0.93834573,0.5769424,0.54754716,0.056714326,-0.5236584,-0.8364437,0.95764196,0.3768288,0.538877,1.4403417,0.049390607,0.8185934,1.0487343,0.8285312,0.29286712,0.19639643,-0.33701044,-0.5719406,-0.9962982,0.81374305,1.1644131,-0.5617828,0.25113088,0.2955906,-0.74945176,0.24364066,0.120228715,-1.1409154,0.45243403,1.277211,1.2241786,1.4949138,0.8327404,-0.67719096,1.2887216,-0.013126129,-0.062171265,-0.55631095,1.065256,-0.10384967,-0.1054757,-0.87322134,-0.19740169,-0.5145182,0.55435914,-0.14643213,-0.0038002469,-0.31917545,-1.0137295,0.59153295,-1.0344462,1.9061769
-1.0489317,1.28355,0.20207277,0.9502326,-1.2632269,-0.9971883,0.7016118,-0.042616528,0.55261445,-0.03688941,-0.07191178,-0.32939795,0.00459229,-0.26075336,-0.58789426,-0.3120691,1.0504853,-0.683111,0.65371454,-0.83603674,-0.6915244,0.3371641,0.6335749,0.60803324,-0.05021293,-0.93549645,0.7573022,1.619598,-1.027095,-0.118398756,0.13239112,-1.3107556,1.0104846,0.5325291,-1.8162143,-0.16094923,-0.46958494,0.50101703,-0.13775271,-0.7460877,1.0600821,0.7509552,0.4133981,-1.8013808,0.68519676,-0.53438723,-1.1063195,0.79870456,-1.4916012,0.86980355,1.0558662,-0.56337655,1.0935775,-0.687473,0.60706794,0.41125795,0.19136095,0.89800173,-1.2724347,-0.050559025,0.8357934,0.027549349,-0.4749458,1.1219627,-0.4383753,1.0176413,-1.3892988,-0.094842345,-0.6977647,1.2574875,0.8125353,0.6498177,-1.4679927,0.4674312,0.16562133,-0.5351942,-0.5066924,-1.4663367,-0.6659986,0.4459549,0.96832335,0.27031112,0.36996225,0.47238883,-0.18133825,-0.11893947,0.6243517,1.5426573,0.54543203,-1.790381,-0.24619606,-0.1651591,0.17907059,0.33336884,0.88738954,-1.1899265,-2.790323,-0.32425746,-0.4874211,-0.22489986,-1.6230627,-0.56434375,-0.37419328,1.227288,0.8334216,-0.93451524,-0.32308155,0.4985373,-0.99749374,-0.05206044,-0.8532695,-0.3962507,1.227696,0.3770764,0.022946987,-0.9171266,-0.2560496,1.5389227,0.25740623,0.39747265,-0.025222894,0.45575407,0.74679697,-0.65862757,1.7551067
0.029747743,-0.09231409,-0.9699078,1.3458788,-0.41841975,0.47850424,0.35110432,1.6666816,-0.23035929,1.3023953,1.2302244,0.7482594,0.1643224,0.4553538,0.8095081,-0.9938459,-0.12950884,-0.7962051,0.12319601,0.3537344,-0.46201977,1.1208708,0.28295863,-0.13195774,-0.66679823,1.5742984,-0.6594972,0.9675049,-0.43331194,0.14593232,-0.378476,-0.4102113,-0.3905056,0.43922803,-0.43242994,-1.0044436,0.32121813,1.1002324,-0.30646822,-0.20117904,-0.5142641,0.45334202,-0.13866296,-0.3407326,0.6545439,-0.45053393,-0.32651535,0.6787284,-0.6051979,-0.79651266,0.2200291,-0.03889435,1.135341,0.5593295,-0.4173962,0.3460958,0.20696625,-0.9937576,0.33876106,-1.0678942,0.38015556,0.08298621,-0.8767536,0.485206,-0.12024789,0.5358578,0.5611369,0.29481772,-0.54475904,-0.027532533,-0.1695423,-0.7963629,-0.44962776,-0.22143932,0.43946952,0.12061984,-0.06896925,-1.5075291,0.8592615,0.11279577,0.088221684,0.91925067,0.18265736,1.1769395,0.70889896,-0.61676055,0.5016393,-0.6879733,-0.64805293,-0.30786896,-0.2771559,0.19509204,0.7590884,0.18133682,0.2368355,0.40724632,-0.74733454,-0.58165914,-0.67455363,0.65454346,-0.8497475,-1.4884316,1.1639569,0.77925557,0.003449358,-0.37195665,-0.03437108,0.05839411,0.89466846,0.804125,-0.20713575,-0.47867918,0.57618314,-0.36330077,-0.35285193,-0.71719307,-1.3239584,1.7522901,0.73331404,0.4597261,0.9509901,0.44127086,-0.8772541,-0.58646274,0.28526282
-0.11153486,1.9325581,-0.5083139,0.6167003,-1.874823,-0.015687667,0.37730637,0.62887335,-0.12065771,-0.3212173,0.2535503,0.008329303,0.65350944,0.71365243,-0.08487654,-0.70362675,0.60260403,0.18468192,0.86516386,-0.55246973,-0.96898025,0.66975665,0.48777893,0.7884562,-1.2303523,0.5253732,0.08010037,1.4432307,-1.1746967,0.15777153,0.044268433,-1.3745046,1.1775944,-0.5081645,-1.645191,-0.5221113,-0.22224852,-0.03874784,-0.7823892,0.080387086,-0.08934492,0.5325528,0.106941566,-0.56633806,0.14727604,-0.5403812,-0.63790077,1.3422188,-1.441122,0.282436,1.2133949,0.09086236,0.7346288,-0.75342935,-0.6470616,-0.2608699,0.93009895,-0.36510333,-0.15963781,-0.6533488,-0.18923041,0.94892204,0.2518931,-0.23540926,0.8493058,1.1520731,-0.47545192,0.90550697,-1.2865281,1.7259398,0.90400517,-0.9559456,-0.006413039,0.7304659,0.4344711,0.36295372,-0.3478753,-0.75141734,0.880944,0.6485886,0.10805009,0.5852763,0.6513115,1.2502816,0.042233232,0.062418528,0.09946116,0.121259846,-0.3868906,-1.5893605,-0.62818235,-0.318961,0.46802375,0.3920865,0.1667305,-0.3585041,-1.2777429,-0.2561649,-1.0936763,-0.2966319,-1.3776122,-0.9429435,0.024629164,-0.04266803,0.0063545164,-0.4688979,-0.5823948,1.0669217,-0.90537506,1.1523664,-0.9900992,-1.387877,1.22653,-1.2747862,-0.7547059,-1.1459488,-2.1778638,1.9479067,1.1515245,1.0734289,0.8889055,-0.88844275,-0.5904213,-0.07057644,1.2234517
0.21276528,-0.33482656,0.5392423,0.9418328,-0.055862002,-0.6897624,0.6281324,-0.18356952,0.61898935,0.3629248,0.065093,0.13298346,0.6633505,-0.68162787,0.48402002,-0.83098656,0.8526663,-1.2164739,-0.0052663675,-0.74688435,-0.7192786,1.1457145,1.1955521,0.36527172,0.39679915,0.9792175,0.12944925,-0.10773982,1.3908162,1.1715508,0.8979238,0.0008469112,0.6978488,0.6047211,0.3789567,1.227019,0.73580855,1.0435528,-0.42425504,0.16638109,-1.2785643,1.5134794,-1.1070465,-0.55748034,-0.18370548,-0.3870588,-0.3218112,1.5284444,-1.829257,-0.021654705,2.30436,-0.072024584,-0.3803627,0.44793192,-0.18379505,0.31321108,0.8497198,-1.5709571,-0.13537568,-1.0974269,0.2859174,-0.051220283,-0.13776289,0.107189655,-0.6469907,0.7947954,-0.093081504,-0.66468227,-0.049794715,0.5891426,-0.16020486,-1.211187,0.8972998,-0.66525376,1.099962,-0.06202714,0.1991161,-1.6704124,-1.2536098,0.42756099,-0.24876617,-0.0556181,1.0953826,0.08238381,0.14291032,0.33411548,0.8470247,-0.7403531,1.1447408,-0.16065744,0.8756628,-1.8285222,0.94332373,0.9369468,1.5054224,0.74541235,-0.42581132,0.6100165,-0.2350623,-0.86311984,-0.66301,0.37087578,-0.34225708,1.2928582,1.410052,-1.0142924,-0.8662715,1.217065,0.4543844,0.71062523,-0.49562338,-0.32343638,-0.17057797,0.13356096,0.13538565,-0.9563507,-0.36801243,1.0804076,-0.08756307,0.07497911,0.41676342,-0.011402013,-0.1518434,-0.2698414,1.306048
1.0127151,1.8715554,-1.053944,-0.5653591,-0.7315141,-0.44665563,1.759095,0.95836335,0.026554946,0.17802814,-0.20652898,0.16724655,0.7181252,0.65865797,0.59557366,-0.63002217,-0.7264031,-0.60693806,-0.7825409,-1.6921046,0.21918936,1.886327,0.28385037,0.9278935,-0.80173194,0.2319591,0.026231179,0.7433832,0.48167628,0.009042866,0.39790064,-0.9064517,0.939678,0.28169948,1.1172073,-1.1515685,0.18582311,-0.8089326,-0.18025672,0.740616,-0.3719003,0.9223956,-0.52128,-0.9293314,0.030580044,-1.0172808,-1.385916,0.29477298,-0.75949144,0.19634257,2.6568713,0.6800742,0.039630074,-0.67136794,-0.41930103,0.9607593,1.371472,0.5802717,-0.63914734,-2.298197,0.41712347,-0.08547505,-0.94864243,0.6565978,1.509575,1.0419422,-0.56339777,0.83960897,-0.28145397,-0.728178,0.58635235,-0.25596958,0.7963973,0.46280798,0.6384606,0.4156835,-0.28828773,-1.0903139,-0.99239635,0.4497001,0.15058573,0.77756786,1.6001555,0.62196743,0.6303987,1.1056504,-0.47743803,0.180962,0.111391924,-1.0425354,0.30341524,-0.78304195,1.3345107,1.0121818,1.2775965,0.12908518,-0.020810591,-0.31685013,-1.0386914,0.6457424,-1.9013219,0.30701396,0.7242807,1.5037075,1.3975612,0.116549015,-1.6314025,0.8066229,0.28740036,1.195226,-1.126921,0.5706503,0.49069303,0.49584803,-1.2072055,0.061000172,-0.7118647,0.58920693,-0.13705482,0.50533193,1.0055214,-0.9146343,0.62600416,-0.54424226,0.7890771
-1.5187949,-0.3672934,-1.004726,0.4005359,-1.6179076,-1.8853551,0.59551495,1.549937,-1.3354826,0.60676414,-0.71148276,0.49081412,1.3916733,1.2051712,0.3838653,-0.3687027,0.7932547,-0.9264352,1.0658603,-1.0673279,0.59223986,1.7855445,-0.7164807,-0.25608093,-0.6721626,0.85784286,0.2581509,0.15809779,-0.8156045,0.8267307,0.6286594,0.7740087,1.7969946,0.689355,-0.45670047,-0.07341449,1.5049762,1.0195036,-0.20032492,-1.7528046,-0.30187848,0.6196039,-1.5934602,0.33750412,0.8751953,-1.0543009,-0.08932353,1.8525465,-1.4259334,1.3162204,1.4658571,-0.42239115,0.6664772,1.5544921,-0.8202797,0.36721146,0.66614455,-1.6445156,1.4919792,-2.1995387,0.043928012,-0.6775886,-0.34191003,1.2504046,0.9023484,0.68931794,-0.8844776,0.15864347,0.89424235,-0.027795833,0.8160145,0.7350513,1.6119708,0.41574275,-0.40569052,0.71353,0.50876474,-1.023142,0.025279641,0.812019,1.6261705,-0.36284137,1.3145111,0.32274187,1.0997645,-0.013249079,0.945932,0.7718492,-0.5990369,-0.5206576,1.2047174,-1.7505174,0.52598566,0.812987,1.7881292,0.9940671,-0.062507264,-0.12949489,-1.1350054,-0.21796292,-0.9725871,-0.30948606,-0.3572377,1.5336881,1.3369681,-1.2257965,-1.7922794,0.32990763,1.4390274,2.3905783,-1.3162307,-0.383224,1.4805642,-1.4247969,-1.0996009,-0.58970267,0.023138091,0.2735772,1.6343312,0.94223326,0.1620603,1.3062129,-0.6178327,0.027260967,1.5784585
-0.08020012,0.80776334,-1.25585,0.100768656,-0.89376587,-1.6764021,1.0480716,0.23017482,-0.7149526,-0.722782,-0.12825406,0.37097305,0.099029794,0.43526125,0.14001775,-0.7721596,0.29785845,-1.1378903,0.8162358,-1.0409311,-0.12965612,-0.16735952,0.6468533,0.25338566,-0.02505317,-0.54236776,0.27060798,1.8723444,0.41565087,0.45228964,-0.72153926,-1.1944014,1.9381844,1.5761243,-0.402147,-0.4036043,0.26686794,0.7627225,-0.6483897,0.6775635,0.27145398,0.67688036,-0.12496129,-2.3198326,-1.0136606,-1.6110101,-1.2484041,0.557391,-1.3145301,0.47595173,2.3140838,0.012004919,2.012524,-2.384469,-0.93032604,-1.780212,1.7004398,-0.8473592,1.1138535,-1.179987,0.114228696,0.4615019,-0.9867946,1.6292245,0.05720391,0.8490466,-1.2336762,1.2796421,-1.1954458,0.9490233,0.31760007,-2.059475,0.736146,1.07164,1.49493,1.4481435,-1.6735309,0.13266796,-0.27351493,1.3090308,1.5764539,-0.069899194,-0.69543886,2.2111115,0.3914145,0.95062435,1.9091434,-0.28118435,-0.7809979,-1.0843172,-0.5152785,0.03051891,1.4142708,0.60185164,1.803346,0.39163682,-1.576241,-0.53046227,-0.77163595,-0.2414944,-2.712411,-1.1100131,0.3825389,1.3408351,0.74903876,-0.54891306,-0.855342,-0.4263108,-0.04926102,0.7249659,-1.0154107,-0.07820636,0.45780355,0.050104003,-0.54914343,-0.33193046,0.009149037,0.9793462,0.3060403,1.0839877,0.27479416,0.59086096,0.6717508,-1.860079,1.6807097
-0.017598081,0.72382015,-0.94998467,-0.71671236,-1.223216,-1.3742751,0.6737397,1.5824305,-0.5982001,0.2667791,-0.42052856,1.2748696,0.3185784,0.10008897,0.18191797,-0.6064102,0.65389997,-0.29665738,-0.3004155,-1.27763,-0.80742073,1.3689331,0.67944145,0.21736656,-0.25161186,-0.17657329,-0.36596212,2.3472512,-0.049174413,0.55180234,-1.0522268,-0.812518,-0.027714523,-0.003956912,0.1690042,-1.7365177,-0.37614062,0.09524754,-0.51847357,-0.3551162,-0.1357024,0.95409656,-0.8402462,-1.2812816,-1.2168583,-0.7587158,-0.2657696,0.79772615,-0.22469084,-0.5130246,1.713355,-0.93340516,1.3854852,-1.1804632,-2.5605705,-0.46180704,-0.12947981,-2.1077316,1.5549204,-2.6650941,-0.18244503,0.8623623,-0.11287452,-0.028637506,-0.15144648,1.4814008,-1.6466932,0.42584965,-0.18386197,0.7634932,1.2719916,-0.6696513,1.2205052,-0.15259266,1.2793322,-0.010853225,0.6178975,-0.82474095,-0.89105844,0.16766736,0.60490525,-0.23051414,-0.012802258,1.4899429,1.7847592,0.8425286,0.15498343,-0.59238344,0.1767647,-1.183152,-0.30351883,-0.33841547,1.0220679,0.25762302,1.0527139,-0.1464486,0.06955664,-1.0070057,-1.734699,-0.17306954,-1.3867933,-1.7501688,0.7066374,2.2599332,0.07797976,-0.3526945,-1.2411007,1.9249496,0.011420615,-0.11536914,-0.6509234,-0.6969814,0.75336754,-0.13239872,0.6515496,-1.2777112,-1.4607747,-0.17983586,0.5992694,-0.12593646,-0.805228,0.8025192,1.533574,-2.3935835,1.8531555
0.30706757,0.79302186,-2.1993275,-0.32998127,-0.75862163,-1.0057446,1.1262711,0.685685,-0.329039,1.5575757,0.051988646,0.56717074,0.1513069,0.53009665,1.214236,-1.1176144,-0.37836722,-0.95105684,0.23161983,-1.0874885,-0.112983294,0.82858324,0.009869086,0.71183777,0.49374607,-0.815388,0.33232757,0.1862222,0.15289415,-0.6288615,-0.7478622,-0.4099099,1.1883731,-0.45949075,-0.9637037,-0.8168162,-0.54724026,0.3558389,-1.0689919,0.7606688,-0.7850938,0.5825313,0.25795922,-1.1326685,0.24354817,-0.4992071,0.08932619,-0.24228165,-1.5611138,-0.43707523,1.6946218,-0.056550536,1.1674949,-0.690834,-1.1750535,-0.77733237,0.5588277,-1.0671618,0.19180146,-1.3540975,0.3745355,0.88253665,-0.6704148,0.046453908,0.19154415,1.9280839,-1.147866,0.5499123,-0.26168758,0.4639804,0.69696116,-1.4234195,-0.10556094,0.8227635,1.24465,0.33525896,-0.3227639,-1.106733,0.67002344,0.35836083,0.91336554,0.6483828,1.0712752,1.7682656,0.8001086,-0.4307239,0.9429834,-0.34197426,0.19503,-1.3517429,-0.43299752,-0.39595062,1.9550458,0.75774413,1.4431858,-0.14424646,-1.3760923,-0.39118695,-1.1619593,-0.3184004,-1.7785758,-0.44196978,0.81955856,1.066249,-0.085904256,-0.24963267,-0.19211535,0.066574745,0.24210343,0.123017505,-1.530399,-0.0021175835,0.7520613,-0.41447777,-1.45023,-1.3138835,-1.0134792,1.854423,0.4151337,-0.04043778,1.3832904,0.2478588,0.12163161,-1.1529993,0.46281442
0.097989425,0.3292007,-1.1218578,0.697027,-0.85519356,-2.133134,-0.13365722,-0.013123559,0.5954819,0.51469535,-0.304036,0.12204682,1.3841759,-0.41401094,0.51910347,-0.89274114,0.47835863,-0.10957217,0.15262789,-0.7359163,0.67038304,1.8973421,0.007605994,0.5209287,-0.27162707,-0.46966758,-0.74558455,1.9725844,-0.7997083,0.8983193,-0.3254468,0.26578057,1.0360011,-0.9831592,-0.58239925,-1.3029542,-0.16328548,1.1574115,-0.29399496,0.3429161,-1.1394278,0.22274996,-1.7547567,-0.8901478,0.6201566,-0.4125329,0.03498355,1.2301548,-1.103797,0.15612866,0.7576352,-0.18872505,-0.28586137,0.81534666,-0.72847724,0.5047785,-0.4344874,-0.26108274,0.12299507,-2.5586236,-0.24630053,0.48625347,-0.6137113,-0.5213038,-0.2432515,0.70047796,-0.823056,0.630052,0.90904295,-0.3455273,0.659267,-0.18362695,0.6563173,-0.26113525,0.6272689,-0.7666731,0.40113744,-1.787116,0.29710683,0.67033434,1.0208832,-0.11930124,1.3886241,0.6295164,1.7365364,-0.40301242,1.0890291,-0.8072403,0.35006583,-0.2987217,0.35789773,-1.3373129,0.86251754,0.96908855,1.6465482,0.32490638,-0.31114665,-0.18262294,-1.8268495,-0.20659937,-0.6396588,0.20158124,0.91831535,1.5651114,1.3749014,-1.7708673,-1.2112641,1.980558,0.70354635,0.5096388,-1.2113178,-0.7565027,1.0850781,0.006742986,-0.74748284,-1.4964342,-1.0196453,1.137163,0.58875865,0.22752482,0.6872589,0.25956166,-1.4998565,-0.6035425,0.20542222
-1.4015489,0.8709088,-1.3891807,0.16171923,-1.2249941,-0.28890204,0.74750936,0.4987457,0.68916774,0.4028238,-0.3556696,-0.10002518,1.0626464,0.27499998,1.899823,-0.63444984,-0.08243309,0.92147076,-0.40550196,0.44446933,-0.7354872,1.0758165,0.21018988,-0.825028,-1.9060383,0.8292722,-1.0008298,0.48217872,-0.7855804,0.57770914,-0.25580674,-0.7203081,0.80464715,-0.67240846,0.61636055,-0.03582035,1.0605509,0.079019584,0.08598053,0.34028503,-1.2442803,0.566246,-0.8533759,-0.4708967,-1.1406419,-0.88167304,0.89223564,1.0928489,-0.30221125,0.02059647,1.1720173,0.058732543,-0.2400863,0.49150127,-0.17833742,0.25102806,1.2071489,-0.16714816,1.208277,-1.2949847,-0.1790205,0.09692773,-0.39184374,-0.32110256,0.4881652,0.86806226,-0.38557112,0.5822174,-0.32698157,-0.14744821,0.7421662,0.14267752,1.3592061,0.66477555,-0.2112705,0.15769759,0.04803689,-0.9981686,0.24483708,0.32985267,-0.09585267,-0.2651384,1.4325802,0.20381786,0.5829955,0.068927296,-0.0150255505,0.6506734,-1.2550733,-0.047836393,1.5649432,-0.38200614,0.3357905,0.7535041,-0.2915774,1.6971494,0.45330963,0.5646456,-0.5839031,-0.028161287,-0.8410522,-0.4101081,-0.15705357,1.6450886,0.65594727,0.30267283,-0.6966633,1.1842024,-0.094176166,0.07327689,-0.5012054,-0.30837873,0.20717676,-0.4942498,0.20282385,-0.7957825,-0.6770786,0.9356617,0.27729455,0.62396264,0.60918856,0.6625513,-0.313321,-0.5859693,0.6531594
-1.1272831,1.2022841,-1.4049594,0.11484505,-1.040252,-0.2939849,0.3996637,0.52746195,-0.85836387,-0.45101362,-0.5427006,1.1482586,1.0243192,0.6104839,1.4951826,0.24317089,0.22850668,-0.7364223,1.0780783,-0.7908725,-0.511955,1.6788276,0.16261044,1.0559137,-0.0068226047,0.61169636,0.36993912,1.640765,-1.4619513,-0.56609243,-0.39909306,-0.66274524,0.44847798,0.10544474,-0.22833246,-0.44091102,-0.040628523,0.8899886,-0.036238078,-0.74768883,-0.3809232,1.2520268,-1.5880036,-0.7851121,-0.05392295,-0.28785324,0.3680302,1.5019807,-1.5111907,0.27988127,-0.5994032,-1.0494527,1.3796169,0.6918178,-0.73106885,0.24309514,-0.17342669,-0.70333713,0.96288395,-0.7678945,-0.9424383,0.3134023,-0.37663734,-0.10806814,0.32274768,1.0933107,-1.8585855,0.99871546,0.01225757,0.4266323,1.0697857,0.57939976,-0.1542114,1.039172,0.7824798,0.096714616,0.10844299,0.8072459,0.43566498,0.6939179,0.69866556,-0.42639938,1.1863916,0.20444845,0.55152214,0.26684213,0.56948006,0.45994455,-0.69546145,-0.4856941,-0.18886036,-0.40535548,0.63708025,0.024858855,1.8397701,0.40906522,-0.2677325,-0.16444407,-0.4729396,-0.26345882,-0.41480663,-1.1344949,0.70764494,1.8701552,-0.25339916,0.084103175,-0.18095227,0.67556876,-0.6581371,0.7163994,-1.9379996,-1.1048204,0.96086115,0.37903976,-0.013352136,-0.85478055,-0.5922684,-0.35181448,1.9024992,-0.58812964,0.26329088,-0.4221187,0.8121278,-1.8799751,1.2862345
0.6015827,0.1826323,-0.63413143,1.4819615,-0.08306078,0.8651141,0.56572574,1.2404903,0.2563712,0.64239824,0.302129,-0.8003726,1.4268273,0.2289804,0.28137308,-1.5017213,-0.08842862,0.6038295,0.22322872,-1.5299532,-0.5788165,0.5607299,0.21524131,0.24991779,1.0359825,0.3023508,0.86402404,1.000302,-0.89905816,-0.39900106,-0.9639471,-0.72974455,1.50533,0.09383645,-0.37025735,-0.10172056,0.52360857,1.36523,-0.3025643,-0.93613243,-0.3137247,0.99133414,-0.2626437,-1.4310114,0.5359843,-0.31129628,-0.84680104,0.5879046,-2.2516596,0.19807433,1.3838049,0.4504315,0.025774917,0.73881894,0.22639441,1.5829669,-0.3576616,-0.5817123,0.020243088,-1.7085483,0.243348,0.22090942,-0.23249094,0.7239536,0.44923225,0.6609441,0.55478853,0.8930595,0.45118824,-0.9805443,0.46703616,0.5218729,-0.10266434,0.8458361,0.880104,1.3840404,-0.0026689023,-1.0980638,-0.97831917,0.4928229,0.39223477,-0.5040444,1.534823,0.36074322,-0.308073,0.78448147,0.6079587,0.05965673,-0.5439707,-0.70724624,0.1353554,-1.4416422,0.442672,0.6188319,0.96104866,0.8577689,-0.6500573,-0.7999901,-0.937871,0.46137646,-1.3116832,-0.34120166,0.20858514,0.9592181,2.1274679,-0.83242273,0.17115928,1.838186,0.47378138,1.5268261,-2.325836,-0.92219144,0.03605435,0.00012749434,-0.99872357,-0.9432074,0.23795187,2.0144331,1.0556151,-0.008624632,0.67893904,0.1949101,-0.57591337,-0.9346767,1.3849249
-0.7611452,0.67359674,-1.3284199,0.46381342,-0.6351935,-0.99906564,1.1773343,-0.14874642,0.31991577,0.8436367,-0.10798621,-0.13151465,0.06477679,0.03980569,0.5048344,-1.2688415,1.2201804,-0.90344864,0.96695817,0.04768662,-0.8289579,0.15215233,0.49287,-0.31543797,-0.273293,0.43666768,0.29100865,0.8364121,0.7616495,0.5933211,0.32390803,-0.33968955,0.84100324,1.0504944,-0.5117896,-0.15235294,0.69436646,0.07220328,0.60326636,0.07961419,-1.4959835,1.3258498,0.5762432,-0.9840287,-0.27997413,-0.4383523,-0.33670855,0.16513048,-0.33493376,0.051493354,1.7023444,0.67616385,0.46817464,-1.256282,0.20111687,-0.37465844,1.4564085,-0.48841292,0.80023694,-2.2749317,-0.08831662,-0.15615708,-0.81814384,2.0308642,0.55598104,0.5186757,-0.36046332,0.565362,-0.86148506,0.15347673,1.5511898,-0.36269188,0.2910401,0.3904457,0.7373797,0.16672313,-1.073785,-1.1371555,-0.83483016,1.0515584,0.92307377,0.5670479,0.80906713,1.5055617,-0.4691795,0.7807822,1.5255694,-0.00481128,-0.5280332,-0.02948527,0.51067567,-0.727364,1.1087681,0.8990183,1.4634504,0.34215793,-1.5874708,0.05719024,-1.3738726,-0.8062185,-1.221547,-0.43909815,0.31761426,0.9909853,0.96764535,-0.47052643,-0.5404642,0.21488059,0.2595812,0.37158245,-0.4976293,-0.30198014,0.58237004,-0.25924262,-0.8766482,0.48366976,-0.24003807,1.399546,0.25937822,0.3393277,0.53833145,-0.065094545,-0.10932534,-0.8662071,0.7486075
0.07025015,-1.0162343,-0.9782698,0.20637147,-0.17605126,-1.0942382,-0.5898287,0.69486064,-0.4710847,1.839098,-0.22151615,0.65831757,0.5858143,1.3482854,0.12233098,-1.307199,0.37005386,-0.010798903,0.7130274,-1.508552,0.37279546,0.7268671,0.66933197,-0.20324661,0.6444979,0.52583903,-0.5887199,0.37756452,0.08544033,0.404355,-0.6012884,-0.124678634,0.61136985,0.41680402,1.1635468,0.3077344,0.3792192,0.5435686,-1.2564238,-0.4717824,-1.4194747,-0.1462461,-0.73196054,0.56637406,0.69557756,-0.24321854,0.27246922,1.6202753,-1.6894026,-1.6117347,0.6185461,0.9543849,0.16010173,0.5135928,-1.1675338,0.7856092,0.5116432,-1.4669574,-0.26841915,-2.1510048,0.40560102,-0.34160572,0.11871785,-0.21619152,0.19363615,1.0453595,1.0796007,0.8418127,0.6095951,-0.04848973,0.7009266,-0.67954415,1.1879243,0.815213,0.9166973,0.8795087,-0.26186165,-1.9301795,0.8397622,-0.7619919,0.22279501,1.3071064,1.6323217,0.5461412,-1.2143995,0.9061074,0.20591287,-0.30634364,0.5771464,0.06409876,0.16590023,-1.1006637,0.7115909,0.64479417,-0.7722006,0.6253226,-0.1412954,-0.049377747,-1.2720218,0.57344323,-0.706442,1.0221486,1.3242128,0.48702478,1.0888041,-1.2642521,-1.2207912,0.48393118,0.9849202,2.406557,-1.3121324,-1.2571974,1.2317678,-0.5638964,-2.18381,-0.4828364,-1.2661552,1.258527,0.7222294,1.2075559,1.554909,-0.4888021,-1.5850878,0.52263886,1.9209398
0.9553297,-0.4811541,-1.1148976,0.65348047,-1.2067609,-1.1947557,-0.50484914,2.4554353,-1.5235878,-0.29718226,0.51605535,1.8900737,0.1605429,0.86148757,-0.026425418,-1.6496099,1.0284107,-1.3035953,-0.051734336,-0.9012609,-1.4627659,0.97414726,0.56575394,0.36728755,-0.8157355,0.47879624,0.4669478,2.4814332,-0.45128167,-0.07157489,-1.1161525,-0.6743015,1.9482882,0.21273874,-1.3344123,-0.4707992,-0.68687457,0.38963026,-0.4599839,-0.6127262,-0.18047588,0.075805716,-0.896371,-1.5683854,1.1369324,1.1337297,0.05739483,1.4218385,-2.6580482,0.019590797,0.22107476,-0.17212005,0.33142087,0.1535859,-0.91581297,0.20540571,0.050209716,-0.6721416,0.5370015,-1.9882019,0.14980853,0.39937013,-1.1223872,-0.3396152,0.92251414,1.4492525,0.15796454,0.72983664,-1.1375426,-0.33692616,1.1832149,-0.48793015,0.0539605,0.53388524,0.45258254,1.9409295,0.8152049,-1.0063037,0.78628075,0.9775803,1.359511,0.65379786,1.9527524,0.39787883,1.0421319,-0.69217145,0.85262644,-1.165784,0.071966946,-1.0012543,-0.9778145,-1.407217,1.0150989,1.234898,1.1130795,-0.45985517,-0.7398589,-1.5637685,-0.4542154,0.96369416,-2.041904,0.4569413,0.72467184,2.1203408,0.8605699,-0.024246998,-1.3613356,0.60297227,0.3573498,1.3912666,-1.1303809,-0.51098615,0.7423247,-1.1766338,-1.0402937,-1.6506357,-2.0073314,1.5525452,1.0172541,0.8285571,0.8277199,0.069691114,-1.8291767,0.44292134,1.6514213
-0.3590292,1.144822,-1.0697242,1.5924643,-0.29398564,-0.5815319,0.20329785,0.22345604,-0.66606236,0.9569147,0.1814981,1.486639,-0.4913048,0.39883286,1.4548806,-0.89217097,-0.47146618,-1.1123822,-0.16415949,-0.92714345,-0.24952759,1.1488559,1.0924509,-0.20774673,-0.9666586,0.011241749,-1.1490821,1.1534075,-0.71159744,-0.3382908,0.459088,-0.13774091,0.8820465,0.39987418,-2.0241659,-0.8044793,0.7466714,1.2014089,-0.083033115,0.2615576,-0.97045267,0.77134734,-0.8698078,-0.99527013,0.56593245,-0.73911244,-0.5376203,0.7333961,-1.1634248,0.15074149,0.5360005,0.20224041,0.75499165,0.8456734,-0.42178002,0.23591314,0.35230577,-0.49791586,-0.06608629,-1.1353166,0.6585926,0.9606449,-1.3100811,-0.69775987,-0.42937505,0.9566852,-0.35677087,0.12038155,-0.72556597,0.29695994,0.2160722,-0.43017393,-0.7392968,-0.5303871,-0.5735997,-0.25070718,0.10448452,-0.9461969,0.24560744,1.5693477,1.2136412,1.3571614,0.43168536,0.99608505,1.0919601,-0.91631836,1.2967405,-0.39156806,0.5493501,-0.6284813,0.08502488,-0.28179923,0.14352319,0.2986187,0.39528638,0.49877307,-0.520258,-0.054724462,-0.61856693,-0.23906015,-1.0622307,-0.59342545,1.0463157,0.99154574,0.70474154,0.003664745,-0.64009553,1.1851254,1.1503845,0.24496944,-0.5147171,0.5584394,0.6137587,-0.4768415,0.21048477,-0.13772371,-0.67892885,1.2584014,-0.10481693,-0.12654653,0.34389755,0.39477062,0.08619205,-0.50493413,0.5030827
-0.43725345,0.26594904,-2.227763,0.14482649,-0.39818263,-1.8373556,1.2608382,0.34779227,-0.4036166,0.93974817,-0.73995334,0.4333867,1.3309789,-0.14770758,0.6970251,-1.2728621,-0.827055,-0.14093697,-0.69470835,-1.1985823,0.43688464,0.5753765,0.2752679,0.13910487,0.64350593,-0.9425442,0.7009599,0.094035424,-0.48539546,0.19659951,-0.6277184,0.41237813,1.7820884,0.24513546,-0.3669528,-0.7115845,0.59121054,0.9349268,-0.6422309,0.8562043,-0.34951898,0.0512954,0.28319797,-0.8921976,-0.38794103,-0.71747833,-0.6763535,-0.25226843,-1.1232231,-0.27668303,1.4517293,-0.93401897,0.62799764,-0.09149513,-0.48048335,-0.4752354,0.5405446,-0.37444782,0.5951238,-0.5168548,0.31171846,0.4939026,-1.7826418,0.64038086,0.7496595,1.549828,-1.3103784,1.2667952,0.1951073,-0.62161857,0.4327344,0.3893561,0.6545918,0.44913226,-0.008962208,0.41577685,-1.0513226,-0.92852384,0.09593956,1.2394861,0.803927,-0.8281934,1.8763708,0.05669564,-0.20092471,0.34843996,0.8103519,-0.2609767,-1.2633212,-0.5721601,0.3293263,-1.0839288,1.0296396,0.3649686,1.749829,1.4635645,-0.967921,0.042343773,-1.7645744,0.69993204,-0.871209,-0.9811764,0.45308688,1.4345294,0.56460035,-0.05934817,-0.4111509,0.45248428,0.69903994,1.0271761,-1.190471,0.6112533,0.75292933,-0.1499711,-1.3687959,0.49420035,0.49044222,0.46780822,0.13941796,0.008814971,-0.718568,0.69580454,0.20284046,-2.1846519,0.7366406
1.1978492,0.82704556,-1.6469,-0.32119256,-1.2915908,-1.3110461,1.0075501,0.46259707,-0.16504754,-0.982513,0.46453282,0.2802867,-0.201939,0.38760713,0.230334,-1.4026765,0.7976888,-0.21261697,-0.25643614,-0.69181764,-1.5774307,1.3474383,-0.5582444,1.3668838,-0.78034323,-2.0676522,-0.14482893,2.2387938,-0.99168056,-0.029302368,-0.43196788,-0.49933842,1.9206542,-0.5569844,-0.6783316,-0.8839799,-0.0685823,-0.18507142,-0.20025879,0.36109936,-0.55993783,0.057346214,-0.5230537,-0.9274759,0.98394275,-0.5177766,-2.171543,0.3171848,-1.9447137,0.2764925,1.3884443,-0.6333852,0.9400971,-1.6936923,-0.33916497,0.36347058,0.6545871,-0.52812845,1.3048487,-2.3925335,-0.4748972,0.4604178,0.4437359,0.7723628,1.725212,-0.1724,-0.3108415,2.0852425,-0.84119844,-0.66856396,0.44742498,-0.12175565,1.1657934,-0.05866307,0.12916625,0.5169638,-0.57119924,-0.07366208,0.5148548,2.3193402,1.7044812,0.31238532,0.79980725,1.6108484,0.96122175,0.45067447,1.4122168,-0.2604101,-1.5694526,-1.744285,-0.62471235,-1.0002599,0.5986877,0.79061925,2.0433674,0.121834815,0.12564886,-1.4306808,-2.0342283,-0.09031531,-2.5970485,0.11745659,1.816211,1.306249,0.9825293,-0.8839955,-0.828075,1.4935731,0.35277626,1.3054309,-2.2866433,0.09588395,1.0475601,0.39301324,-0.7906297,-1.3205094,-1.0143042,0.41240096,0.37892857,-0.17359307,0.12023394,-1.2629981,-1.0094714,-1.7215965,1.2417288
-0.48892307,-0.060033564,-2.137741,-0.59831667,-1.286292,-1.0555601,-0.10893835,-0.38348982,-1.3688344,0.25512657,0.3680226,0.7183729,-0.572588,0.21155584,0.7746537,-0.96015215,0.1512179,-0.893825,0.8744199,-1.8734149,0.39832577,0.38663018,0.48017338,-0.18113802,-0.71769756,-0.23071577,0.9261707,0.6130637,-0.53391635,0.51248986,0.17898859,-0.7299299,2.341488,-0.22533113,-0.29217535,-0.6148489,-0.120331824,0.29345328,-0.67617375,-0.24804717,-1.5245372,0.27435178,-0.7630636,-0.07571077,0.49584588,-0.043399572,0.015913807,0.3741675,-1.3206228,-0.07314937,1.6942564,0.68857116,-0.2732252,-0.24008967,-0.23894943,-0.43848315,0.7104306,0.7919903,0.09806489,-1.1450874,1.6149879,0.6133601,-0.58777034,-0.035520975,-0.008318426,0.21869224,-1.4952884,1.8625883,-0.4525632,0.21463194,1.8910958,-1.0538818,-0.6842429,1.0188196,-0.5764145,0.49111682,-1.7803683,-1.6833137,-0.5250057,1.2885544,0.25006703,0.69818664,1.651909,0.32093406,0.66423994,-0.051078513,0.19310224,0.3025523,-0.62891096,-0.7579266,-0.49326056,-0.9767286,1.8762357,0.77949053,1.0216396,-0.3537288,-0.015899677,0.4109558,-1.9857448,0.12802465,-0.6706862,0.39626837,0.13187695,0.9198442,-0.024218796,-0.74206173,-1.6237385,0.85891294,0.9719855,-0.09228072,-1.0968218,0.43261382,0.7462393,-1.3947468,-1.137133,0.20956181,-0.0770439,1.1230273,0.36092955,0.1797268,-0.3881072,0.29209757,-0.6237748,-0.06267084,0.4784616
-0.56964386,-0.31820777,-1.8111788,0.9278186,-0.05993382,-0.89949733,0.8569131,1.306822,-0.9158455,0.647852,1.3814517,0.95203185,-0.33407483,0.16658185,0.31369984,-0.78070205,-1.0674517,-1.3485863,0.4541008,-0.11681011,-0.05141665,0.42940062,-0.7458799,0.14173384,-1.5135485,0.32540238,-0.40651384,1.4200609,-0.021102753,-0.18340999,-0.71624887,-1.4089165,1.5696968,1.1703405,-0.29096684,-0.4614482,0.5402718,0.2571178,0.1838105,-0.2563807,-0.7363734,-0.08375002,0.36678708,-1.7997172,0.8953962,-0.06643854,0.03046595,0.5978421,0.34931022,0.48217672,-0.11359829,0.34065172,0.40793133,-0.3131673,0.066261806,0.056084096,0.3428132,-0.38253772,0.77569306,-1.2001557,-0.060487553,-0.5393599,-1.9750714,0.8943943,-0.3102452,0.6914185,0.1413224,1.5834042,-0.3212449,-0.06728288,0.3153414,-0.44870338,-0.9671822,1.1216378,0.37324297,0.5192893,-0.75249845,-1.716084,0.2117805,0.36859712,0.11283088,0.3944149,1.1015861,-0.28606522,0.70076096,-0.3130787,-0.12258193,0.3801447,-0.16839762,-0.95855457,-0.42886207,0.017706601,1.5227544,0.62083536,1.096212,0.38869354,-0.27705625,-0.31870508,-0.57022035,0.9578617,-2.214448,-0.9575769,0.3832694,1.8254198,-0.3828949,0.12634476,-0.75449204,-0.85919875,0.97581965,-0.71606314,0.32499003,0.4052405,0.17550346,-0.1517158,0.16305979,-0.21963552,-1.2088526,0.8887433,0.92781967,0.26955354,0.13743973,0.034811288,0.35725823,-1.0996606,2.1760266
-0.7810281,0.2815557,-1.4359164,0.24339059,-0.43385398,-0.32586694,0.024207234,1.6420197,-0.5846797,1.1225109,0.25448677,1.3855206,0.40630168,1.0336446,0.60700506,-1.3243119,0.33589453,-0.07002424,0.36145368,-0.50438553,-0.8567539,1.1781874,0.9842438,0.15537192,-1.049552,0.7092801,-0.61636645,1.3703823,0.13774312,-0.7663921,-0.28386104,-0.8741948,1.2187214,-0.3385985,-0.7272832,-1.2882675,0.15941593,1.1374907,-0.329525,0.48109466,-0.7613182,0.5086576,-0.8373336,-1.897394,0.09062017,-0.24247724,-0.20338607,0.56780326,-1.2434473,-0.5863955,0.11391844,0.33819354,1.3719559,-0.1850464,-0.56217223,-0.23167312,0.30568796,-1.0940834,0.35332373,-1.7669636,0.036950853,0.5681027,-1.070017,-0.21111242,-0.3013783,0.8343841,-0.36679634,0.5847098,-0.18800908,-0.27304682,1.5686774,-0.3242723,0.35597885,0.44755694,0.20059168,-0.21992809,-0.91638243,-0.68184817,0.15662196,0.90084976,0.7785403,0.85592985,0.6471883,1.1899948,1.1361318,-0.09721243,-0.33752584,-0.9113081,0.21780682,-0.11098484,0.034777574,0.06469675,1.0834224,-0.22785991,0.5088502,0.50017107,-0.24905977,0.36227754,-1.6079062,0.9851399,-1.2524168,-0.12767465,0.98179203,1.4447167,-0.0040907357,0.51752836,-1.2704195,0.653183,0.35616612,-0.34873223,-0.78811544,-0.54318374,1.1245883,-0.379416,0.021277308,-0.33736962,-0.18072301,1.1238796,-0.018340368,0.47557166,0.18605796,-0.08708806,0.093457945,-0.7265699,1.7310864
1.195815,1.309876,-1.4421512,0.14178123,-1.1673102,-1.5661489,0.35755655,0.2575394,-1.0061309,-0.75643766,-0.262969,1.1355454,-0.22934197,0.26638636,1.6386641,-0.70131046,0.58695894,-1.0242642,-0.8193217,-2.3478372,-0.3469552,1.1092861,1.4446868,-0.019611003,-1.3235066,-1.4068962,-1.5953478,1.9673235,-0.09802243,0.055925883,-1.747799,-0.5016089,2.4034922,1.1823827,-0.033613443,-0.33724943,0.2947139,-0.43416727,-0.78400594,1.5017967,-1.0423801,-0.48498678,0.3461394,-1.924332,-0.21433625,-0.620267,-1.4492321,0.8069182,-1.0034149,-0.4978119,2.3671079,-0.03039939,1.3908415,-2.1223338,-2.1549907,1.0980355,0.55859107,-0.74374247,0.87611264,-2.7776594,-0.27899718,1.4481984,0.19939488,-0.16501015,2.1132782,0.33922902,-0.75738055,1.2593302,-1.217782,-0.26234764,0.9752446,-0.62136656,1.466024,0.67897964,0.9736879,1.1069093,-0.2347943,-0.4746477,-0.79145813,1.5216146,1.9927464,0.33398497,1.442582,1.1260659,0.17709048,1.533222,0.9926552,-1.3566084,-0.48080716,-1.2485608,-1.1848972,-1.1911048,1.4842771,1.3935263,1.7046099,1.4982408,-0.31425947,-0.79197985,-1.859559,-0.035011522,-3.0380278,-0.14031616,3.106996,1.9353622,2.0492194,1.0141424,-1.4627451,1.4274706,0.87837875,1.5971215,-1.9994552,0.71625566,0.8789748,-0.10822512,-0.47859997,-0.7282442,-1.819102,0.6704783,-0.32866842,-0.28551507,0.42835432,-0.22467676,0.6225656,-3.1892018,1.5991033
-0.8226515,-0.2843281,-0.48527473,-0.53908616,-2.1199765,-1.6685053,1.75258,0.42765722,0.79932284,0.79396427,-0.25111362,-1.0147722,0.9059264,0.3827588,0.8042152,-0.2757744,0.26109734,-1.1319453,-1.1738359,0.27761847,-0.32807884,1.5257322,-0.09591823,0.08520578,-1.2521571,0.18213406,-2.234354,1.718704,0.5041249,-0.9398601,-0.5550892,-0.9379113,1.0922514,1.0635276,1.2489718,-0.06332612,-0.2503328,0.21800569,-0.05852275,0.60120124,-0.5464922,0.9093977,-0.26142693,-0.5901086,-0.15884265,-1.0860431,-0.73499393,0.7167693,-1.5240828,-0.3818987,1.8406094,0.07252427,1.734786,-1.7396532,-0.9076142,1.4244363,1.2692301,-0.4388488,0.34410673,-0.8005461,-0.77415556,0.109052196,-0.41269815,0.7248515,0.9199239,1.053875,-1.1149379,0.49980602,-1.722714,0.4820494,-0.34707674,0.239387,1.5002984,0.8260373,1.6014055,0.27280506,1.3349481,-1.7484468,-0.61215293,0.069688216,0.4337226,0.9690095,1.5877509,1.2428002,1.3542889,0.09701078,0.68751246,0.7449066,-0.44222838,-2.5117273,0.1250226,0.017625472,1.9488474,1.1074595,1.4041792,0.92837274,-0.20540066,-0.67880553,-0.6149902,-0.23182024,-2.9493103,0.06228984,1.2037411,2.7781577,0.7451399,-0.122140646,-0.35979295,0.18443415,-0.32883593,0.6747659,-0.85172737,-0.5964866,0.53007805,0.7344753,-1.2229556,-1.210573,-1.7653582,0.755582,1.4771886,0.7701295,0.548192,0.7753977,0.9348878,-1.7712235,2.6730063
-0.6855106,0.87949324,-1.649119,-0.23338927,-2.7936907,-2.3468337,0.24629234,0.9744542,-0.39637122,-0.05418797,1.0430995,-0.7172186,1.9190403,0.6999871,0.2684696,0.03732106,1.1976714,-0.9571588,0.6578422,-1.853283,0.28976342,1.0121063,-0.49183697,1.4912281,-0.7658634,-0.7617293,-0.44195,0.74618655,-1.0772525,0.9200226,-0.48189175,-0.79803413,0.5293898,0.19994947,-0.3506369,-0.7068654,0.26236007,0.14465494,-0.4413253,-1.0061246,-0.25125676,0.29404306,-0.7063176,-0.041880067,1.7289218,-1.5936882,-0.8649891,2.4577432,-1.0511677,0.5390486,0.50707436,-0.38799345,0.89014053,-0.17995691,-0.56090766,1.6337303,1.0797237,-0.04001478,1.1098356,-2.7374685,-0.08716972,-0.6342215,0.35762146,1.1020985,0.64694136,1.1681931,-0.6827457,1.0595771,1.1858613,0.71801525,1.0294797,-0.1692504,1.6108247,1.3549554,0.94175315,-0.09441874,-0.1353068,-1.734949,0.79811585,0.2897621,1.8016742,-0.5326977,0.7948152,0.93432635,0.625424,0.83819497,1.2110217,0.5266244,-1.3123994,-0.97397673,0.51655984,-1.4356273,1.1526636,1.1271542,1.9868634,-0.32325554,-1.1637555,-0.6269017,-2.1253974,0.43821192,-2.6806679,0.03847961,1.7623962,2.437297,1.6340361,-1.3883009,0.32889098,0.75885,0.61843866,3.2401667,-1.440711,-0.9944387,2.277443,-0.016456103,-1.6511847,-1.362756,-1.8467699,0.6479525,0.57928777,0.297061,0.94461346,0.28128874,-1.4370292,-1.5650492,2.1949499
-0.35573408,-0.23427744,-0.7440727,0.45387456,0.79052913,-0.11986933,-0.6026628,0.96019584,-0.24035653,1.0622584,0.43804955,0.76121116,0.18033189,-0.04959405,-0.09809664,-0.49274316,0.16778937,-1.2002487,0.1989924,-0.64643264,0.11376003,0.5817914,0.6001799,0.011033932,0.6536233,0.30009547,0.19598061,0.33946604,0.79759485,1.1675894,-0.63099885,0.7034331,0.8757888,0.37492144,-0.009981155,-0.63833785,0.8011162,0.060037248,-0.42583862,0.58730835,-0.67525506,0.8470529,1.096718,-0.20952821,-0.24705663,0.3142484,-0.12676825,0.39936677,-0.091952905,-0.71623564,1.3909334,0.79937637,0.4875598,-0.7956197,-0.6439636,0.1754559,-0.5631944,-1.1555206,0.6248504,-1.3853716,-0.4272341,0.67591566,-0.98279756,0.74437547,0.005605137,0.068831265,-0.21261753,0.57398486,0.7990548,-0.22648488,0.7096552,0.197582,0.51653904,-0.27213132,0.38896528,0.116859086,-0.41342488,-1.3639374,-0.24519825,0.31049374,0.11415529,-0.18888322,0.5094888,0.52227753,-0.2645376,0.014174469,0.5663372,-1.0515794,-0.19632345,-0.05075469,0.2059565,-0.6741487,1.0612131,0.23408794,0.35269648,1.3513192,-0.8316072,-0.13491637,-0.77517223,-0.3083835,0.20522934,-1.118727,0.8051909,0.23911142,0.8432032,-0.06545445,-0.13229272,0.36246684,1.2762811,1.0900981,0.4244772,-0.33665264,0.36940968,-1.0168068,-0.88702536,0.60413843,0.1881572,-0.014918886,0.20538153,0.25510973,0.050026923,0.7283802,-0.68344456,-0.8692317,0.1816264
-0.3264891,-0.44893298,-0.7661183,0.28653327,-1.5131656,-0.8754151,0.18556967,-0.049144194,-1.0154238,0.018222304,0.5778362,0.3337693,1.3477602,1.7781276,-0.60177326,-1.282425,1.4061978,-0.8803258,1.0430515,-0.2990055,-0.47272274,1.1495441,-0.014639199,0.44074103,-0.041301504,0.8827162,0.36201906,1.57652,-0.09865631,0.5152995,0.74325097,0.028924115,2.4226928,0.6009918,0.0041862447,-0.713839,0.5188856,1.3622602,-0.48972645,-0.5703289,-0.8232186,0.8255768,-1.1017004,-0.0282366,-0.17724271,-0.7824807,-1.0242943,1.7038395,-2.0411286,0.04419492,2.520299,-0.3807995,1.3686389,-0.48374563,-0.62441194,0.61723125,0.7355899,-1.6300879,1.5100862,-1.3564069,0.07490215,0.22448733,0.38271335,1.162624,1.3131196,0.74225795,-0.78948355,1.542426,-0.21516651,0.40516946,0.4206397,-0.042358734,1.0771079,-0.0024270723,0.103885196,0.68649435,0.46793112,-1.1523249,0.4133882,1.4522334,0.6825986,-0.64907545,-0.063338704,0.88297737,1.9840416,0.27809304,1.283505,-0.61812663,-0.4915297,-1.1079758,0.99786305,-1.2784938,1.5280668,0.86751115,1.0681826,1.1647984,-0.036356583,-0.35572636,-1.7653569,-0.03569591,-1.1142865,-0.8292865,0.14733578,0.8915989,1.1112667,-1.0294567,-1.6669534,1.510679,1.2301775,2.0288866,-0.86088306,-0.57296884,0.95442426,-1.1087531,-0.95052844,0.13292207,-0.5748893,0.97519076,1.2041388,0.912313,-0.3990705,0.011785487,-1.0985678,-0.9044687,1.0157354
0.34106308,0.102223,-0.6186246,1.2358881,-0.9461203,-0.41784412,0.58015066,-0.015223274,-0.9093449,-0.11661066,0.5638288,0.96041346,0.74627954,0.49315342,0.5763668,-1.3652252,-0.5564866,-1.4794935,-1.1128683,-0.88327235,-0.3073404,1.3507375,0.18693069,-0.41386166,-1.3041803,1.2450101,-0.7651402,1.5841305,-0.09946522,0.73453456,0.33136317,-1.0161661,1.3993486,1.0819333,0.03961591,-1.3739154,0.86044943,1.1747799,-0.48167476,0.9947188,0.0668038,0.23472948,-0.33761245,-0.4932577,-0.80305445,-1.5690688,-0.86928976,0.8520923,-0.8835784,-0.61432266,1.8117478,1.0112599,-0.15330319,0.366603,-0.4967839,-0.13289128,1.0824476,0.5526962,1.0382209,-0.57440704,0.70653945,0.10969233,-1.0764631,-0.08570765,0.11893901,0.54627526,0.45731255,1.0909309,-0.6497115,0.031881616,-0.7549553,-0.16500446,0.42325974,0.2347795,0.14214191,0.9353814,-0.281278,-1.4902687,-0.4276621,0.6012621,0.07682589,0.44424304,0.25757205,-0.720216,1.0048331,-0.3748234,0.7627589,-0.25388545,-0.16500735,-0.07655191,1.0497997,-1.0464141,0.81769025,0.72964996,0.5956441,1.3112558,0.1991562,0.17968106,-0.55448866,0.34858808,-2.1031237,-0.64713365,0.3552721,1.3699377,0.21260332,0.21826218,-0.9990116,0.28535986,1.1464671,0.5346525,0.27653563,0.24266557,-0.26237342,-1.2317115,0.46116695,0.3638822,-0.43364024,0.48774093,0.33438155,0.15092827,-0.48032266,-0.07416262,0.40078974,-1.4037068,0.79401386
-0.05472895,-0.07821858,-1.7859403,0.10015921,0.0063475007,-1.7934712,0.29518253,0.39605117,-0.08451256,-0.049232505,-0.24673252,0.9438317,0.81371963,0.39526016,0.43843347,-0.85644907,-0.13897482,-0.23368205,-0.3190902,-1.5735866,-0.1235624,1.0786889,-0.25086984,0.52878267,-0.55246854,-0.87207204,0.47831655,0.85633695,-0.17086983,0.9164584,-0.44313475,-0.63227975,1.2747052,-0.17918612,0.6109884,-0.50808233,0.7695274,-0.55208904,-0.54464877,0.38998047,-0.31615105,0.008476492,-0.2702505,-0.4199998,-0.7357285,0.033813275,0.32543948,-0.019009681,0.12914935,0.20938978,1.4941032,0.37535053,-0.6479614,-0.65727997,-0.38834426,-0.34108013,0.27358407,-0.03284958,0.93411773,-1.8547262,0.50500447,0.13859303,-0.7368136,0.25350532,0.062124573,1.3057377,-0.450304,2.1514273,0.6849007,-0.72038656,0.6755124,0.12873054,1.158271,1.1963924,0.63430065,0.23453791,-0.39462233,-1.2723387,-0.973717,0.41767937,-0.017222904,-0.24863404,1.5875432,-0.30514205,-0.004340833,0.8112501,0.12259736,0.7668659,-0.4626875,0.11395126,0.41155872,-1.2153119,0.25525424,1.0834553,1.5037435,0.5203948,0.25712177,0.3331745,-1.0037603,0.6052417,-1.3113676,0.017833443,-0.09676883,1.9135026,0.6884181,-0.04219005,-0.9447513,0.36714977,-0.069515795,0.067166224,-0.12883687,-0.2192813,0.037741154,-0.16109402,-0.9837576,-0.20931086,-0.7192663,0.16599293,0.4503324,0.29835245,-0.4805119,0.31597242,0.1799084,-0.9894362,1.1119846
0.45969135,0.2571673,-1.334227,-0.01429012,0.8133506,-0.5866879,0.5289756,1.2453017,0.62199783,1.1324393,0.45721823,-0.09857933,-0.049285837,0.66465324,0.4005878,-0.6718686,-0.8744354,-0.045733348,-0.8632958,-0.61683816,-0.74471134,1.8178679,0.0067863967,0.75048995,-0.94793266,0.32212847,-1.3613517,1.6119463,0.12570904,0.05401083,-0.25352332,-0.5385116,1.6014123,0.4063923,0.28246653,-0.6949752,0.46708006,1.0211787,-0.9173096,0.8854961,-0.8893845,-0.46032357,0.015946113,-0.21372378,-0.24230039,-0.09304361,0.0062679946,0.16306672,-0.87254846,-0.1550543,0.86517584,0.4885244,0.67303175,0.33528513,-0.43018472,0.22337922,0.64144677,-0.21063255,0.19867316,-1.4043268,0.44846138,0.34595972,-0.401324,-0.11171219,0.23494846,0.9249346,0.4522928,1.7790716,-0.60102916,-0.995692,-0.13994706,-0.33009067,0.46370053,0.23500459,1.7089261,1.1422653,-0.29316658,-0.83383256,-0.38812658,0.09260116,-0.5384227,0.29995498,1.6676989,0.13914704,-0.16386698,0.53591514,0.5701942,-0.29006484,-0.07950803,-0.09754151,-0.2005581,-0.39235088,0.72526145,0.9904408,1.0610789,1.2630016,0.3543481,-0.08299361,-0.43105713,-0.09079945,-1.3306406,-0.39590228,1.5740439,1.0549568,0.28214175,-0.06905814,-0.29224235,0.056011807,0.7206602,0.3415723,-1.0819315,0.648577,0.67381495,0.047908913,-0.628916,-0.7727959,-1.6266935,0.34082493,0.07454431,-0.4408093,0.06335883,-0.8652724,-0.085502215,-1.6604439,1.585641
0.051292658,0.3824996,-0.6511102,-1.2764109,-0.9038645,-1.212774,-0.13663216,2.1768692,-0.55848694,-0.1152378,0.20763013,0.4716762,0.9829565,1.0996534,-0.02795894,-0.438917,1.0047103,-0.6936356,-1.0036583,-0.8110995,-1.2579,1.1975354,0.96732146,1.332464,-1.4310931,0.5838916,-0.6305991,1.0686823,0.544799,0.110566586,-1.2256732,-0.35699216,0.610776,0.70464,-0.21870007,-1.1693997,0.10193195,-0.74701244,-0.28889486,-0.21777655,-0.098490566,-0.5442416,0.41754848,-0.48723304,-0.32346058,-0.1376276,-0.7761646,0.25184676,-0.30479476,0.21748208,1.300421,0.47176367,1.8183383,-1.3167915,-0.3496574,0.060463037,1.0504128,0.34074622,0.10191357,-1.2109257,0.4686774,0.21461551,0.36855853,0.2615389,1.062773,1.3005596,-0.7858284,0.9109883,-0.6004384,0.18160442,0.85838985,-0.54389685,1.4013436,0.64405435,1.0189397,0.76144207,-0.04427864,-0.33451638,-1.6485705,0.70324045,0.9726337,-0.1710394,0.33615264,1.0831916,0.56876284,1.2368788,0.8771154,-0.63913494,-0.9098701,-0.6350615,0.15675291,-0.35306263,1.0519623,1.0335075,1.7657348,-0.101399705,-0.92754906,0.11470537,-1.5412401,0.6057168,-1.9459208,-0.28095064,1.4919682,0.8921482,0.9001561,1.0867262,-0.1505299,0.27412164,0.14536166,1.0568366,-0.41437465,-0.6140055,1.514782,-0.3751903,-0.1749299,0.121563524,-2.3764663,-0.7596263,-0.067652375,0.17416933,-0.18103051,-0.084978074,0.6886183,-1.0371287,2.5706685
0.14163958,0.41993594,-0.80601805,1.16953,0.29852954,-0.9003659,0.13626733,-0.0816603,0.13272318,1.1036434,-0.038256526,-0.8552238,0.5324221,0.97128063,-0.6700347,-1.2254274,-0.32532063,-0.3917889,0.49166942,-0.78606987,0.047933154,0.221422,0.33143508,0.7280155,-0.02761207,0.09870425,0.14422117,2.231947,0.45567352,-0.094157256,-0.67660946,-0.324129,0.7707729,1.0597754,-0.9006911,-0.9954778,-0.30535305,0.508851,0.19054486,0.592064,-0.5823338,0.782614,0.073936805,-1.1229322,-0.44672477,-0.3551904,-0.16827536,-0.19139244,-0.40329748,0.86158484,0.9876059,0.5274661,0.06715066,-0.66363764,-0.29600877,-1.1325958,-0.095238134,1.108938,0.34520006,-1.477781,-0.1707726,0.99784726,-1.5017983,1.1228175,0.1280042,1.1618074,-0.51515657,1.5556624,-0.09074609,-0.46858805,0.7039211,-0.15769303,0.09332581,0.73865074,1.1608541,0.45692992,-0.40930003,-1.1442306,-0.80178773,0.56615454,0.46276286,0.08494377,0.6025189,0.7536757,0.26458624,1.0210584,1.70214,-0.9348069,-0.59146994,0.54142123,-0.12212386,-0.4621278,0.29849413,1.1433057,1.6487223,0.4775222,-1.5609605,-0.7394891,-0.5254938,-0.3098853,-0.8113413,-0.8842449,0.80896956,0.4814465,1.8335295,-0.20653,0.089555174,0.69390523,0.48848993,0.31628245,0.0073226187,-0.3573044,0.14534703,-0.049421977,-1.7477058,0.3837424,-0.38493294,0.8042607,-0.019189212,-0.24323495,-0.055774126,-0.31215847,-1.0188904,-1.0583518,0.27605656
-0.16258354,-0.4500498,-1.0133774,-0.58749807,-0.7405135,-0.4114167,-0.3071143,0.70413077,-0.14322528,0.9125334,-0.28418845,0.43162787,0.6975784,-0.6527695,1.533391,-0.8779889,-0.23485926,-0.83575046,-0.37814787,0.08514276,-0.8042273,1.2510107,0.41276482,-0.6679608,-0.30154175,1.2157661,-0.52948713,0.69192624,0.20203331,0.3173827,-0.5395686,-0.20450759,1.0681967,1.2542619,1.7593317,-0.51866657,0.15956649,-0.2112898,-0.23901774,0.7188388,-1.2034194,-0.17783934,-0.3133752,-0.50750977,-0.31326157,0.03060516,0.26012367,0.6639075,-1.3174341,-0.82968694,1.6950946,0.7761982,0.19448413,-0.09601839,-1.0357345,0.41173732,2.1728919,-0.6600544,0.3699976,-2.038377,-0.051020257,0.6010179,-0.93044114,0.08092055,0.15585318,0.10831593,-0.19648115,0.27616093,-1.4331425,-0.07332358,0.5638794,0.18578446,1.0624375,0.45212182,0.8342079,1.0951614,-0.87308896,-1.4888276,-1.0038688,-0.3005147,0.8046362,0.74586517,1.3176324,0.51547104,-0.32338947,0.923326,0.79168624,-0.17624591,-1.1741894,0.0009517316,0.43288845,-0.88908213,2.3653426,1.0376748,0.81525576,0.8609935,-0.40718248,-0.10158792,-0.75105584,-0.030510496,-1.4424456,-0.5067307,0.97631496,1.9298643,0.87261444,0.05729036,-0.97026247,-0.14652541,1.5790823,1.6022217,-1.8073099,-0.07502304,0.43358812,0.4197102,-0.705508,-0.19113201,-0.99125504,0.90521044,0.17443556,0.45953342,1.1028212,0.7635445,-0.40190494,-1.2601334,0.5047945
0.7183081,0.7222696,-1.117293,-0.3878164,-1.4050362,-0.6595922,0.6248077,1.7575161,-1.8212245,0.99206907,-0.69438183,1.7248772,-0.38683176,1.4253067,0.28730366,-1.9225224,-0.17460524,-0.8006789,1.155935,-1.3776253,-1.4871931,1.93025,1.6459563,1.3150523,-0.10919388,0.91135913,0.26478606,2.0223505,-1.1692556,-0.27812085,0.34667772,-1.4190595,1.415384,0.66427386,-0.86217254,-1.5013036,-0.87464035,0.41824275,-1.2956177,-0.64404047,-0.18978177,0.8091196,-1.0092032,-1.7868627,-0.2043822,-0.7510804,0.44113046,2.23675,-2.9151583,-0.51326513,0.83390415,-0.97592837,1.1483464,0.4480071,-2.0075045,-0.8880193,1.0638142,-0.083344676,0.5834026,-1.5484774,0.03676117,1.4114566,-0.8480127,0.40706024,0.46786416,2.7013955,-0.6038964,1.0605003,-1.6721753,-0.0016980824,1.6993538,-0.35107526,0.34850752,1.0193166,1.1139814,1.1208513,-0.50948304,-0.5492705,0.88182986,-0.40656433,0.0061642323,1.0070375,0.28927168,-0.18687646,0.12847038,0.9271013,0.7045538,-0.48114118,0.2113652,-0.35041836,-0.97961646,-0.6642496,2.4067116,-0.012538742,0.002292253,-0.70080006,-1.2019267,-0.67784774,-0.48099813,0.37084597,-1.2119001,-0.85721076,1.1305461,2.4490643,0.09481347,0.19736883,-1.2878687,0.631153,0.17661221,1.375237,-1.6205059,-0.43686596,1.1350445,-0.46480593,-0.18470414,-1.9926803,-2.7673573,0.7447296,0.8802724,0.34687984,0.040853895,-0.87546545,0.04306364,-0.9415066,1.9197886
-0.7255842,0.63515055,-1.3877425,-0.31042668,-0.4081798,-1.4591037,1.4601463,0.96835697,0.18140751,0.49318475,-0.4897611,0.7677297,1.1009713,0.88096935,0.94216883,-0.76441735,-0.18437564,0.051025636,1.1517091,-1.2070539,1.3767502,1.5572759,0.64778197,-0.42308018,0.14098987,-0.37776053,0.050280564,0.8416858,-0.33213443,-0.26291957,-1.0913459,-0.9445979,0.54356545,1.2200453,-0.17198087,-0.7079643,0.094738215,1.402788,-1.3131006,0.23103677,-0.22876005,0.1948548,-0.559672,-1.5287461,0.25840664,-1.2091846,-0.4834061,0.54077166,-0.23591653,-0.52019286,0.38921025,0.19972318,1.3741484,0.025422595,-1.0314363,-0.21862969,0.32101882,-0.3017803,0.090043515,-1.1383151,-0.99760014,-0.14619155,-1.589559,0.48837537,0.17943451,1.0953332,-0.6523161,0.80157214,-0.7218704,0.43558282,0.13514581,-0.3372858,0.92713857,1.3066112,1.1318443,0.7325109,-0.5261443,-0.43777335,0.86592185,0.45603296,0.8361941,0.8183362,0.8811293,0.8904218,0.3404002,0.59663314,0.8062212,-0.1040677,-0.61973804,-0.1832004,-0.22834815,-0.2542543,1.2022995,-0.26116553,0.51535666,0.78239584,-0.09067024,-1.0556214,-0.6712354,0.27679497,-1.0501434,-0.82901174,1.4853606,0.73128974,0.45795083,-0.2893711,-0.4017743,0.18466863,0.19344334,0.80167955,-0.5665188,-0.19044845,1.5128274,-0.38420945,-1.7331824,-0.46814227,-0.4105817,1.2212236,1.6377543,1.2689906,0.4720622,0.525747,-0.87474805,-1.7787404,0.9065535
-0.21357557,-0.47962734,-0.36168033,1.2113528,0.4526018,-0.19341722,-0.3759553,0.358663,-0.5998,1.2132231,-0.08482469,0.7381029,0.08618308,1.2546016,-0.51289135,-1.2623262,-0.53307676,-0.7475219,-0.49228144,-0.48603463,-0.21082236,0.04226747,0.5739587,0.5756235,-1.3373893,1.3671458,-0.5602207,1.2484251,0.28653705,-0.0004935898,-0.43072116,-0.5183716,-0.10535049,1.2695254,-0.073672235,-0.63539183,0.5177572,1.2130098,-0.7383512,0.48456198,-0.62057555,0.23302329,-0.2078503,-1.0184467,0.012635073,-0.14683467,-0.14405972,0.35072634,-0.5327126,0.27337787,0.39014122,0.36856338,1.0036038,-0.014415243,-0.66627127,-0.16692601,0.3511713,0.05244638,-0.07997711,-1.1078138,0.35184708,0.69907385,-1.0599552,0.61720914,-0.14654623,0.9243227,0.22685136,1.0350219,-0.33872736,-0.1592619,0.46969604,-0.37249085,0.09459402,0.25737435,1.092563,0.124325536,0.03493157,-0.49211386,-0.3076169,-0.040809277,0.26715985,0.6161503,0.04679905,0.06169335,0.098625794,0.91258293,0.38808504,-1.5685921,-0.2877091,1.1199825,-0.29357725,-0.43871164,0.2547641,0.21215022,1.3047436,0.8831209,-0.7850901,-0.27141848,-0.6324433,0.58738935,-0.9914605,-0.47776142,0.8443995,0.7577623,1.1653229,0.4837214,-0.33824468,0.11505827,0.22481574,-0.26366034,0.2574572,0.65299803,0.70651335,0.13130938,-0.5512276,0.26996198,-1.025783,0.079594776,-0.7256629,-0.54193336,0.048265807,-0.14283611,-0.18967335,-1.0364932,1.12446
-0.14449194,-0.079533406,-0.18179208,0.3888871,-0.4103667,-0.9331278,-0.70175004,1.0938894,-0.50910187,1.0142328,-0.3268694,0.65266657,1.255623,0.6551435,0.8041445,-0.6526126,-0.067631885,-0.9849005,0.57801604,-0.98397726,1.0480509,1.6963738,0.083229296,0.0018897392,0.058262922,0.050594606,0.089170545,0.9153117,1.102396,-0.01627331,-1.240771,-0.35177058,0.18336773,-0.16394499,1.1043708,-0.832528,-0.40697032,-0.42871618,-0.3213753,0.16433187,-0.13791244,0.14495324,-0.74512964,0.09557883,-0.7121334,-0.7857525,0.4590314,0.52759427,-0.9530276,-0.56032205,1.6515718,-0.18015344,0.620936,-1.1341329,-1.6907364,-0.64452606,0.08154607,-0.8602547,0.32534423,-1.7005401,0.41055802,0.41649887,-0.31168157,-0.08160432,-0.66849196,1.5102426,-1.0286313,1.2507578,0.51574206,0.3102856,0.36767197,-0.21001396,1.1000782,1.272283,0.8608004,0.42399734,-0.5174858,-1.583251,-0.4935554,0.5205232,0.9740768,0.4135273,1.1010909,0.8032636,0.5494272,0.19265832,0.71747625,0.2553746,-0.09922467,-0.46272504,0.6805467,-0.9223497,1.0487443,0.80416256,1.2825181,1.475211,-0.09422326,-0.11342694,-0.69164294,0.23540045,-0.5578974,-0.9434905,0.70490867,1.4166268,0.20609273,-0.10428072,-0.9693028,0.069320336,1.2440746,1.1535127,-1.1210369,-0.8487472,0.409716,-0.26800635,-1.9632545,-0.9800957,-0.44029155,-0.03344254,0.852739,0.62456983,0.49230894,0.28460547,-0.53530467,-1.0369656,1.4014219
0.42172015,-0.542086,-0.8152623,0.48945716,-0.08021427,0.05784893,0.5222151,1.1236808,-0.9745846,0.8493819,1.4520686,0.12289447,0.56481344,0.3122524,-0.059884634,-0.4728267,-1.4341749,-1.486341,-0.030110952,-1.5146931,-0.009408886,0.77325666,-0.2570714,0.971511,-0.23452416,1.5690075,-0.38112247,0.994222,0.6400672,0.7415121,-0.045479286,-1.6402155,1.2424384,1.0146323,0.050250743,-0.91261953,0.9917207,1.3590385,-1.30868,0.5042397,-0.40295824,1.2123495,-0.49087575,-0.8900713,0.24340454,-1.8479484,-0.549828,1.2634213,-1.6372218,-0.4737084,1.3118525,1.5469471,0.80403954,0.41272756,0.11991301,0.8931666,0.39286512,0.7994666,0.7940984,-0.5539793,0.6859039,-0.67088777,-2.0096087,0.55739737,-0.5073985,0.37133327,0.6830809,1.8347838,-0.37642485,-0.43234345,-0.73221594,-0.8656294,-0.19495037,1.5256889,1.3130493,0.48490068,-0.614373,-1.3083503,-0.21773534,-0.46589273,0.34845,0.43026385,1.1795235,-0.298495,0.7929018,0.23384686,0.8804715,-0.19963215,-0.54314566,0.66857195,-0.016959364,-1.0229502,1.1056072,0.54206955,1.2698406,0.8891654,-0.0032154284,0.06955237,-0.5392573,1.0326532,-1.9863478,-0.8367468,1.3062202,2.093366,1.0820267,-0.68643224,0.3146456,-0.44313174,0.7040458,0.79705393,-0.33873343,0.527105,0.36792138,-0.76489633,-0.67241687,0.19291724,-0.35798103,0.5196207,-0.5019181,0.29970738,0.038396247,0.0352697,-0.67220473,-0.9805575,1.2556523
-1.4825101,-0.8290138,-0.94355506,0.9849743,-0.86149025,-1.4324573,0.34097034,0.31704465,0.23384112,1.443793,0.019641785,-0.39735666,-0.69062984,0.5411652,0.07646233,-1.4995286,0.444995,-1.010762,0.5832126,-0.16357213,-0.41206002,-0.25959712,0.31057668,0.6095755,-0.7108676,-0.09940982,-1.2876024,0.90306723,0.39141932,0.16048077,0.03766427,-1.296653,1.489278,0.2172961,-0.6379726,-0.48882785,0.2987495,0.8020907,-0.61590147,1.1679128,-1.6565256,0.6838721,0.04322614,-0.78663725,-0.34612933,-0.85483843,-1.5819943,1.3108491,-0.899685,-0.12634797,1.2498349,0.58065945,1.0977957,-1.0570956,-0.5757291,0.7551386,0.4871438,-1.1105846,0.26700416,-2.1062386,0.636367,0.86487037,0.32329738,1.7233735,1.3144219,1.1387488,-0.5568447,1.6811247,-1.2325625,0.26886633,0.93599665,-0.89335823,0.67034346,-0.009637336,0.5015431,-0.020103427,-0.1597083,-2.061526,0.8491714,1.7619295,1.2301754,1.5069575,1.1190196,1.6153077,0.56109613,0.6645565,0.80066055,-0.36924595,0.14558938,-0.46359146,0.23453249,-0.07675259,0.2923935,0.27231702,1.0902135,0.942582,-0.5168734,-0.075603455,-1.7278342,-0.7285953,-1.3609161,-0.46872512,-0.09067521,0.46178642,0.743293,-1.5468017,-0.9726638,1.4983089,1.4215158,-0.17991155,0.05625149,0.6593387,0.4914149,0.08982219,-1.6848444,0.9881671,-0.6321549,1.3852983,-0.10169785,0.6514773,0.5178413,0.65378964,-0.6021751,-0.09943238,1.602631
-0.3033085,-0.17167297,-2.1395793,0.37425599,-0.7434957,-0.36197197,1.3376775,1.3560731,-1.3857992,0.42902792,0.93410003,1.349356,-0.5831234,0.98653156,0.619546,-1.5490656,0.032964528,-0.9380882,0.8209488,-2.17471,-0.032258257,1.4632264,0.050260253,1.1952928,0.30759183,0.15593942,0.5542027,1.2459109,-1.5336114,0.61350787,-0.3320354,-1.1304584,1.6879231,-0.15609409,-0.44062293,-0.9309409,0.5037832,0.716462,-0.6721658,-1.6883107,-0.91114783,0.9788204,-1.4580266,-0.7725208,1.7360497,-0.71331745,-1.0529581,1.7600069,-1.7642401,-0.29803613,0.0015594475,-0.43423474,1.1099092,0.6145273,-0.7117333,1.3211925,-0.5857451,-0.65681356,1.2264541,-1.6510506,0.07624539,-0.43087697,-0.79073524,1.1228749,0.61567557,0.9623977,0.10530528,1.826658,0.33726853,-0.063820206,0.9264817,-0.38970482,-0.7665017,0.5603694,0.15509544,0.12835811,-0.39429927,-1.0805382,0.9925041,0.6670821,-0.28760487,0.06280373,1.3913527,0.2579074,0.94987464,-0.07895576,-0.27779862,-0.1377503,0.03905738,-0.9452812,-0.3686433,-0.7903669,0.7908622,0.21984705,1.4845346,-0.24484697,0.03799609,-0.54182637,-1.5087196,1.062583,-1.4081149,-0.11302845,1.1234925,2.1895292,0.26979837,-1.0686778,-1.4668638,1.7187715,0.35412565,0.050532617,-1.3624754,-0.27145055,0.96551114,-0.11555968,-0.69078827,-0.78108627,-1.2168803,0.13505477,1.5405039,-0.14700174,0.784851,-0.97606176,-0.70866776,-0.86366796,1.6767148
-0.47856367,-1.1303741,-0.018983888,1.0635872,0.2087413,-1.5451534,-0.0317401,0.21827464,-0.48238865,0.56885403,-1.0675627,0.64757967,0.7712177,-0.41530505,0.7758911,-0.9725385,0.36035648,-0.21471593,-0.72767276,0.15976977,-1.4199455,0.5886883,1.4843968,0.5446534,-0.78214586,0.49810192,-1.2253393,1.6351886,0.34789804,-0.169149,-0.89146024,0.13871276,1.1724626,0.5491973,0.26192713,-0.06296976,0.17492527,0.32757705,-0.5451004,0.7108352,-0.9674473,0.25017574,-0.95688826,-1.1684057,-0.7073061,0.15296105,0.38211918,0.37843883,-1.2726369,-0.39668456,0.8433149,-0.18794006,0.37707347,-0.12252645,-1.0858376,-0.6948344,0.65270746,-0.88160485,0.9808484,-1.5518624,-0.14233544,0.6996545,-0.21988195,-0.70343214,-1.0968645,0.7961217,-0.6144784,0.9029138,-0.59977406,-0.13918082,0.83221775,0.020964436,0.74747896,-0.18398948,0.8221333,0.48774084,-0.1110677,-0.9412046,-1.5642821,0.840448,-0.0026705638,-0.017425112,0.9712355,0.318156,1.1419737,0.49955004,0.9866061,-0.6463064,-0.4471259,-0.31139272,-0.5484325,-1.0331182,1.1597242,1.1917392,1.0023823,0.7003119,-0.20697914,0.42303953,-0.47439834,-0.5320136,-1.6160761,0.025662588,0.093655154,1.1126384,0.066559225,0.7985001,-1.1332821,0.057773083,0.8005625,0.25132006,-1.4089448,-0.6671993,-0.32488024,1.1790501,0.020437106,-1.1672226,-1.9573553,0.3193725,0.5396362,-0.15549745,-0.4532956,-0.17774521,1.2779641,-1.8004922,1.988798
-0.22792524,0.75878906,-1.8143219,-0.34891295,-1.1992799,-1.5058551,0.028327374,-0.22121346,-0.51640934,0.17663899,0.25658736,-0.23696251,1.1121802,0.17290506,0.26833877,-0.7895759,0.54259944,-0.1654566,-0.457282,-0.48629433,-0.117369495,0.9177004,-0.1997725,-0.0635546,0.69795084,0.21441364,-0.18328194,0.57821995,-1.1994913,1.714445,0.51532465,0.7824663,1.2785298,-0.23385271,-0.26734087,-0.9825436,0.3593339,0.2810536,-0.036046367,-0.22447023,-0.7665272,0.8988633,-0.34944132,0.43061545,0.69954103,-0.61036634,-1.0419233,2.1015785,-1.7963985,-0.0909613,2.0670662,-0.4940193,-0.015853638,0.21703792,-0.9944499,0.92304474,0.45956075,-0.85526675,0.462865,-2.4026768,0.25328222,0.563469,0.17200956,0.4771435,0.9506675,0.34869644,-0.58158606,0.20133863,0.32780236,-0.32906792,0.72567284,0.582365,0.8706806,-0.81090075,-0.017322322,0.62754035,0.062471144,-0.9725602,0.045124106,0.26266053,1.2910441,-0.86579907,0.824188,0.5819387,0.39551705,-0.26576033,1.5240557,-0.07370591,-0.65267473,-0.91201895,0.18744989,-1.8992186,1.3123375,0.8875603,0.96758634,1.0964217,-0.86088943,-1.1740266,-1.521139,-0.9918914,-1.2436501,-0.12778133,0.40663636,0.4082549,1.0886734,-1.1759073,0.078760475,1.1535695,0.98967487,3.072558,-1.8275303,-0.4542358,1.6003665,-0.23370375,-1.0040625,-0.5786792,-0.044508792,-0.3177158,0.31954482,-0.50942034,0.49617332,0.24660367,-0.76889706,-1.3128921,0.19200817
-0.3035454,0.3903823,-0.65922093,-0.23623101,-0.46532002,-0.48864228,1.6465153,0.9433585,-0.44802666,0.36000592,-0.28335762,0.2809371,0.09829684,0.154448,0.97485423,-0.24221678,0.021385971,-0.831437,0.12080982,-0.5111787,-1.0832936,1.5042208,0.5036103,0.36442712,0.3498844,0.4649094,0.13128428,0.4529448,0.16125025,0.07316409,0.6607453,-0.39922687,1.2710556,0.8010821,0.26201624,-0.47572815,0.12023422,-0.21136536,0.22521174,-0.6079126,0.073193304,1.156375,-0.8165728,0.54706,-0.52603364,-0.45704627,-0.5044766,0.46792665,-1.058138,0.1059809,2.0976148,-0.8019788,-0.44894844,0.007065744,-0.96848035,-0.31939623,1.1056138,-0.3567575,0.5625775,-0.9637343,0.1434264,-0.4142979,-0.9809015,0.59406847,0.3921035,0.65968287,-1.1935077,0.36685744,-1.2497281,-0.25739792,0.17840606,0.51603687,0.80446845,0.07412969,0.40679005,0.45656115,-0.039603528,-1.157786,-0.580667,0.47801492,0.1107948,0.5157706,1.0213858,-0.098860696,0.26982185,0.41314274,0.73210424,1.9050934,-0.36307007,-0.08161692,0.8786893,-1.2143663,1.4916483,1.0171211,1.0636363,0.8819361,-0.395591,-0.45752308,0.33595702,-0.47039023,-0.4499505,-0.2810961,0.0858523,1.8857944,1.0173519,-0.001840746,-0.9058277,0.19713327,0.6719892,1.7322454,-0.66035974,0.20821369,-0.3893011,-0.11104444,-1.0685086,-0.1992185,-0.31047794,0.49968657,0.5015441,0.8003086,-0.5800051,0.091638826,-0.0012518405,-0.59406245,0.03803028
-0.54194343,1.1548461,-0.4723149,1.1915021,-2.740924,-1.8964257,1.3879104,0.018766968,-1.3824383,0.14774162,1.2749074,-0.60891414,1.4212079,0.80915654,-0.3632817,-0.41899943,0.29457986,-0.51789373,-0.46916237,-0.47014454,0.30621165,0.91444373,-0.061470553,-0.118892714,-1.0105263,0.49928412,0.093779676,2.4036503,-2.1838136,0.4634506,-0.61970574,-1.3556335,1.4433068,-0.25581893,-0.049766783,-1.6169492,-0.7729281,0.2651177,-0.5357767,-0.46963716,0.5528009,0.56178695,-0.11384635,-1.5049167,1.0838265,-1.3672447,-1.7769997,2.0954678,-1.3550025,0.45539412,2.3691196,-0.5031041,1.2101423,-1.0042187,-0.9024827,0.00784242,0.5628649,-0.5194305,0.252291,-1.3117702,-0.012545759,0.60104954,-0.46940944,1.1719402,0.13445872,0.79592717,-1.8875431,0.56506103,-0.051997762,1.9484935,0.14591913,-0.87740594,0.034772143,0.2725693,0.8104097,-0.42752996,-0.52424276,-2.086856,-0.579509,0.86335623,0.85408616,0.31947586,-0.10460549,1.6395118,1.3373501,0.7365558,0.1137713,0.43227378,-0.611716,-3.4695578,-0.8322909,-1.0909252,1.5784833,0.82301664,1.6203957,-1.0234054,-2.3484178,-0.591187,-1.6367576,0.14696749,-3.301244,-0.8130822,0.43319374,0.95170987,0.9219368,-1.0546178,-1.5874879,1.6252377,0.31509328,1.6292026,-1.894963,-1.9845741,1.2493336,0.27683535,-0.8900526,-2.1133676,-1.8150151,1.6463902,1.0594132,0.53958815,0.2691885,0.20370747,1.5878043,-1.1950427,2.0952592
-1.5323892,-0.7160216,-1.03152,1.5837722,-0.41142154,-1.1228286,0.6676915,0.08817711,-0.74016535,0.6785841,0.40489557,-0.38789698,0.3249357,-0.21782678,0.7496998,-0.35801253,-0.71074057,-0.09201629,-0.45019275,-1.3992858,-0.1262565,0.20627187,-0.27127555,1.1863723,-0.045928694,0.784697,-0.5782234,-0.09825445,-1.3624324,0.43302086,-0.38330582,-0.26688588,1.5613699,0.7449163,-0.45483804,-0.17057092,1.5225694,0.8738608,-0.9119425,-0.17532375,-1.0202577,0.7981073,-0.6490444,-0.20758528,1.8424518,-0.48832476,-1.5568825,1.730643,-0.77943695,0.7806523,-0.15028132,0.115601584,-0.14973934,1.0935249,-0.13362013,1.5032872,-0.06747599,-0.8766535,0.5715549,-1.39838,-0.19758962,0.2354046,-0.58800465,0.74713475,0.67001724,0.050062247,0.20598362,0.9733688,0.025840063,0.6506338,0.8930272,0.47863972,0.11065486,0.03192696,-0.16403338,-0.07188308,-0.22406812,-1.6601313,0.15101112,0.93640184,0.27844402,-0.07943504,1.8047515,-0.4557054,-0.24528655,0.7883604,0.24051179,0.43284976,-0.9175288,-0.36387894,-0.33583105,-1.8804821,0.11719268,0.7340077,1.0313463,0.6703675,-0.74487865,-0.09894372,-0.99638855,-0.31928945,-1.788018,0.16879477,0.28718418,0.5459982,1.2253419,-0.95322466,-0.23465952,1.1468014,1.3146051,1.4117961,-1.8088,0.12412301,0.10335926,0.4834377,-1.5922318,0.75800514,-1.2278025,0.8284723,0.6065697,0.15077169,0.6709548,0.018827744,-0.08935757,-1.553966,0.5537038
-0.3665569,-0.31431568,-0.29357862,1.6025368,-1.1770966,0.081536494,0.3676905,-0.36239457,-0.9562206,0.5540478,1.6044462,-0.95231754,0.18180218,-0.14336191,-0.21062428,-1.1889688,-0.48783696,-0.70162517,0.5992802,-1.1547822,0.28634715,0.4433745,0.38485283,0.569916,0.3051001,0.6386388,-0.108179085,1.4306841,-0.81730366,-0.82984084,0.5880335,-1.0550214,1.4208055,0.017324194,-0.9851958,-1.0758927,-0.56729925,1.0597881,0.03424341,-0.5618949,-0.3386844,1.127467,-1.2973516,-0.44619438,0.85235995,-1.1180155,-1.6896614,1.2450593,-2.170584,0.96472496,1.0012115,-0.7178483,-0.42255443,0.14217599,-0.8480944,0.5270902,0.013472201,0.45429155,-0.3183138,-0.71397555,1.9455799,1.1652964,-0.60104823,0.2500283,-0.06663057,0.73638654,-0.7714005,0.46931225,-0.43651995,0.7906674,1.086684,0.32868946,-0.7953291,-0.512445,-0.5008598,0.23672552,-0.82780516,-1.50968,-0.7345365,1.1768166,0.412907,0.020327618,0.8214296,-0.48427814,1.2414352,-0.1520332,0.28239563,0.064286165,0.15560876,-0.7463417,0.023067694,-1.1665386,0.50106853,0.44565174,1.6485897,-0.06750082,-0.35249957,-0.079533584,-1.0520434,0.49774185,-1.3097101,-0.90699667,-0.6978219,1.4352075,0.7675467,-0.4669484,-0.695735,1.6006448,1.6072606,-0.07677391,-1.1183736,0.41739064,-0.2585719,0.04866231,-0.53949916,0.09542005,0.25832483,1.3894336,-0.08396107,-1.0983982,-0.14087127,-0.98513585,-0.6118058,-0.8115348,-0.10426392
-0.41921812,0.18943593,-2.330915,-0.021284651,-1.064086,-0.969511,0.7928254,1.5221292,-0.9773847,1.5411161,-0.54618627,2.0621037,-0.3411503,1.6709557,1.5795133,-0.88086545,0.4130904,-1.3476976,-0.402665,-1.2887201,-0.23520224,2.017352,0.3865106,0.47345224,-0.89282805,0.26874912,-0.13107465,1.5031958,-1.3037643,-0.23504245,-0.7216165,0.38910642,0.056229282,0.4605373,-0.5850761,-1.3274333,0.8084687,1.6614542,-1.1301388,-0.22899708,-1.2536913,1.3603553,-1.115783,-0.93140495,1.253561,-0.21446827,-0.10892479,0.8732706,-1.5776633,-0.37767035,0.2870998,0.37451386,0.5447684,1.4122365,-0.87248015,0.09165674,-0.3402149,-0.57593554,1.3999543,-3.189404,-0.6343736,0.86990184,-1.1472774,0.0792931,0.32636246,0.7275679,-0.67852324,0.20618711,0.3151679,-0.8108491,1.2442349,0.5017746,1.082086,0.21518944,0.49721372,0.5801249,1.1683313,-0.8543701,0.9305029,0.49992675,1.1946274,1.4983369,0.85107744,1.0531753,1.4480209,0.2617383,1.3805346,-0.6409124,-1.2385436,-0.3718287,-0.39128327,-1.1609545,1.2904532,0.48897687,-0.16969961,-0.10733253,-0.3222184,-1.4792792,-0.7757053,-0.82034737,-1.3637476,-0.11904374,1.99533,1.3818356,1.5412391,-0.8976013,-0.5685052,1.5748771,0.6235751,0.459606,-0.9293109,-0.12420303,1.2062467,-0.99816066,-0.801591,-1.4798288,-1.2237027,0.92081475,1.3026298,-0.247701,0.7618982,1.7566717,-0.46816978,-1.4480793,-0.44667917
0.3810357,-0.4135531,-1.9390602,1.0278206,-0.4293409,-1.2700484,0.44371942,0.071883604,-0.11766354,0.40599477,2.0179703,-0.79705054,0.6423916,0.26406938,0.29764676,-0.7293551,-0.1885652,-1.210818,1.3146677,-1.4541118,0.314373,0.45508915,0.7659035,0.5779783,-0.6991313,-0.5767743,-0.8008463,2.3127248,0.59024215,1.1095984,-0.48662415,-1.3520912,2.5788622,0.2513609,-0.16602221,-1.0189418,-0.6651384,0.5504238,-0.5116992,0.8773134,-0.4835498,1.3750354,-0.36235958,-1.2760208,-0.51915807,-1.4395642,0.0951346,1.172419,-2.0367208,-0.4338536,2.2311647,1.8297431,0.09432514,-1.587954,-0.7170166,-0.30420852,0.07416451,0.6923442,0.34329474,-1.602215,2.0381293,0.39433572,-1.153291,0.013240274,-0.3700878,0.88362515,0.25930795,2.9132364,0.17248338,-0.5916271,0.44385377,-2.0132973,-0.19302191,1.4570767,1.8018366,0.7236579,-1.5606221,-2.0464058,-0.22512102,0.6869636,0.08254831,0.043474965,1.27562,1.296601,1.28192,-0.27436358,1.1729984,0.3925199,0.46539813,0.1665998,-0.40407544,-0.9348648,2.0866182,1.7915002,2.3949623,1.2744687,-0.21795507,0.43760154,-1.548459,0.8093963,-2.1653447,-0.10084436,0.7699655,2.0932484,1.3296595,-0.53719157,-0.54037434,0.0689075,0.93394625,0.5818115,-0.56756526,-0.3207669,-0.020649293,-0.5776376,-1.5891238,-1.3262432,0.07957536,2.3059785,-0.5847522,0.69237053,0.61389756,-0.693752,-1.2447912,-1.0449619,1.056463
-0.839928,1.009054,0.0076970123,-0.66667026,-1.0326794,-1.8384103,1.231465,0.10701291,0.32557574,1.2641963,-0.5747995,-0.15923877,1.1783878,0.012147008,1.2182615,0.094621256,-0.31896245,-0.7945643,-0.644112,-1.2026912,-0.64774853,1.1830795,-0.9031745,1.8283206,-0.55081564,-0.8776107,-0.99340415,0.8425908,1.5035405,-1.2431493,-1.6506085,-2.405937,1.2034672,0.73628193,0.33052015,-0.8314906,0.2644197,0.09995002,-1.7844254,2.133392,-0.73950016,0.99291915,-0.18247133,-1.8051603,-0.09649179,-1.5528915,-1.4991976,0.38653043,-0.1812132,-0.57428354,2.4689958,1.1606717,1.6534691,-1.6294802,-0.8698901,0.65411335,0.852225,-0.68229663,0.64031535,-1.6407115,-0.6802191,0.290496,0.06123836,0.39715382,0.16988222,1.0918154,-1.6714164,1.8412167,-1.1877296,1.7440513,0.46495235,-0.9262691,1.849936,1.863967,1.684932,-0.77431613,-0.15097086,-2.1379993,-0.2745124,1.010287,2.2836688,1.2911159,1.6828035,1.6969064,0.813787,0.796095,0.79490703,0.26055154,-0.5309731,-1.4941926,0.4705872,-1.2457572,1.4668379,0.7082209,1.1928864,0.104756325,-1.351964,-0.477968,-1.5869662,-1.4945792,-2.8445778,-0.6830994,1.8267066,1.1838031,0.24396425,-0.64304423,-0.40702572,1.0196999,0.5932005,0.86179763,-0.9066649,-0.44013098,1.2239512,0.25018576,-1.9406029,-0.2995576,-2.0858536,1.3605206,-0.084604114,1.0719703,0.21388358,-0.048876777,1.1858197,-2.1958127,2.3338296
0.16611174,-0.09971129,-0.6289688,0.6926993,-0.34564534,-0.726561,-0.6443417,0.50110966,0.021650337,0.049512893,-0.57295823,-0.17931783,0.48190472,0.47590113,0.43243697,0.043100826,-0.11096053,-0.96824485,-1.1996962,-0.45245552,-0.14372723,0.48745763,-0.059570894,1.0666735,-0.6961199,0.63033915,-0.60323143,1.5274968,-0.36520794,-0.016981648,-0.7705775,0.055593714,1.2049643,1.3602499,0.2719175,-0.41896838,0.5747403,1.0464181,-0.41527975,0.6719237,-0.51174676,0.3270545,0.049313407,-0.784173,0.5180082,-0.7741915,-0.8293216,0.22836857,-1.295741,0.06890966,1.1012778,0.44950998,0.79894954,-0.10365041,-0.020408086,1.0244154,0.59521127,0.53511393,-0.029440865,-1.2424198,-0.10357216,0.71099263,-0.1809153,0.7644357,0.6492797,0.14751805,-0.2636404,1.717422,-0.9943561,-0.47909883,-0.22871421,0.25575215,0.8110723,0.86195093,1.378012,1.7787278,-0.05182351,0.040549446,-0.4740864,0.89692533,1.2918972,0.6405594,1.048165,0.77643466,-0.40382776,0.67751366,1.9940419,-0.24348351,-2.1380002,-0.9324666,-0.7404207,-1.0166403,0.49381092,0.90308553,0.8374933,0.42259288,-1.1053265,-0.8661768,-0.5901614,-1.0856386,-1.7253538,-0.67722136,1.492057,0.2678562,1.6251813,-0.6353902,0.08662444,0.4040012,0.3855162,1.0794239,-1.3572457,0.19604665,0.88807195,0.18594255,-1.5186327,0.21305446,-1.8187082,0.31247744,0.6173126,-0.36525384,-0.09443991,0.86683506,0.12876546,-1.3801032,0.8640559
-0.10294311,-0.5945967,-0.47403824,1.0880095,-0.19248559,-1.0175155,-0.34611255,0.95028347,0.4300671,0.9157344,0.101656236,-0.289333,0.47535115,-0.08340721,0.1670154,-0.4768477,-0.5759588,0.031015808,0.007791994,-0.30690834,-0.2596578,0.5013645,0.048172466,0.827772,-0.84943277,0.21536483,-0.9722857,1.1748596,-0.4277112,-0.60455376,-0.4338144,-0.37971526,1.1569047,0.5487273,-0.0796444,0.4462894,0.5173521,1.560828,-0.6057607,0.2078072,0.033935793,-0.5511153,-0.7513872,-0.94008136,1.074979,0.103995495,-0.3255192,0.6484216,-1.9352934,0.20661429,-1.1572005,-0.4088179,0.52867293,0.4443345,0.6869046,0.87546885,0.39504975,-0.4091493,-0.7798121,-0.42739296,0.20149325,-0.09205693,-1.1735827,-0.0059561245,-0.44403777,0.59027135,0.58619815,0.3890127,-0.512479,0.5050152,0.7546066,0.55219024,0.41623288,0.16656576,0.6016563,0.03397214,-0.08935865,-0.96254957,0.27963236,0.28781438,0.6339255,0.8790808,1.8545327,-0.022535156,-0.34829336,0.5704565,0.26235107,-0.08376674,-0.7546694,-0.032971818,-0.1917027,-0.38693982,-0.24240029,1.1749021,0.20220953,0.39414343,-0.64267606,0.080121264,-0.102968365,0.9454248,-1.3503579,0.113763355,0.8359223,1.841308,1.4409435,-1.0367002,0.060453027,-0.18432295,-0.3993732,0.42403603,-1.396379,-0.25159645,0.4023342,0.3642465,-0.74398756,-0.64162546,-1.33166,1.2438258,0.24944931,0.5093169,1.0111793,0.70825934,-0.8478417,-1.0891876,1.3760426
-1.1338646,-1.3055092,-0.1311428,0.6322325,-1.1691804,-0.9397318,-0.55438364,0.80868566,-0.48355237,1.3668213,0.88705826,0.18421903,0.755627,1.7516587,0.090180576,-0.17711677,1.0941873,-1.1642903,-1.3436385,0.013137743,-0.3096723,1.0522168,-0.27033707,0.5095094,-1.6786575,1.5172747,-1.6890268,1.7532881,0.23978114,-0.15409654,-0.12021482,0.48241007,1.0497025,1.3878374,1.3060876,-0.76393336,0.2466299,1.8480426,-0.17565699,0.14160438,-0.10793661,0.22568285,-0.47279152,0.5709212,0.5289001,0.10367028,-1.3510135,1.1905404,-0.9463688,-0.44053635,1.0442294,-0.5731981,1.0710962,-0.2110892,-0.13383448,1.3644663,0.06841381,-1.138671,0.024288569,-1.3562665,0.60202,-0.5312446,-0.047496498,0.059550527,0.41200677,-0.1958255,-0.40066966,-0.07518172,0.37738717,0.4969147,0.2904623,0.8416474,0.98074067,-0.89507884,0.5073618,0.51984197,0.6113544,-1.8655868,-0.9821155,0.7483168,0.9452191,0.43464887,0.8878946,0.23232059,1.4654862,0.7845161,0.31232986,-0.6357575,-0.43346736,-0.8690004,0.7101085,-1.5276223,0.58907133,0.8029509,1.1494095,1.4566956,-0.21224083,-0.35937414,-0.62189174,-0.019053422,-1.7354345,0.16922197,0.8649705,1.025393,1.1566081,0.36761832,-0.52420706,0.702255,1.2379918,1.3608825,-0.44460255,-0.9227807,0.79332244,-0.118998736,-0.403322,0.18165193,-0.90167403,0.16691935,0.25979552,-0.5539926,-0.19111337,0.4808378,0.38710472,-1.3308623,1.9145442
-0.56504124,0.2528938,-0.3767327,1.360061,0.92032284,-0.72506344,-0.085764885,0.16844952,-0.14717272,0.59626114,-0.5582009,1.0735995,-0.457514,0.706985,0.42967093,0.2212261,-0.13671257,-1.8017828,0.1997606,-1.4636148,0.8546272,1.5425963,0.28033277,-0.22978862,-0.25150284,0.085969314,-0.07578842,0.47943655,-0.32736742,1.5447922,0.08083542,1.0132354,1.4451379,1.6589069,-0.6063663,0.11642408,1.246356,1.1601744,-0.67746234,0.13139038,-0.33617178,0.9220925,0.0768269,0.4044507,1.3394346,-0.14177188,-0.5742108,0.25104162,-0.9101834,-0.47708756,0.8801744,1.3569663,0.8638269,0.20032206,-0.9008603,0.32131633,-0.46728718,-0.98018014,-0.5287329,-0.5704461,-0.4527062,0.34924993,-1.2845001,0.45343435,0.13671502,-0.6655736,-0.043696113,0.38563555,-0.5154048,1.0244062,0.022920487,0.3557073,0.47066107,-0.76316094,0.8032515,0.4111757,0.031175917,-1.0309987,0.72919214,0.8904567,0.6135856,1.936909,0.8158542,1.3511586,-0.37949157,-0.68090683,1.3134989,-0.23660871,-0.48407057,-0.3400357,0.11550571,-0.9050543,0.021482175,0.66366905,0.17122138,1.2129036,-0.7428368,-1.083074,0.5589827,-1.3356616,-0.41512805,-0.14252087,1.3062342,-0.37571305,1.527503,-1.066907,-1.0897306,0.100129135,0.72745734,1.3315654,-0.43446282,0.24612279,0.9869555,-1.3324482,-1.9211713,0.17562424,-0.32677606,0.7990451,0.30481756,0.99465734,1.2348322,1.152844,-1.0562516,-0.50062704,-0.49756494
0.15400894,0.10787557,-1.1090935,0.23422453,-0.05478603,0.20941393,0.063785225,0.6782897,-0.686651,0.4048735,-0.046297044,1.2952635,-0.16973135,1.1993698,1.3324231,-0.38140845,0.10237603,-0.65197843,-0.6050907,-1.5036869,-0.6722644,1.5458798,0.20262212,0.74428403,-0.4291982,0.09884708,0.18912002,1.1311004,-0.13447213,-0.6242288,-0.03279773,-0.20720509,0.757408,0.3329441,0.11448754,-0.5980389,0.4883679,0.60612106,-0.20840324,0.18243498,-0.48502153,0.6486976,-1.0736282,0.12999144,0.06857669,0.1451045,-0.13079304,-0.5910296,-1.113423,-0.49191058,0.025942357,-0.010540614,-0.007588787,0.21915066,-0.22139367,0.021812905,-0.0520806,0.331872,0.9030348,-0.5724776,0.43004274,0.3957084,-0.9522877,-0.30886352,0.03442665,0.0055179186,-0.34354568,1.1992851,-0.40506506,-1.1338046,0.3468365,0.7835629,0.721631,0.7203031,0.21995619,0.64765334,-0.4681114,-0.15499954,-0.22175054,0.9001689,0.4480905,0.90895057,1.0187619,0.040866762,0.26389426,0.39253727,0.78740406,-0.2704278,-1.6991981,0.38039127,0.251251,-0.7973441,0.10838345,0.34512547,0.50478745,0.41950577,0.44400203,-0.039573587,-0.23021674,0.5215482,-0.5219701,-0.08338866,1.754223,1.5611022,0.97834855,0.566407,-0.25580287,0.4226381,0.329893,0.3043302,-0.8770276,0.033806264,-0.16630445,-0.35704207,-0.80213803,0.34776914,-0.53309166,0.3427728,-0.47369277,-0.34411868,-0.7560126,0.09079531,-0.40584305,-1.216614,-0.3487385
0.21135749,0.43958908,-1.0040389,0.5994096,0.7101517,-1.2755636,0.40958443,-0.2140486,-0.42222437,-0.19334574,-0.6304298,0.42557847,0.35637045,-0.043301906,-0.030054513,-0.5366283,-0.9143034,-0.10813075,-0.378755,-0.55666614,-0.7224898,0.24889174,-0.38580647,0.4258454,-0.26415005,-1.1950488,0.25324816,0.940317,-0.69617,0.67124045,-0.52436733,0.5356132,1.6134925,0.7236217,-0.36051252,0.016147543,1.1749012,-0.10431722,-0.16233584,0.80321026,-0.43062606,0.63156587,0.06457229,-0.7474655,-0.039066188,-0.26145184,-0.3238883,-0.11671212,-0.62457347,0.19698885,1.3937749,0.44865087,0.63377136,-0.5974502,-0.048335314,-0.35146365,0.3048718,-0.49629822,1.5709081,-1.2541393,-0.37907866,0.4299378,-0.5661076,0.16889815,0.22124383,0.49973288,-0.02168197,1.9674813,0.24169709,-0.22525793,0.7704299,0.53144914,0.85651606,-0.5350502,-0.30919662,0.06848375,-0.03041078,-0.2219757,-0.32541382,1.7216883,0.4218819,-0.4221422,0.45178124,0.88281304,-0.13384928,0.3063262,1.5264055,0.012481361,-1.1804603,-0.43010145,-0.20464754,-1.3524433,0.3187414,1.2928237,0.5923538,0.86948645,0.1509457,-0.29736948,-0.58300626,-0.5423489,-1.1139563,-0.58765876,0.41897574,0.696861,0.7935598,-0.060240783,-0.8151941,0.72414774,0.74213135,1.7887204,-1.1299049,0.37407717,0.23415455,0.3018894,-0.6124231,-0.612449,0.06799781,-0.2841299,0.1917251,0.23159043,-0.31893373,0.1932729,0.48304164,-1.6311356,0.902018
-0.81468606,-0.15410748,-1.5644414,0.27928722,-0.54088736,-1.7521157,-0.8404089,1.1227174,-0.50913244,0.7590809,0.30052182,1.0437504,0.4303827,-0.07215059,0.42714512,-1.386264,0.03618147,-0.5638004,-0.6201619,-1.3896182,-0.21537992,-0.29495466,0.13717905,0.8250399,-1.8849916,0.2110681,-0.23506595,0.53131306,0.31108242,1.0371909,-1.038978,-0.8929873,1.9989922,0.18226995,-0.5886845,-0.8614317,1.3638353,0.078576185,-0.93813324,0.94752294,-1.1435052,-0.34549114,-0.33824664,-1.2707042,0.22081332,0.78165287,-0.3628901,1.0759941,-0.0583976,0.13683704,1.424166,1.1755419,0.09618617,-0.49962565,0.54570067,0.77371776,0.65259767,0.62230694,0.29821774,-2.4986658,1.1180812,0.043774027,-1.0779146,0.031461045,-0.29938427,1.4156882,-0.014308797,1.8489615,0.33377656,0.058450185,1.8751183,-0.6501513,-0.2693864,0.7919922,-0.6916427,-0.15011059,-0.55687183,-2.9084744,-1.003248,1.0486138,0.8928845,-0.30426005,2.1553516,0.24736786,0.5686732,0.38886207,-0.17982458,-0.7601442,0.2340412,0.13423829,-0.24428932,-1.3806729,0.922987,1.3201944,1.1610922,0.41666797,-0.78562975,0.5030438,-1.8999591,0.9251728,-1.6537539,0.34212467,-0.19642052,1.8166113,0.5908299,0.18607993,-1.1171081,1.1631502,0.69162565,0.47509506,0.29053095,-0.2236304,0.75929534,-0.50313354,-0.81293094,0.23281841,-1.1821252,0.58915424,-0.12098728,0.92861104,0.4827543,1.0415288,-0.7683628,0.050246947,2.213635
-0.066140994,0.6699677,-1.3999289,0.99296904,-0.7013212,-1.365891,0.06836614,0.3478701,-0.24059066,0.99106735,1.7485825,0.35045353,0.49072555,0.6757886,-0.35112503,0.019885404,0.25323734,-0.47704905,0.19684274,-1.5741761,0.67797536,0.20370735,0.5010891,0.54380286,-1.0402352,0.24475375,-0.49051207,0.63199246,0.49996668,0.75380224,-0.6680318,-1.084046,0.631655,-0.17935762,-1.3279874,-1.0840453,0.47749886,0.4972226,-0.78383017,0.66734356,-0.62818587,0.41506842,0.6060438,-0.61977845,0.74527127,0.046344757,-0.31238922,1.073756,-0.30869386,-0.16218004,0.6856178,1.0472947,1.0025386,-1.2131412,-0.497722,0.52993923,-0.97579443,-0.5265581,-0.0035903454,-1.6042855,0.81077486,1.383545,-0.78516686,-0.0667596,0.5647578,1.4748354,0.22948548,1.2785813,0.1347812,0.122180395,0.6565805,-1.3640695,-0.30691808,0.655235,0.8906007,-0.9718498,0.41077805,-1.792405,0.5394478,0.12071414,0.7982518,-0.11917042,1.3233432,1.5193274,0.5407155,-0.29853088,-0.12037481,-0.8952781,1.6493999,-0.00076420046,-0.9066069,-0.26101068,0.04558233,0.9003177,1.1628928,0.69497,-0.9021288,-0.15797809,-2.2582014,0.6474745,-1.0803385,-0.6623402,1.2382598,1.173437,0.9678201,-0.5039441,-0.80131817,1.2786992,-0.09168485,0.11995124,0.85935557,-0.014799062,1.086814,-1.3726872,-0.94188845,-0.022048112,-0.62846947,1.6853836,-0.379748,0.53186494,0.6513969,0.024817757,-1.2572098,-0.69024104,0.723197
0.12592146,0.1211929,-1.117807,0.49277717,-1.897956,-1.498824,0.43550667,0.85135883,-0.7084762,0.080042794,0.5615996,0.7943342,1.6331983,0.66447175,0.68472016,-0.10885579,0.174801,-1.4222537,-0.45857847,-1.6295428,0.65953976,0.73897564,-0.2463429,0.7811621,-0.34210485,0.11050984,0.16410565,1.2131845,0.65800154,0.46284688,-1.1318471,-1.0517278,0.563928,0.71713984,0.6925606,-0.704308,0.0538027,-0.53556675,-0.16854122,0.5130607,-0.43005243,1.0298997,-0.4197334,-1.5409272,-0.20834997,-1.6480815,-0.59321916,0.75813687,-0.29092798,0.16546966,2.156629,0.3169956,0.5402515,-2.0276418,-1.3563385,-0.013991805,0.23042445,-0.78408545,1.5289302,-1.623764,0.027125124,0.68965524,-1.3615555,0.6908022,0.2576191,1.6395041,-1.1018014,1.0078869,0.34850538,0.6082714,-0.3880838,-1.1510557,1.8889856,1.5101284,1.1260777,0.34895468,-0.1488739,-1.9647017,-0.47151783,0.075255774,1.2330405,0.016152691,0.4696273,1.4383312,1.6583306,0.5322265,1.2520133,-0.49809176,-0.98099256,-1.603042,0.45707965,-0.85293096,1.1973968,1.3004305,1.7925988,-0.010022111,-0.9088018,0.031510197,-1.5683802,0.51795566,-2.9227579,-1.6360168,0.6405662,2.4021704,1.91648,-0.25545868,-1.2228243,0.7161388,0.3939479,0.41958132,0.3579136,-0.8054539,0.00027686544,-0.4593518,-0.42579,-0.13366415,-1.215848,1.228182,-0.15146086,0.6598372,0.30257988,1.4186943,0.37366942,-1.0827717,1.0012635
0.18928531,-0.5118764,-2.2232413,1.3698208,0.23588149,-0.89124984,0.17878942,0.65992814,-1.3305516,1.3250288,-0.82534194,1.9535956,0.22631563,2.1591053,1.518605,-1.9346894,0.5385318,-0.5940908,-0.45864093,-1.9588119,0.3556326,1.6405246,0.38203436,-0.9527517,0.45620295,0.10400678,-0.27274153,1.3878592,-1.0691545,1.1323098,-0.48468107,1.1447363,2.5688565,1.1962404,0.651033,-1.1751407,1.5494325,1.5563533,-1.0049809,-0.31989345,-0.8982985,-0.25707063,-0.6926695,-0.8078328,0.78274256,-0.7090978,-0.23551764,0.70881236,-1.3375851,-1.7614195,2.1864555,0.05604925,0.49531773,0.80541265,-1.7925737,0.6316204,0.08609365,-1.3986822,1.7757112,-2.861915,-0.13890608,0.51416874,-0.26503658,0.19120212,0.80851704,0.99970555,1.1409082,1.3227657,0.73025477,-1.57388,-0.14953938,-0.16982242,0.4005387,-0.34573692,1.2330469,1.3966036,0.5426852,-1.5045636,1.0287516,0.25999242,0.022265442,0.43777362,0.26139835,0.9798879,-0.1642482,-0.041211255,1.2186245,-0.8818438,0.023896057,-0.77497816,-0.24959992,-1.515502,0.44263598,0.701174,-0.56364864,1.224682,-0.13485175,-0.89273995,-1.2014502,0.40971982,-1.3339022,0.12896137,1.710609,1.7024623,1.2779398,-1.0136913,-2.6431508,1.8174404,0.7425535,0.7462327,-1.5419345,0.15474628,0.78225076,0.3686217,-1.0557965,-0.71550983,-1.4702888,1.6376984,0.50561434,-0.00015365705,0.65892136,0.029570162,0.10094093,-1.4310209,0.061593853
-0.6133555,1.3769149,-1.3383504,-0.21789715,-0.07352428,-0.47580886,0.40522054,1.6428853,0.33038992,0.5709725,0.34554282,0.52173764,0.55592674,0.8549338,1.1967417,-1.2576786,0.76864976,0.24459778,-0.50048107,-1.3617672,0.2998023,1.7024833,0.99800366,-0.25195473,-0.23831584,0.95411515,-0.9579933,1.3119467,0.729448,0.35338363,-0.3979827,-1.2928474,0.55593485,0.13574682,0.16444243,-1.7759817,0.36400333,0.008809909,0.1402308,0.12730451,-0.6667869,0.2864056,-1.3301653,-0.7804529,-0.73684263,-0.8921764,-0.8817679,0.45859537,0.0040021837,-0.5593642,2.2138805,-0.12594196,1.0220394,-0.6583604,-1.2676774,0.8333937,0.8496408,0.13386807,0.35706455,-2.631199,0.48096374,-0.3917679,-0.41879115,-0.045533065,-0.12347344,1.1753523,-0.1604732,0.030902546,-0.2631926,-0.12731655,1.0105,-0.34303328,0.652828,-0.11615572,0.6392493,0.9042641,-0.3461953,-1.1404641,-1.1291869,0.26700383,0.6310471,-0.12133411,0.5169403,1.1641539,1.0739281,0.011621846,0.4178696,-0.7637506,0.27338293,-0.27654523,0.78906894,-0.16952507,0.86489415,0.9175543,0.3137265,0.8659744,0.10886511,-0.6176598,-1.4501276,0.58383584,-1.387444,-0.33431107,0.82791936,1.487769,0.60847753,0.854799,-1.0315158,1.0489632,0.35256332,0.57131094,-0.6652416,-0.07288873,1.1221898,0.5280943,-0.6968416,0.24593279,-1.0170215,0.12094273,8.5152686e-05,0.05342617,0.80403495,-0.515183,-0.39333466,-1.4659028,1.3341801
0.20148838,0.9684439,-1.2052754,-0.19811739,-0.8752403,0.38297856,-0.018916296,1.3049583,-0.14850149,0.6834011,0.14375064,0.5641204,0.76049536,1.4428762,1.2025355,-0.741764,0.4575751,0.41997266,-0.10299604,-0.95387137,0.49407265,0.83862835,-0.5369928,0.067652985,-0.37210312,0.1261543,0.8202076,0.47273353,-0.07711815,-0.1220224,-1.0987821,-0.8249937,1.4927531,-0.44585553,0.7686998,-1.2917506,0.013802001,0.38812846,-0.90878254,0.22771113,-0.18820347,-0.6377194,0.17144011,-0.7450219,0.31605202,-0.55558985,-0.6274573,0.22867325,-0.3178189,-0.11392027,2.4827447,-0.14964862,-0.079655886,-0.29366657,-0.14651616,0.5558956,0.04740702,0.022406394,0.91096807,-2.497361,-1.1579518,-0.13521734,0.015396189,0.2820444,0.98656183,0.33747113,-0.0064208303,0.6494785,0.52950096,-0.21495654,0.060546063,-0.3687636,0.41462794,0.97106004,0.4855677,1.4518924,-0.03873768,-0.9521219,0.34073368,0.206491,1.0243232,-0.07279154,1.0201601,0.59800106,1.1227064,0.3486265,0.43670258,-0.15096395,-0.39022475,-1.3023005,0.4256206,-1.009003,0.5934379,1.0440551,-0.41122338,0.98662925,-0.22477698,-1.4600328,-0.9783495,-0.8860945,-1.0591294,-0.42309064,0.35496226,-0.24364954,1.0826026,-0.2540095,-1.2008787,1.5354275,0.29703525,0.31331336,-0.7885936,0.19313678,0.71661246,-1.0713154,-0.77235156,-0.18841583,-0.6032093,1.020742,1.622491,-0.22898321,1.0862497,-0.2715444,-1.059827,-0.54248136,0.3961599
-0.8589918,-0.6901231,-1.2325823,0.24013412,0.10564388,-0.7751972,0.9406464,0.79081553,0.5218928,1.2317255,-0.50604343,0.5468849,0.06815344,-0.38142136,0.45675534,-0.84173834,0.5253764,-0.50594395,0.5544813,-0.7168869,-0.35396293,-0.13884407,0.60880625,0.15368815,0.7605404,-0.13492563,-0.17236859,-0.09996722,0.6464445,-0.45348388,-0.35846576,-0.20759997,1.5935303,1.2598773,-0.20823222,0.936962,0.98080766,1.3550464,-0.56617826,-0.34742478,-1.3105919,1.2052546,-0.111349985,-1.5721312,0.9121785,-0.4764616,-0.44076636,0.081094295,-1.6748284,-0.2817954,0.9993667,-0.059092496,1.3127064,-0.5253461,-0.26807496,1.2402837,1.2658978,-1.9690111,0.5373111,-1.8655373,-0.6553574,-0.71385294,-1.3361287,1.0341702,-0.14271834,0.31906605,0.2473892,-0.20128745,-0.5792188,0.5977038,1.2226329,0.31263426,0.6915262,0.634098,0.7044011,0.91248006,-0.64296323,-0.6381486,-0.06662445,0.4768256,0.9645056,0.43814847,1.4257734,1.0815289,-0.18091561,0.05588699,0.5858223,0.21455675,0.006089405,-0.83127165,0.17806096,-0.85528034,1.2063998,0.33340624,0.33203563,0.51117283,-0.65888226,-0.4468865,-0.8118672,-0.56048656,-1.9600586,0.2706088,0.2791964,1.726702,0.72522914,-0.31717765,-0.65506667,-0.06612365,0.21336439,0.46416083,-1.5362861,0.26337004,0.87419593,-0.16163875,-0.8296348,-0.31485087,0.0014373325,1.9061508,0.9663293,0.7912181,1.1551551,0.5652083,-0.38369277,-0.7951923,1.5493791
-1.1901747,-0.12899958,-1.6795001,0.0024154,-0.34412694,-1.510577,0.88902575,0.6507297,0.5846031,2.2558305,-1.3297149,0.09039332,0.79140806,1.7028227,0.88429886,-1.6721622,0.7180152,-0.09097663,0.3212711,-1.4901179,0.8995536,0.8369265,0.6108461,0.35461864,-0.62099195,0.44523668,-0.18815495,1.2965835,0.8787583,-0.4091207,0.84994024,-0.12400823,2.053971,1.473401,-0.43078858,-1.050723,0.42915264,2.3611033,-1.1314117,-0.21876074,-0.60453093,1.1383905,-1.3145263,-1.5202317,0.5733413,-0.8496589,-0.11801879,-0.57175815,-1.3989263,0.2674419,2.0370843,0.46280694,0.80893654,0.08072501,0.86294335,0.75087124,1.024718,0.29741937,-0.31996801,-1.6383101,0.6049002,-0.4479118,-1.5779731,0.9020779,-0.42376655,1.8554573,0.09455045,0.7226575,-0.36624837,-0.1094359,1.6319745,-0.46141404,-0.11176042,0.6505432,1.2930467,0.23801275,0.47613218,-1.731871,-1.036263,0.6801042,-0.521779,0.91046244,0.88342804,1.1369714,1.6395463,-0.19225866,1.4381304,-0.05908252,-0.054486904,-0.540403,0.20047665,-1.0051488,1.3451147,1.5722591,0.44594187,-0.03489813,-0.6735497,0.015801096,-1.7131059,-0.053976454,-1.0715832,0.80710053,0.25679582,1.6350462,1.4604986,-1.2375593,-0.23566821,0.5820544,-1.209635,-0.7589353,-0.9066592,0.6240653,1.0993358,-0.1437465,-1.8347496,0.38413325,-1.348659,2.090159,0.59068793,0.8061513,-0.019142628,0.9723204,0.5900042,-1.4121948,0.9129404
-0.040909756,0.12124182,-0.7933007,1.0585954,-0.35722053,-0.38143992,0.25988698,0.37490222,0.09530151,-0.15178743,-0.78884643,0.611498,0.33980656,1.0372236,0.44101483,-1.0103347,0.32444265,-0.56277674,-0.8620682,-1.461995,0.34714177,0.18184642,0.7114032,-0.15859538,-1.2057422,0.5548994,-0.39546338,1.7900058,0.20965676,0.07418566,-0.7849998,-0.27811253,0.89538497,1.0328215,-0.70606893,0.10090825,0.33545542,1.2967274,-0.7619848,0.76662624,-0.452655,1.3868951,-0.79848516,-2.1087427,0.07857146,-0.56407416,-0.6779526,0.26583213,-1.219761,0.85129666,1.5971146,0.72267014,0.17880483,-0.54833555,-0.6710712,0.16894656,-0.23027204,0.41286623,-0.021968879,-0.93078154,0.13417672,0.93137795,-1.278232,-0.033586223,0.52340794,0.48969615,0.12488313,0.38427877,-0.5717203,-0.25992596,0.41531736,-1.1730794,0.56760913,0.8734691,0.9420782,0.9847324,0.82982856,-0.4372474,-0.2661087,0.6434275,0.35962805,0.49551296,0.749718,0.77881706,0.8747161,-0.14051564,0.7334248,-1.4349726,-0.6510758,-0.4899474,-0.83681977,-0.9569975,0.1762425,0.75593966,1.0171359,0.48633465,-0.6201378,-0.83459234,-0.462306,0.06084897,-1.7330464,0.40028644,0.49314028,0.7632528,1.9898539,-0.24544904,-0.24739933,1.0565572,-1.2612685,-0.84471464,0.048512146,0.26463968,0.4054316,-0.5219276,-1.1645532,-0.45078534,-0.6166495,1.5816392,-0.1901214,0.5300219,0.47413152,1.0264108,-0.1920588,-0.5338637,-0.0754093
0.3199125,0.33888832,-1.8292487,0.11033447,-0.72017205,-1.961494,0.27579403,0.49784598,0.4767814,0.817812,-0.13454637,0.17587686,0.71645314,0.46525738,-0.159715,-1.608194,1.5142673,-0.39672357,-1.151279,-1.0702406,-1.2405514,0.0945134,0.74271715,1.1193503,-0.14080216,-0.0905799,-1.0787799,0.8010246,0.82068783,0.7896997,-0.04967264,0.594344,1.0762284,0.23223716,-1.7226061,-0.9115537,0.8308012,1.1676228,0.14946373,0.601089,-1.4102685,0.3479627,-0.3656049,-0.27654606,0.2040063,-0.13380486,-0.79513705,0.11532691,-1.3882086,-0.2798475,1.0287554,0.5599225,1.4225514,-0.60109425,-0.5140397,0.7405349,0.91426724,-0.92762786,0.828528,-2.586565,0.5108249,0.18849921,-0.2299628,0.4247623,0.6465766,1.4885348,0.1473545,0.3920129,0.034277294,-0.6990496,0.9919775,-0.29553193,1.1477404,-0.8896108,0.5598561,0.53832155,0.53074443,-1.2251179,-0.18390153,0.86637753,1.6612221,-0.540295,0.708234,1.9373711,1.0149959,-0.05947397,2.1900651,-1.9735525,0.3164477,0.30825093,0.9414657,-0.92385453,1.1330454,1.6118113,2.1872063,0.9174818,-1.2547008,-0.15582788,-2.6191993,-0.03987963,-2.0380948,0.7099177,1.3143528,1.3829194,1.9837313,0.010534817,-0.53804976,0.67873245,0.70478135,1.8104122,-0.6936188,0.062277537,1.2041723,-0.36050978,-0.72841156,0.31604114,-0.82283604,0.42141536,-1.018649,-0.05926629,0.6040436,0.603153,-1.4283025,-1.3428589,1.3322159
0.77304775,0.836293,-2.2241185,-0.20156236,-1.6853449,-0.7613825,0.49125254,2.4243026,-0.6939117,0.30243978,1.2154593,1.6863781,0.65993893,1.3892256,1.1109296,-0.9535743,0.47176716,-0.49459702,0.84915113,-1.4447858,-0.9654586,2.4305182,0.9772843,0.49688026,-0.5823427,0.053659163,0.9056051,1.5758724,-1.1310823,-0.45662773,-0.455426,-0.8919418,0.35959935,-0.0005283132,-1.1787226,-1.4318827,-0.27547035,0.7537309,0.34547824,-1.0633155,-0.45860633,0.8032943,-0.7527019,-1.930349,0.3380121,-0.8236261,0.37992534,1.1293564,-1.492317,0.78041965,-0.32036793,0.57887846,2.3227618,0.04221659,-0.60506356,-0.3677372,-0.30356058,-0.9505855,1.9242646,-1.4783372,-0.47918484,1.7745575,-1.386865,1.0936112,1.0948951,1.8548143,-0.40060785,1.4551318,-0.15673478,0.43290016,1.1229749,-1.1802305,1.5471917,1.9492316,0.584208,0.8731274,-0.1553465,-0.32966763,0.54829806,1.1300964,1.4606048,0.5198867,1.0684395,1.8839368,1.366826,0.37620488,0.61029863,-0.8856935,-0.5673574,-1.0426385,0.23052672,0.12461475,1.5590388,0.66328824,1.720926,-0.27971143,-1.1001781,-1.134688,-1.7994258,0.60417664,-1.7129799,-1.2749827,1.5936391,2.0451527,0.67851794,0.10808913,-0.8511646,1.2935414,0.5504676,0.8752116,-0.9183697,-1.0887785,1.6772369,-1.6764407,-0.24107249,-2.1579597,-1.2243632,1.4104146,2.0945244,0.82606953,0.6654138,1.2602535,-0.61997825,-1.1628577,1.4799016
1.0372612,1.201233,-1.963809,0.24586771,-0.26811364,-0.62078494,0.500061,0.45611045,-0.8722028,0.43660074,0.7427478,0.41997924,0.61731005,1.2925406,0.7646972,-1.4262103,-0.08198224,-0.2827309,1.397402,-1.7046875,0.5662369,0.50840783,0.74516916,0.7916605,0.10306114,0.053331856,0.95634824,0.7949114,0.14590694,-0.11650033,0.5878616,-0.73454934,2.7099016,-0.044423547,-0.733262,-1.1294185,0.20501718,1.091875,-0.6872225,-0.061838664,-0.29112133,-0.44638482,-0.27425134,-1.5787865,0.89527607,-0.43578508,-1.0680617,0.27492493,-1.7708861,0.4456718,1.5937896,0.7798643,0.47824144,-0.065182365,0.9137219,0.16291599,1.2151086,0.3131515,-0.3290893,-1.6734821,0.42691413,0.13847041,-0.7990432,0.43532684,0.24966048,0.90575534,0.08327958,1.3731688,0.25333452,0.5599608,0.9914026,-1.6204386,-1.1425414,0.68583953,0.7382322,0.7594304,-0.6906945,-1.0744761,-0.28224364,1.3532598,0.32603893,0.83386105,0.9267626,1.160986,0.8420566,0.47955695,0.06863521,-0.25726768,0.7681432,-1.1573038,-0.6099399,-0.862027,1.5337977,1.855157,0.534445,-0.187735,-0.9955747,0.04052211,-1.392676,0.4291442,-1.6382028,0.67408985,-0.019612957,0.25317156,0.58591145,-1.2535744,-1.0921847,0.63056004,-0.20600493,0.52029574,-1.87816,-0.15321249,0.5491091,-0.15187185,-1.0127952,-0.54269457,-1.0517024,2.2216642,1.4384327,0.52464753,1.2500538,-0.6960605,0.3162559,-0.76505756,0.524564
0.5931507,-0.32720613,-0.33564407,1.514738,-1.2088277,-0.2037784,0.15179102,1.0249891,-0.68085223,1.2997342,0.82849103,0.4382952,0.03583945,0.62982464,1.0349022,-1.1011592,-0.41864306,-1.0593745,0.7064397,-0.6503771,-0.23419784,0.93620616,0.26066104,0.34369016,-2.3338745,1.3374827,-0.57466155,2.0413158,-0.6215732,0.098122805,-0.22857262,-1.4561934,1.3739293,1.0667161,-0.00862097,-0.4883279,0.9990445,2.0634499,-0.75967056,0.3633831,-0.57847184,1.2988633,-0.8355786,-1.8904502,0.49620166,-0.8512625,-0.29415625,1.3593894,-1.7507687,0.16232035,1.4060798,1.3394516,1.3383291,0.47219947,0.8696164,0.5926367,0.66487443,-0.101351745,0.72722,-2.030788,1.2995175,0.87612736,-1.0141406,0.673912,-0.09531196,0.3042652,0.023235448,1.4478667,-0.559249,0.3060498,1.6057876,-1.0647687,0.63503283,0.7455395,0.496244,0.37270916,0.07528814,-1.8906186,-0.8946349,1.7474293,1.1837347,1.5710325,1.0620931,1.3924079,1.2189,0.89097047,0.38190114,-0.760713,-0.9279052,0.061326258,-0.031343654,-1.6135137,1.1850573,0.8069583,0.9321668,0.45438075,-0.58224595,-0.26047146,-0.44603992,0.018919548,-1.8377784,-0.4248715,0.5976622,2.2788305,1.0890603,-0.75172365,-0.7336736,1.1071657,1.1985991,1.3856806,-1.0438943,-0.81098205,0.29514533,-0.94823414,-0.18142024,-2.7392476,-0.83860576,2.8474844,0.9858734,1.1517137,0.7552375,1.9431384,-0.08455338,-0.4913467,1.1470586
-0.14519627,0.18401231,-1.637851,0.21735512,-0.017851833,-0.8573681,0.8099558,2.3330886,0.32072946,1.4789076,0.21966527,0.5130602,0.9421813,1.4985478,1.0078155,-1.8779337,0.56214935,0.0970625,1.1111364,-1.3517562,-0.53283685,3.0018299,1.6907145,0.23102057,-0.5436357,1.0134325,-0.86894417,2.3500605,-0.13260709,-0.6812229,0.68908614,-1.3307163,2.0250013,1.6603475,-0.36187637,-1.9214481,0.42944196,1.8041048,0.23852535,-0.8549972,-0.6223918,-0.042508993,-1.519879,-1.7502736,-0.8837105,-1.0514922,-0.45362082,0.31520948,-1.67876,-0.30624226,0.9273421,-0.38810015,2.0943935,-0.2362702,-1.6433843,0.48154798,1.76999,-0.38359642,1.0184878,-1.7156181,0.54797196,1.1009247,-1.4580004,1.3171275,-0.004321227,1.473536,0.023491852,1.3546388,-1.750834,0.015783474,1.4260371,0.80398214,1.9200419,1.4003209,1.6767362,1.3947273,-0.9502818,-1.3931876,-1.0589442,1.2207613,0.55759674,1.2162118,0.41857556,1.2425146,0.31061167,1.309626,0.0957208,-0.5206218,-0.9279646,0.037521392,0.52379274,-0.14967085,1.9439737,0.5963659,1.0087527,0.8240152,-0.14543706,-0.45266625,-1.5973701,1.1577531,-1.7952712,-1.2523996,1.5854849,3.487557,0.44774818,0.52770376,-1.1013309,0.7969407,0.6195526,0.8660008,-1.8541939,-0.92400753,1.1296688,0.22653282,-1.0287471,-1.5371804,-2.1192582,2.4053547,0.84443444,1.3504823,-0.6400766,0.8274589,-0.027693061,-2.7299507,1.5293485
0.12335507,-0.81057584,-1.3397175,1.5838534,-0.8322359,-1.5928811,1.0083477,0.91454124,-1.6229526,1.8100696,0.12953591,1.8364884,0.67062587,1.1578435,0.31602204,-1.9407399,-0.19101283,-1.7004,-0.06334334,-2.172033,1.7972254,1.1370392,0.67292684,-0.7371271,-0.16720755,0.18028255,0.21518451,2.0649679,-1.4626837,1.5221137,-1.1641053,-0.7402329,1.3618114,2.0097234,0.9276277,-1.2715139,1.4887128,1.6337144,-1.0849745,-0.97790086,-0.63242894,-0.21734591,0.106315665,-0.8767107,0.5366977,-1.5429316,-0.81195325,0.9447661,-0.39080542,-1.3651061,1.8612454,-0.16649768,1.3833939,0.10271722,-2.279201,0.09982214,0.55657405,-1.8423702,1.5830516,-2.488209,0.22485246,0.9714421,-1.8353523,1.9162482,0.47854856,0.55811346,-0.86743313,1.1370349,0.31981543,0.03836895,0.22735211,-0.46222997,1.2266662,0.49715674,1.4249831,1.4637517,-0.08524342,-2.2091827,0.12317641,0.95289594,1.2083348,0.8891313,-0.018924527,1.0837122,0.66702205,1.2893565,0.8866635,-1.5617197,-1.4230487,-0.9111506,0.7417119,-1.3592147,1.039374,-0.52653897,1.1307863,1.287908,-1.0489757,-1.8183593,-1.32016,0.5061752,-1.6813912,-1.3927956,1.445283,2.2409947,1.256467,-1.0907667,-1.9038957,1.3143172,2.4671926,2.0659957,-0.28600255,-0.24855599,0.6764018,-0.996844,-0.86491925,-1.0550152,-1.0501585,1.895413,1.7914962,0.8179242,-0.17300731,2.1387095,-0.4494817,-2.0385027,1.3727801
1.2344474,0.50110126,-1.5596176,0.18993734,-0.5467021,-0.9201094,1.0953823,0.218136,-0.13078943,1.68506,1.0366399,-0.47348344,1.7431716,1.1050494,1.8638636,-1.6411977,-0.6330341,0.17380907,0.0981943,-0.92314893,-0.4464149,1.2420012,0.31780243,0.45468706,-0.1531862,-0.2880498,-1.2659819,0.8633831,0.5277077,-0.75669277,-0.4998554,-1.2399158,1.7411506,-0.285733,0.70909935,-0.8838675,-0.047148384,0.1256365,0.18005265,0.040593877,-0.9491382,0.8509721,-0.9957583,-0.70184493,-0.7438022,-0.8006037,-0.8255656,1.2906123,-2.0395823,-0.29543415,2.9228756,0.55981934,0.41010475,-0.7948574,-0.46462798,1.1012417,0.54924136,-0.5079046,0.15209395,-2.21621,2.0824761,0.47667927,0.29227877,-0.072782315,0.6215376,1.8548284,0.23201147,2.2004545,-0.10533993,-0.38513577,0.53396934,-1.6712457,0.8323063,1.3783575,1.075535,-0.11125704,0.70115364,-2.4803479,-0.8328055,1.0253695,1.2703507,0.29176944,2.1545253,1.7032332,1.6936837,0.29115775,-0.014199179,0.5988932,1.0851063,-0.67514086,0.8219787,-1.4247807,1.5564692,2.2328122,1.2193679,1.7952671,-0.12895581,-0.483355,-1.2287177,0.49541548,-2.1154845,0.49183074,0.39715958,1.943117,0.6312943,-0.59899926,-0.2687643,2.1163013,0.9839528,1.7886479,-1.3300952,-1.2707819,0.20480277,0.43030497,-1.4938426,-2.218303,-1.1343297,2.2505038,0.8714287,0.9499773,1.5736474,-0.81867415,0.28314927,-0.47674537,1.8684298
1.0390183,0.6614525,-1.2964302,-0.23418185,0.04549271,-0.0042866208,0.003973257,0.48687968,-0.20984304,0.48377576,-0.0017324574,0.91348195,-0.14457582,0.81528133,1.5456307,-1.2907866,-1.0293382,-0.3348447,1.0177681,-0.8493246,-0.62300676,1.652588,0.2978201,0.2734384,-0.6246832,0.23952046,-0.5685347,1.3710124,0.25908315,-0.8732252,-0.64001966,-1.6218272,-3.696233e-05,0.56324255,1.3648666,-0.4916073,-0.17315939,-0.3264025,0.36042064,0.10679491,-0.9764341,0.53898084,-1.1778021,-1.7036005,-0.9751236,-0.28773755,0.44271913,0.97602135,-0.6801413,-0.14349976,0.9859904,0.6108772,0.6560888,-0.4378359,-0.7551744,0.23422101,0.58419096,0.20897843,0.31774125,-1.7624036,0.27088827,1.0207843,-0.10552606,-0.040819116,0.076440886,1.4596784,0.04486109,1.8770094,-0.4371277,-0.46719396,0.6582313,-0.9416231,0.9427055,1.5251241,0.9503991,0.50730866,0.017491667,-0.9215987,-0.38718605,-0.099892884,0.5135002,0.99728274,0.81269574,0.5044203,-0.31442225,1.0644873,-0.595941,-0.26510325,0.23873742,-0.008799061,0.041777954,0.21223234,1.4525588,0.64572275,0.45575777,0.3434392,0.46649438,-0.5077259,-0.59861636,0.6728454,-1.1064134,-0.5390797,1.0219262,2.2496352,0.14006703,0.31002483,-0.8565751,0.8323013,0.21344513,0.08059789,-0.5884451,-0.98187125,0.22796698,1.0852668,-0.113284476,-1.7009926,-1.472866,0.47986624,0.81208736,0.12653169,0.9074559,-0.31356916,0.49574462,-0.80054057,1.7697802
0.4065629,-0.49175555,-0.5103959,1.3896607,0.05843862,-0.7100861,-0.5784519,0.2842069,-0.5079447,0.5529821,0.19538583,0.27811486,0.74572957,0.270424,0.067916036,-0.7549008,-0.19501309,-0.51080847,-0.5285767,-1.0762255,-0.3225463,0.13024472,0.39811125,1.3692305,0.13151115,0.73690826,0.0751018,0.8844637,0.2024649,-0.10932885,-0.9532857,-0.5086163,0.3100795,0.7600265,0.36827713,-0.6790321,0.7183386,-0.359878,0.48509255,-0.4331429,-0.69900966,0.4556065,-0.058335286,-0.76086164,-0.34270325,-0.25226632,-0.21767768,0.29309797,-0.5876146,0.38893545,1.2212261,0.096059114,0.45331478,-0.6689965,-1.1131873,0.6830836,-0.10755213,-1.1018397,0.15743458,-1.8903017,0.8622575,1.3402604,0.45654574,0.35323456,0.8324734,1.2261261,0.051102046,1.2073585,0.15002276,0.5293739,1.3893017,-0.10878484,0.5864967,0.51868826,1.0288305,1.0500674,0.86376333,-0.71824193,-1.0180131,0.6034298,1.1956202,-0.21177639,0.87577045,0.42788133,0.12253343,1.032041,0.57977486,-0.5383453,-0.0803709,-0.43613982,0.26326644,-1.1833513,0.42308915,1.4587522,0.6522677,0.65851253,-0.99059284,-0.7356084,-1.4003761,-0.11269209,-1.3507466,-0.7123942,-0.3496848,0.62783456,1.3466828,-0.024181295,-0.757609,1.2944735,0.9761825,0.64499116,-1.0477781,-0.1301204,-0.24130997,0.24585834,-0.8168138,0.37153387,-2.0331037,0.8934669,0.9623956,-0.28398526,0.75062066,0.03814406,0.5131161,-1.6661649,1.0453917
-0.64613104,0.7108052,-0.9336083,0.9129625,-0.6483794,-0.8332773,0.44563004,2.1283605,-0.034196854,0.764705,-0.9477624,0.90586066,-0.45497105,-0.33074382,1.7224494,-0.8631418,0.014198713,-1.1040331,0.08227327,-1.3046391,-0.13545285,1.8651897,0.9623189,0.41574287,-1.6257243,1.011364,-1.4544206,1.9301246,-0.012095556,0.4333681,0.28427076,-0.70491534,1.3029499,1.7157283,-0.12509635,-1.7682047,1.3076556,0.9818992,0.7480295,-0.03374051,-0.09548855,0.21080637,-1.4006121,-1.0677358,-0.6824231,-0.806016,-0.627389,0.82056344,-0.4299677,-0.3804017,0.39038876,0.52947265,1.4259938,-0.11798297,-1.2266179,1.0331454,0.6631107,-0.54023564,0.60115224,-1.8109415,-0.8115921,0.27985898,-1.5277066,0.77463245,0.69424295,0.84963423,0.12406112,0.8252856,-1.283863,1.1078796,1.1987679,0.2261523,0.72934484,0.3199796,1.2109845,0.53245413,0.28969997,-1.4137552,-0.52333343,0.7595669,0.787124,1.4894493,1.9962194,0.7014343,-0.15766652,0.7776305,-0.44417262,-0.09127998,0.19982299,0.07569618,0.39006582,0.06401161,1.0308979,0.86543596,1.2842417,1.5316715,-0.5936639,-0.77865803,-1.6675817,0.3808316,-0.8471446,-0.78894776,0.6665084,3.07712,0.7056776,-0.16569954,-1.5783335,0.9672551,-0.2812521,0.100336045,-0.85566735,-0.33917344,0.62290424,0.14738718,-0.4006994,-0.13560319,-2.2635946,0.07893019,1.4162128,0.91464496,0.71461415,1.0624388,1.039262,-2.3932536,2.077644
-0.20800057,0.87460864,-1.5068567,1.4465003,-0.39567348,-1.2270381,0.7154585,0.15289028,-0.11227663,1.4501088,0.39171836,-0.017633718,1.035506,0.06769248,0.47570366,-0.3658502,-0.05708724,-0.79229915,1.4920801,-1.0224395,0.5424806,0.6106983,-0.2044974,1.959492,-0.33525625,0.7807734,0.07645904,0.53973794,0.15928963,0.46836728,0.834671,-0.8913475,1.4400102,0.2706882,-0.51720846,-0.088001,1.4132686,0.7441687,-0.2248674,-0.03843925,-1.4201571,0.94335455,-0.08818985,-1.749162,1.0920218,-1.1076199,-0.24428487,1.3725848,-0.6594584,0.96258897,0.6031067,-0.13829805,0.31294146,0.21762896,0.6947744,0.9677521,0.9205015,-1.1839296,0.78850955,-2.5460546,-0.131994,0.4439354,-0.94797665,1.5436213,0.2014375,1.4403796,-0.3804261,0.8264821,1.2331384,0.44612303,1.7087677,0.014577232,0.4686566,1.044769,0.98222196,-0.6742995,-0.5432698,-1.6301043,-0.4992529,0.63894355,0.4291745,-0.13471623,1.2755252,0.3816602,-0.07832165,0.91259956,-0.096037,-0.071308285,0.19896804,-0.4392077,0.48027807,-1.3796542,0.65003675,1.0676689,1.6374416,-0.113897815,-1.7401584,1.0554821,-1.7750189,-0.63715184,-1.749277,-0.7700793,0.034711838,2.0407326,0.6955824,-1.3768922,-0.5572853,0.19436195,0.0090416,0.5032006,-1.3184575,-0.6994431,0.58030725,0.05619022,0.018248297,-0.93285024,-1.3782319,2.0447643,0.5100733,-0.0015764944,0.79824877,0.15731269,1.0186071,-1.4478289,0.69457895
0.85003245,1.379354,-2.0082817,0.30974096,-0.15295787,-1.1750866,1.6457089,-0.18703702,-0.41244572,0.16123335,-0.037085596,1.0056531,1.4354475,0.27816668,1.356876,-0.9633812,-1.3214425,-0.77503824,0.2468588,-1.3987281,0.2873773,1.3487408,0.121288374,0.31390208,0.18055288,0.8319535,0.94628674,-0.3681327,-0.4302041,1.1201984,1.0784494,-0.04712622,2.1740823,1.3273869,0.7103129,-0.4704174,2.6933036,1.5309656,-0.3308544,-0.038327836,-1.4780223,0.5458348,-1.0912182,-1.174426,-0.48550585,-1.4347172,-0.34125853,0.8912764,-0.909298,0.3215493,2.176798,1.0574076,0.5846258,0.08481197,-0.24964966,0.14458872,1.9919629,-1.2344291,1.4250723,-1.6968049,-0.49946943,0.12833613,-1.8676409,2.0633316,0.29205337,1.3054588,-0.4273076,1.1352706,0.058871955,1.0315806,0.254831,-0.4961218,1.631172,0.29129434,0.82514656,0.7273187,-0.66177195,-0.890975,-0.40208742,0.77422136,0.80935484,0.15547955,0.7308228,0.798491,0.32162797,1.2361165,1.3600894,-0.4197021,-0.55345607,-0.2734672,1.6002368,-1.0485858,1.8661255,1.6503932,1.2132549,1.3907896,-0.57741714,0.19532706,-0.959537,-0.30869892,-1.9696352,-1.1380934,-0.22320563,2.0995517,1.8881412,-0.54304266,-1.898057,0.67710286,0.79289645,1.5478722,-0.95218915,0.210029,-0.38500178,-0.7910501,0.28846845,0.11255823,-0.4017969,0.8858779,1.1065218,0.9612246,1.2036105,1.3262893,0.48755231,-1.5344576,0.6836829
-0.3998762,-0.07657567,-1.3794887,-0.037884563,-0.19074018,-1.0752549,0.9060341,0.77392876,-0.21882194,0.9577984,0.6927198,-0.11838715,0.25932637,1.1894801,1.0262784,-1.1110955,0.21371585,-0.03544186,0.82244855,-0.08052997,-0.8579877,0.7487317,0.062243193,0.03410174,-0.10628675,0.34946975,-0.67328835,1.1074699,0.3595254,-0.91988933,0.077051304,-1.8224204,2.3701687,0.91486204,-0.4342275,-0.26925123,0.5660035,0.7677124,0.39948636,-0.16724727,-1.1124122,0.25809693,-1.0119847,-1.9381753,0.28840262,-1.2085745,-0.9001996,0.8531926,-0.92220044,0.9597164,1.7581198,0.7336732,1.9326093,0.091095105,0.137101,0.66537184,1.1063809,-1.0350293,1.6546786,-2.1436646,-0.32399535,0.43218026,-0.19420959,1.7106609,0.8501713,0.70123905,-0.2099929,1.4808629,-0.87588996,-0.21019438,0.42890745,-1.1557955,0.9025253,1.2546822,0.31981403,0.5638232,0.21552368,-0.8301498,-0.8523077,1.5642377,1.9334278,0.6112821,0.90595424,2.011284,1.3256996,0.055822704,0.8010168,0.19873129,0.6169476,-0.7118315,0.57935166,-0.3324703,1.087113,1.4674348,1.6782069,0.59526247,-0.92955196,-0.72562057,-1.2706875,-1.1168689,-2.0844831,0.06989038,0.5767224,1.0808387,0.5558366,-0.55902135,-1.3387804,0.891398,1.2319746,1.3199995,-0.87014055,-0.07723552,1.089909,0.1397822,-0.6677057,-0.9053018,0.044073302,1.5061564,1.7181312,0.8197163,0.30070055,0.44316968,0.21664561,-0.42633596,2.1670594
-0.33792448,0.25214595,-1.1332732,0.5452858,-0.27682468,-1.9489653,1.7385004,0.7759236,-0.99105597,0.7550123,1.1366793,0.31699762,1.0733266,0.841311,0.9999901,0.19674672,-0.6953079,-1.4032722,0.101148665,-1.9014683,0.5691847,1.6154053,0.7350562,1.3910521,-1.8208642,0.38272855,-0.18684502,0.32193986,0.61925226,0.5960909,0.111678645,-1.0251942,2.5337822,1.6578732,0.3466098,-0.58655155,1.4691805,1.140385,-0.76053315,0.14323513,-0.17016724,0.038178347,0.15371281,-1.8787531,1.3928612,-0.96578133,-1.5229589,1.1670234,-1.0754464,0.43298554,1.065091,1.039524,1.7776926,-0.081911825,0.45684546,0.9128065,0.270331,0.3815842,0.5690584,-0.7651471,0.11437476,0.5957522,-1.2097645,1.4613485,0.56108963,0.16736592,-0.14393508,2.0868287,-0.0064982716,0.3977641,0.30403063,-1.1807635,0.18266167,0.63525397,1.2289221,-0.23284683,-0.3583442,-1.6613548,-0.6153209,1.4024463,0.7355999,0.541153,2.083871,0.9420439,1.2548702,0.47466463,-0.5074603,-0.98200893,0.024839133,-1.3661902,-0.8230225,-0.6977666,1.0987139,1.740262,1.7187413,0.93139696,-0.64492786,-0.19165035,-1.4625876,0.18632865,-2.2246313,-0.49941093,1.1116309,1.31496,0.6012153,-0.7000615,-1.7121073,0.5965069,0.56958544,0.2668603,-0.08379668,0.53526855,1.0004622,0.24537745,-0.19558263,-0.4464091,-1.6055704,0.9636343,1.2188629,0.027547952,-0.012123555,-0.35849094,1.4227494,-2.5099063,2.7921333
0.30992246,0.24867114,-0.9319993,0.27497855,-0.7577462,-0.9206454,-0.5452227,1.4386629,-1.0708159,0.99292034,0.4030265,1.8020768,-0.48235047,0.08260874,0.7893348,-0.94790435,-0.3529912,-1.3821611,0.47519746,-1.9373059,0.8796622,1.5267489,0.705882,1.4541516,-0.074001804,0.32779688,-0.24003644,1.5439817,0.15829636,0.7016455,-0.4383893,-1.3212714,1.0793121,-0.43645716,-0.048090626,-1.5179863,0.33028284,0.39747733,-0.091637366,-0.19404641,-0.97777945,0.20519543,-1.4683907,-1.4236203,0.17744401,-0.6942514,-0.42898417,1.8574414,-1.5272344,-0.6627558,0.3070983,0.03503785,1.0750518,0.27560803,-1.6358243,0.55464107,-0.195705,-1.201244,0.22396731,-2.2018614,0.4314914,1.2642255,-0.9705994,-0.20449054,-0.7952984,0.89012617,-0.94676894,1.0169481,0.45280686,0.3468513,0.5684306,-0.6673359,0.036045287,0.62521046,0.13802838,0.8061462,-0.5162759,-1.6597414,0.08183974,0.6626185,1.6695955,0.7950796,1.1463362,0.6948775,1.1633027,0.34889022,-0.32266235,-1.5423084,0.90961325,-0.96185315,0.11219188,-0.532464,1.7747799,-0.03240799,0.94154453,0.5321426,-0.4470557,-0.26786393,-1.6720616,0.2480905,-0.8643449,-0.9454762,0.9103845,1.7695696,0.43684837,-0.80335015,-1.9287446,1.4864303,1.9570782,0.62548816,-0.9629329,-1.0229323,0.5282587,-0.3134939,0.13321514,-1.1284639,-1.3639932,-0.14979999,1.0171636,0.183697,0.34179825,1.05919,-0.4614216,-1.0498525,2.1305814
1.4713842,1.6666682,-0.2985187,0.70158833,-0.7102208,-0.19384415,0.73516566,0.71710813,-0.47819597,0.4481405,0.23002094,0.81343514,0.3481162,1.6404928,0.7725361,-0.50854576,-0.05533492,0.06593865,0.9078057,-1.9449916,0.5074745,2.0590687,0.4716231,0.41971666,-1.0616028,0.6133402,-0.12682492,1.7410655,-0.29100558,-0.3720058,0.5568237,-1.0354534,0.60994387,1.2666612,0.086992785,-1.7091583,0.5877522,2.4415004,-0.3195799,-0.17250806,0.20977944,0.3066871,-1.239436,-0.537461,0.32683665,-1.2840809,-1.0730083,0.07053806,-0.5017238,-0.0107050035,0.90281266,1.1379586,2.2009547,0.12862362,0.05115564,0.46927145,0.5187422,0.09757046,0.3883193,-1.772858,0.48548156,-0.22546771,-0.77902764,0.99947214,0.14671883,0.15309799,-0.04729727,2.0115986,-0.60593724,0.7377342,0.62342536,-0.9053126,1.1072454,0.55483186,1.2254671,0.70692855,-0.78507787,-0.6870345,-0.19137184,1.1892254,1.3380265,1.8217227,0.5611867,1.688498,0.8257081,1.5463074,0.5266135,-0.47691864,-0.45389032,0.3019891,0.59841686,-0.7496905,1.3503263,0.79680276,0.7239788,0.76696813,-0.3280045,-0.88318205,-1.1762036,0.42790124,-1.1794882,-0.4480096,1.9049292,0.9041552,1.2692813,-0.46539494,-1.8293667,0.6304712,0.97364366,2.09093,-1.2990185,-0.21186349,1.483187,-0.8367792,-0.9426117,-1.1008295,-1.2981592,1.4942542,0.9870788,1.0870308,0.39508468,0.122086704,-0.19099447,-1.5197173,0.97146213
0.86841995,0.09660329,-1.607261,1.0788025,0.105867855,-0.084565155,-0.010308854,1.3757104,-0.68701553,-0.23750812,0.3884368,1.1400528,1.3594645,0.61704546,1.6411768,-1.3742073,0.24147832,-1.4680595,1.112222,-0.45887804,-0.6287937,2.1655345,-0.3265354,0.83310646,-0.81447494,-0.75899553,-0.12838271,1.7391669,-0.871175,-0.61940587,-0.33247694,-0.7595441,2.0806332,0.9227792,-0.7216197,-0.28940082,0.65795404,0.6208377,0.3969659,0.23107027,-0.33425424,-0.34274018,-1.0518552,-2.0519876,0.4663203,-0.5222158,-1.0628742,0.4942134,-1.5043317,-0.45061818,0.50885326,-0.2784005,0.769643,0.63802797,-0.24007992,1.0256476,0.1118249,-0.30621737,0.8449544,-1.0474727,0.037302695,0.4538818,-0.21518168,0.37888607,1.1661686,0.07840562,0.047597274,1.8418381,-0.36336124,-1.1141692,0.17551963,0.5291099,1.0709044,1.6570622,0.7415548,0.35382164,-0.063687585,-0.43170318,0.30720192,1.8776757,1.8469174,0.69605714,1.0956235,0.58500695,0.7795092,-0.0937065,0.2191148,-0.46258137,-2.1262026,-0.024987448,0.14111051,-0.5871917,0.5172853,0.28292337,1.7097852,0.6772622,-0.078206226,-1.0281019,-0.8755121,1.0335923,-1.6314824,-0.8603866,1.4973813,1.9720843,0.04403659,-0.47621423,0.26818946,0.48454294,0.312406,0.95814824,-1.35684,-0.9871218,1.2573826,0.5103658,-0.61824286,-1.828281,-1.0976636,1.9130458,0.7134159,0.37886378,0.4212188,0.3342221,-0.1793153,-1.6882744,0.5684017
-0.32563233,0.20954593,-2.5812407,-0.4495309,-0.10175777,-1.3338827,1.3360052,0.9575765,-1.2075448,1.267288,0.7344496,1.0342193,1.0217148,1.2559142,0.5508677,-0.7601656,-0.82126254,-1.5241266,2.1296744,-1.9078676,0.55465966,2.11107,0.38336247,1.0126523,-0.02277014,0.060587823,1.1583647,0.8663571,-0.40770572,0.25260523,0.4501594,-1.0999477,1.6512462,1.0862252,0.4504785,-0.8419139,-0.23013845,0.0028684437,-0.4445426,-1.2680866,-0.9513131,0.88920075,-0.503943,-1.0966244,0.98122805,-0.25075313,0.57042336,1.3541107,-1.0608692,0.3624002,0.4816224,0.34056044,0.2752288,0.0147314435,-1.5517929,-0.12315617,0.2802711,-0.2811679,0.50274587,-1.5019274,-0.37513277,0.7538167,-2.1079118,1.5535451,0.4491947,1.346093,-1.0927606,2.0350983,0.14502755,0.3572695,1.6857817,-0.34282044,0.3801613,2.0225446,1.8163725,-0.048056163,-0.6013968,-1.7886351,0.56263024,-0.16745971,-0.31848148,0.9891217,1.7663907,-0.037488814,0.6046745,0.61239326,-0.73968196,0.33837453,-0.25749642,-0.37716368,-0.29859322,-0.73966,2.5964663,0.8671397,1.9123265,0.12730157,-0.65630597,-0.97244,-0.91562593,0.6093262,-1.0625371,-0.56195575,0.7251061,2.3313804,0.15325727,-0.6650449,-0.9244294,-0.051734593,0.36702162,0.6576585,-0.4892206,-0.2266699,1.1547694,-0.33307752,-1.8713781,-1.1576759,-1.4724938,1.4331795,1.6484725,0.59190667,0.5109866,-0.47630668,-0.22570454,-1.5138655,1.0557376
0.084527545,0.57873696,-1.8216696,-0.2270234,-0.9058509,-1.7163738,2.0572627,0.4840366,-0.76301265,1.8364065,0.24865773,1.3544248,-0.08560328,0.4815433,1.4392169,-0.8340687,0.06316055,-2.4918036,0.29665497,-1.5314515,0.7208457,0.9174092,1.3254347,0.60516274,-0.18787356,-0.19896019,0.329503,0.5678231,0.14520006,0.014433512,0.3395274,0.3036037,1.1567361,2.743416,-0.26158866,-0.8047584,0.46366352,1.6615855,-0.22301525,-0.27113736,-1.4015123,0.87429106,-0.92911226,-1.3652664,1.3520138,-0.8891911,-1.6090733,0.95431304,-1.5979096,-0.3986377,1.3129593,0.24607867,1.5696697,-0.6450905,-1.0333807,-0.124784626,0.99202687,-1.0625407,0.6675547,-1.4833919,-0.82903445,0.5736807,-2.5819423,1.687793,0.23749687,0.8302424,-0.7238945,-0.42929634,-0.69869804,1.9548957,0.68698406,-1.5715855,0.3473731,-0.19286898,0.8653942,0.02918258,-0.1908928,-1.9713405,0.09525819,1.4760033,1.445921,1.55278,0.69404364,2.4217591,1.5836802,0.73783153,1.4200046,-1.5466284,0.11780618,-1.5481243,-0.25405234,-0.52321833,2.7439182,1.3499043,1.9295217,0.09030319,-1.7707838,-1.7640336,-1.4839536,-1.0037373,-1.7479103,-0.48962796,1.3623049,1.652216,1.2983514,-0.8072213,-1.2584192,1.2896076,0.9285679,1.0789607,-0.3577077,0.14595875,0.89343405,-0.27477923,-0.72847086,-0.6911355,-0.7101493,1.4377965,1.3817916,0.66287273,1.5204173,1.4254647,0.13616373,-1.8884022,1.0130826
0.49758935,0.04308072,-2.1363497,-0.26678455,-1.7650598,-1.1264126,0.49848834,2.2215037,-1.1527399,-0.51797426,0.8881248,1.2680738,0.23542695,0.98202527,1.2639353,-1.7317992,1.5937417,-0.66195506,0.2291219,-1.4966625,-0.67465055,0.3635061,0.56168467,1.1415007,-0.2625356,-0.23298794,0.6724915,0.8698581,-0.41508824,-0.3929444,-0.9078211,-1.7837656,1.3438113,0.08233336,-0.82497907,-0.8815282,0.19545637,0.93714696,0.1042469,-0.72563386,-0.35721523,-0.13696283,-0.91195184,-1.4317106,0.7105054,-0.3294211,-1.4087713,0.7531729,-1.5424829,0.10887557,1.0900077,-0.6361517,0.8890115,-0.34894487,-0.06964789,0.58172494,1.0815946,0.09544286,1.5360228,-3.0005202,0.3289779,-0.5438088,0.06360337,0.56140536,0.84195256,1.0275203,-0.5756623,0.8174534,-0.021099621,0.048176453,1.7878859,-0.47242254,1.3499255,0.8707347,0.37510014,2.246731,-0.14055929,-0.8178264,0.027411345,1.7475692,2.2783394,0.37284535,1.0207015,0.67935634,0.9290206,0.5852906,0.819742,-0.054033495,-0.87456685,-0.61749804,0.2620734,-1.8758867,2.1540284,1.2826166,0.8952661,0.22210939,-0.5955445,-1.4296134,-1.551165,0.34026265,-2.719585,0.91700613,0.07590823,1.9562395,0.6365295,0.15966031,-0.71587706,0.93589866,0.6191051,1.9250036,-1.5197488,-0.30408147,0.92664343,-0.3935926,-0.45025727,-1.9198581,-0.98662806,1.2640204,1.824479,0.18946914,0.6726479,0.6947168,-0.7954331,-1.2642068,1.7488841
0.5199444,0.1959102,0.26770863,1.213103,-0.9289262,-0.32853827,0.41361475,1.089834,0.2156007,0.8249847,0.24631888,0.7470177,0.58258486,0.9304688,1.0922749,-0.98539865,0.56800985,-1.2140816,0.7692068,0.48245865,0.085528836,1.59795,0.023917902,1.0993552,-1.7056563,1.1999948,-0.64594895,1.4176767,0.76013654,0.08763853,0.518233,-1.1730245,0.5723619,0.5911598,1.0789151,-0.00805252,0.32395276,1.1034067,0.11847813,1.153728,-0.9114995,0.13487616,-0.45269236,-0.8127802,-0.24802709,-0.75109345,-1.1228192,1.5906737,-1.3438579,-0.546963,0.41038692,-0.06801714,0.53854585,-0.39728972,0.7503376,-0.025869248,1.0282595,-0.84274435,0.11746066,-1.53775,0.114703186,-0.54214466,-0.20965885,0.69331056,0.16383722,-0.11148876,0.47895002,0.6319216,-0.6694755,0.15124768,0.08622284,-1.0313156,1.3596064,0.51788735,0.9877274,1.2193294,-0.8202879,-1.421692,0.80456424,1.760094,1.393364,1.7053101,0.94341433,0.9163833,1.0869193,1.4031789,0.8883477,-1.302789,-1.2389823,-0.6344933,1.1485641,-0.9352579,1.2601987,0.45193422,0.060211726,1.4237922,0.11625493,-0.10573737,0.21650349,-0.25919,-1.440915,-0.26035002,0.28694567,0.07828385,0.18497357,-1.0292344,-0.7573803,-0.23908874,1.5449902,1.2938373,-0.7804182,-1.0209942,0.14000885,0.15136139,-0.38097492,-1.2173417,-1.7536931,1.6174651,1.1225705,1.2792311,1.5588447,0.100082085,-0.6914334,-0.491473,1.7904118
1.3760008,0.65223664,-1.539195,0.48820022,-0.90808684,-1.2663906,1.9464861,0.59793097,-1.4801897,0.31108433,1.0048324,0.9653618,0.68550766,1.098663,0.30502197,-1.6769319,-0.32181543,-0.6694658,-0.8491793,-1.6698498,-0.060701437,1.1960719,1.3293349,0.5236251,-0.5984405,-0.12481457,0.68826544,1.7350262,-1.1791301,0.3251641,-0.3536647,-1.1301025,2.0097265,0.41620836,-0.5761934,-1.1617748,0.43622127,0.9743129,-1.1555238,0.018234447,-0.7070728,0.013500697,-0.4671434,-1.6396009,0.35401395,-1.0603516,-1.1305109,0.61493,-1.8776926,-0.65992314,1.3401519,-0.19212182,0.75059885,0.2735121,-1.8345675,-0.23946646,0.97722054,-0.37370723,1.0870395,-1.3098658,0.7774835,1.4436337,-1.2621986,0.9203344,1.0353205,1.154096,-0.843212,1.5996915,-0.9498305,0.3217973,0.49437407,-0.61198807,0.812317,0.6315425,0.9884846,1.3581245,-0.423957,-0.57012427,-0.041255847,1.5319809,0.644971,0.7222787,1.1932168,0.7037768,1.0376878,0.8970511,0.13783398,-1.650683,-1.0916156,-1.0255392,-0.72790706,-1.4152921,1.2764869,0.6615894,1.2617657,0.04064511,-0.8879908,-1.0773035,-1.2408406,0.55162734,-2.4719715,-0.74781966,1.3836391,1.436036,0.6639415,0.0981574,-1.4038119,1.7190125,0.9684975,1.156373,-1.3133359,0.14216135,0.51822156,-0.9797346,-0.743665,-1.793008,-1.805939,1.8166401,0.5564859,-0.056949764,-0.53648084,-0.1523896,0.1274281,-2.225527,0.5858497
0.66238785,0.67558974,-0.9721824,0.43537122,-0.42458612,-0.48375037,0.8047951,0.8566252,-0.7132275,1.1367129,0.44694895,0.75269866,0.11884478,0.059455987,1.969058,-0.52755016,-0.5889844,-1.1412365,0.12659827,-1.35882,0.2863409,0.8254182,0.38867655,0.50903875,-0.7751254,-0.2325995,-0.22499216,0.089950964,0.39909345,0.0011642072,-1.1864628,-0.7280676,1.322191,0.20143433,0.6742116,-0.70369345,0.5062633,0.24710125,-0.6136587,0.6509036,-0.048118193,-0.109502554,0.17692801,-0.95924455,-0.5246099,0.05756779,-0.1256873,0.82564634,-0.9491812,-1.0229487,0.9104368,0.2873324,0.9994402,-0.04497149,-0.18807456,0.9267512,0.060076006,-0.63576216,0.14270371,-1.0330132,0.4000506,-0.057631798,-0.5616838,-0.15149567,0.9409387,0.8006236,0.028458515,0.67976356,0.12762454,0.450378,0.6713762,-0.8522587,-0.29186496,1.0234674,0.81152916,0.5424694,0.28846657,-1.1639065,0.33356073,0.8818954,1.3671175,0.11880112,2.1781828,0.46548212,0.44537115,0.85503566,-0.939496,-0.7726141,0.6109003,-0.24893183,0.47194272,-0.6365776,1.0748346,0.8480576,0.801019,1.5221885,-0.39003205,-0.54282856,-0.48756504,0.7015245,-0.99100125,0.05645182,0.86270124,1.6360554,0.10027646,0.49293783,-0.41798022,0.61303866,0.84227794,0.78601396,-1.3347465,-0.35581422,-0.1293626,-0.19336653,-0.88726,-0.98647857,-1.2694725,1.0530009,0.69768614,0.46789026,1.9164976,0.119945616,0.21319392,-1.6173304,1.2347763
-0.6644221,-0.24618,-0.9527894,1.0690653,-1.1219625,-0.909705,0.24850611,1.6146958,-1.7013292,0.7261704,1.7580382,0.9877091,0.2546083,0.6406821,0.15960927,-0.43102518,-0.013050239,-0.703845,0.7831358,-0.6276583,-0.68188095,0.49788582,1.2875736,0.8509633,-1.632526,1.2502732,-0.14575444,1.2170357,-1.1772227,0.011165109,-0.12214518,-1.4075774,1.0142668,1.0652417,-1.0035404,-0.7210001,0.5646379,0.83739537,0.3332602,-0.9521224,-1.1135023,0.2883225,-0.86679316,-1.4623846,0.46622267,-1.1390773,-0.063116565,2.354256,-0.71629226,0.15849511,-0.40633744,0.17096487,1.5897131,0.46891528,-0.6873177,-0.5469786,0.089742534,-1.1300316,1.2729967,-1.0407255,0.55469644,0.7967416,-0.7826017,0.43714118,-0.22443162,1.4617745,-0.21768342,1.4436572,-0.2816521,1.3035098,1.1704923,-1.50454,0.08431653,1.3163949,0.22078705,0.38968143,-1.109032,-0.8858868,-0.39572546,1.3742983,0.8360961,0.05916424,0.7255682,0.86669004,0.96375,1.2351762,0.20500787,-0.46837026,-0.082538,-0.42277437,-0.3625722,-0.4100353,1.3014168,0.13994238,1.5179939,0.012665341,-0.908827,0.041624356,-1.6554012,0.48896036,-1.5823419,-1.3481544,0.36826992,1.1580348,-0.14563935,0.49550578,-1.3431795,1.1468428,1.6316657,0.7873047,-0.43189985,-0.87321335,1.221071,-0.7321454,0.58779293,-1.2218434,-1.5060304,0.8631573,1.1868852,0.40827233,-0.2509055,0.35049412,0.64438224,-0.9630348,3.2873583
-0.1175788,-0.75810885,-0.63080215,-0.027131392,-0.6460562,-0.35437107,-0.07177617,1.2002357,-1.1506224,1.401089,-0.10763547,1.6999937,0.2297414,1.0335095,0.71162134,-1.71591,0.34906703,-1.3888351,1.1451104,-0.92612535,-0.2909481,0.7077056,0.48949766,1.4915944,-0.94778633,0.82459325,0.8134648,1.310837,1.1815716,0.10243848,-0.8241417,-1.7631974,0.8313729,1.1083286,0.32682583,-1.0866654,-0.07540914,0.5358619,-0.38483757,-0.35278225,-1.1592807,0.6125834,-1.140093,-2.0693843,0.1443384,-0.6069641,0.10831581,0.74648374,-1.2667919,-0.61806625,1.1846735,0.44569805,1.5144346,-0.37755498,-0.9809749,-0.017298775,0.28407243,-0.87669194,1.0649602,-2.010111,-0.17239097,0.5915375,-0.6640733,0.47049704,0.119773686,1.0664011,-0.42263874,1.4868237,-0.37651542,0.9303401,1.6565366,-1.0733457,0.21305409,1.1825542,0.8803137,0.316804,0.2859734,-1.6900632,-0.017787239,0.87142944,1.1882551,1.0685524,0.6995113,0.98550797,2.0801265,0.39967683,0.1458776,-1.4654895,0.13035902,0.09684266,0.44346476,-1.1350002,2.2594032,0.9289069,1.0064572,0.64006186,-0.56098384,-1.0160091,-1.8368684,-0.21952346,-0.9727895,-0.60511047,0.32447755,1.472458,0.25622576,-0.43245766,-1.6328524,1.2896609,0.840148,-0.12440567,-0.50079393,-0.06587401,0.7712745,-0.56394345,-0.1111646,-1.0825535,-1.4729013,1.0490272,1.0347729,0.49252936,0.53548634,0.39729246,-0.25224653,-1.5940176,1.8231214
-0.7790708,1.0296191,-1.6821064,-0.42511132,0.7078629,-1.040035,1.3380791,1.2778835,0.5294444,1.0699493,-0.032171417,0.21604818,0.60959256,0.4837771,1.7961104,-0.68281275,-0.003972823,-0.67893976,0.38517553,-1.2369002,0.18757154,1.7543522,0.9915243,0.9431817,-0.7609518,-0.11966708,-0.31047702,-0.071625665,0.90227056,0.23539382,-0.18414488,-1.2834309,1.6866156,0.5906545,0.6210856,-1.4443356,1.340539,0.13473557,0.2996117,-0.22214103,-1.0228196,0.22308281,-0.70852196,-1.444625,-0.52325356,-0.53394765,-0.6261914,0.6556869,-0.57592034,-0.6829051,1.4331816,1.4921398,0.5522463,-0.95327634,-0.7221329,0.89137506,0.21771756,0.47066346,-0.21816379,-2.003338,-0.14511925,0.165811,-0.49289393,1.5063261,0.3619307,1.1275752,-0.21009517,1.3650159,-0.20611915,-0.121138565,1.144962,0.13540113,0.96313137,0.9539021,1.6406081,0.40998515,-0.47279564,-1.397941,-0.52572465,0.5143404,1.1289086,0.8709892,1.736047,0.95810026,0.25884855,0.4572037,-0.029117603,0.20137556,0.5657115,-0.09483999,0.94136167,0.28229523,1.6998104,1.3104041,0.7729507,1.7808917,-0.3632758,-0.76615214,-1.6613705,-0.2789357,-1.0287639,-0.03786449,0.31890702,1.5130941,1.092189,0.0847595,-1.241962,1.0227981,-0.088270515,-0.69234157,-0.0327525,0.048260447,0.4481468,0.3662773,-0.6621513,0.12037207,-0.96356976,-0.036225084,0.5651558,0.31798416,1.2310814,-0.051283006,0.43460116,-1.7990593,2.222608
0.62465775,0.5211943,-1.2561352,0.92440706,-0.93915445,-1.5500118,0.30382565,0.10614616,-0.9224165,0.40912077,-1.0011859,1.9791869,0.06954658,0.5705553,2.000485,-1.164265,-0.25492337,-1.1403787,-0.9871877,-1.203624,0.007829072,1.2285382,0.7364477,0.55412126,-1.4231445,0.4815696,-2.2328289,1.6466585,-0.044335473,1.6041005,0.13151257,-0.8053075,2.7121336,0.85069215,-0.42895627,-1.1055486,1.7677733,1.239364,-0.39162725,1.4833221,-1.0116942,-0.19376785,-0.15476799,-0.85922474,-1.4676212,-1.4565698,-0.8826086,0.46045768,-0.4761957,-0.9971851,2.4299674,0.03895829,1.72819,-0.052925564,-0.804999,0.87421113,1.3506848,-1.1819199,1.5394132,-1.4788933,0.13938524,0.708754,-0.7503899,-0.3357146,0.6917122,0.021084184,-0.8924158,1.7104374,-1.4109265,-0.39090702,-0.92688245,-0.8681677,1.6131912,-0.048166495,0.85941446,0.87624025,0.62170804,-1.0136395,-0.20467573,1.5760156,1.8033302,0.95315146,0.36090678,1.1157387,1.791512,0.37435475,1.4948406,-1.458718,-1.0711747,-0.3130326,1.3279054,-1.1606921,1.3125513,0.78416455,0.61038905,2.554559,0.14089091,0.44225278,-1.2692405,-0.5827185,-1.8547816,-0.89240366,1.4765029,1.6511292,1.1461744,-0.30117956,-1.3805417,0.94534314,1.5250387,1.5467141,-0.3512481,0.11484662,0.18136439,-0.9113282,1.0431653,-0.03978898,-2.5966892,0.6153793,0.48268938,0.675617,-0.8611623,1.8506747,1.0956409,-1.976777,1.4774685
0.8265701,0.49448517,-1.491383,-0.17140643,-0.40932158,-1.4932483,1.1596054,1.1864771,-0.26958722,0.64570934,-0.18446697,0.59049004,0.78042006,0.11136681,1.2214775,-0.7584924,-0.018912433,-1.038228,-0.23844923,-0.5550972,-0.7952413,1.0472486,0.13274486,1.14928,-0.38891596,-0.4154949,-0.9803573,1.7231718,0.22682792,0.3040892,-0.100253694,-1.025451,2.0209858,0.5667454,0.17280445,-0.32318273,-0.39463753,-0.4805789,0.21793558,1.1943446,-0.6272752,0.6285751,-0.21566504,-0.61781114,-0.8642973,-0.2750267,-0.9421364,1.1891274,-1.3901261,-1.0184942,1.278858,-0.050036363,-0.78274655,-0.46389672,-0.46536788,0.13922118,0.9479398,-0.8794555,0.416199,-1.276445,0.58905274,-0.30552706,-0.70824724,-0.64832836,1.1675816,0.7465096,-0.014124233,0.99299914,-0.8957678,-0.43576178,0.6320622,-0.74800277,1.6675252,1.0429577,1.2162743,0.85426265,0.1782155,-1.6067309,0.38387594,1.5421877,0.7884955,0.8722434,1.7640026,0.6138275,0.4051801,0.7872555,0.37978047,0.25629228,-0.9188273,-0.5454152,0.77769065,-1.7506901,1.7057333,1.2935302,0.52825624,0.8247238,-0.07809947,-0.29817963,-0.3917465,-0.15257694,-1.631157,0.6314865,0.65456235,1.3456465,-0.012911305,-0.86809164,0.3429619,0.42685622,0.683062,2.374172,-1.1655155,-1.226796,0.01627779,-0.020600576,-1.3962249,-1.270478,-1.7905995,1.6753105,0.07496705,1.8315287,0.5301542,0.13775018,0.6166454,-0.8156595,0.93177825
-0.320194,-0.49769622,-2.2925737,0.986087,-1.6244009,-2.2269385,1.518136,0.22943035,-1.677057,0.51127833,0.62758833,0.37460285,0.6867548,-0.41623327,0.727621,-1.821778,-0.82600015,-1.0364281,-0.30683038,-1.5787177,0.10645965,0.28001633,0.23537865,0.71585643,0.102323875,0.11777562,-0.3335386,0.1849481,-1.7520113,1.0889022,0.013172367,-1.703137,1.5472311,0.6068752,-0.8510636,-1.0100948,1.2337582,1.2820759,-0.7120791,-0.886756,-0.24102503,0.04090497,-0.5739377,-1.1506345,1.3859943,-2.097206,-1.980067,2.338701,-1.8195605,-0.2449919,0.8597014,-0.9417694,0.7722153,1.3863024,-1.3955437,1.5467646,0.81415063,-1.007894,0.7200597,-1.4814419,0.7058116,0.7769488,-0.49860057,1.5773948,1.2850319,1.2514353,-0.71546906,1.2640463,-0.29277194,0.55000615,0.7030919,0.07827905,0.38023555,0.5083478,-0.033934467,0.18480703,0.39718613,-1.94396,0.72095376,0.91988534,1.495606,0.2540089,1.3365635,-0.57408977,0.1429385,-0.18012595,-0.42989498,0.4907338,-0.43438697,-0.6907228,-0.03036347,-1.6260996,1.3216108,0.47727013,1.8365678,1.0049132,-1.6358961,-1.4113368,-2.5311315,0.1732248,-2.5273614,-0.32742593,0.23073597,2.1559658,0.14300297,-1.6967282,-0.22534661,0.9406586,0.93378806,2.2254026,-1.5470126,0.44117922,1.0800419,-0.057057984,-0.7612652,-1.0497844,-0.89538395,0.884637,1.3551838,-0.04697109,-0.3596959,1.2680571,0.5508812,-2.9968834,1.5340424
0.15746406,0.8605179,-0.9993557,0.6377724,-0.55071574,-1.646968,1.2511444,0.9002205,-0.7474341,0.6842233,0.6641394,0.4823018,1.5508811,0.34191394,1.2080375,-1.1257424,-1.2391896,-0.40068805,1.0153455,-1.4156864,-0.35370082,1.11958,-0.06453761,2.3023386,-1.212139,0.3937513,0.6739639,0.47328982,0.340309,-0.6417064,-0.91107935,-2.8148208,2.0905676,1.2375047,-0.6253277,-0.34878513,1.26612,0.6390504,-0.7825708,0.25005412,-0.90684426,0.059474308,-0.7680287,-3.756682,0.9639917,-0.96156675,-0.6753776,1.179074,-0.8498023,1.304343,0.76508063,0.75466776,1.5348189,-0.30349267,0.2593652,0.14252259,1.1677965,-0.0978336,0.7428435,-1.8785421,-0.4206161,0.88273156,-1.3873609,1.5879717,0.19701107,2.0034907,-0.7018294,2.2366538,-0.53454775,1.5973521,1.511318,-0.9674208,0.8763046,2.2761474,1.327444,-0.4887071,-0.956773,-1.6565688,-1.0406482,0.9934936,1.7379569,0.64043903,2.1244614,0.58891326,0.4538439,1.194024,-0.17976004,-0.39244956,0.1250363,-0.15061471,-0.20330432,-1.4321947,1.5590134,1.612775,2.341209,0.14091603,-1.9876674,0.09581886,-1.4732016,0.09238504,-3.20022,-0.9546988,0.40716583,2.5384276,0.67053723,-0.113750264,-1.2396141,0.8920844,0.086114004,0.35702288,-1.2058567,-0.51496047,0.79531956,0.089138165,0.22933814,-1.778472,-2.0110083,1.9859688,1.0831068,0.58077925,0.9850214,-0.31214756,1.0671889,-2.0173128,2.873857
0.12855454,0.07496461,-2.1584332,-0.63088524,0.03546896,-1.4786934,0.85799056,0.78690374,0.055947363,0.6255719,-0.24783465,0.8301424,1.652716,1.0951502,1.6240901,-1.3965986,-0.070841506,-0.07361026,1.3412241,-1.587557,0.5429431,1.5367188,0.78022665,0.60287505,0.44713113,-0.11292051,0.053926453,0.93198866,-0.09016642,7.0963055e-05,0.08192438,-0.61900514,1.6796595,2.8225996,0.5101604,-0.70123017,0.81537974,2.0740879,-0.13786022,-1.0224863,-0.63207287,-0.06010103,-1.2140971,-2.3082154,-0.10019147,-1.7639279,-1.0880165,0.581429,-0.70461696,0.4416038,1.6891822,0.044535734,2.079765,-0.36871794,0.25319698,0.46409565,1.1480902,-0.19955404,0.02984852,-1.1520878,0.4704036,-0.5375797,-1.4100043,1.7654735,0.72509485,0.9466525,-0.38026482,1.1095421,-0.06231934,0.43800062,0.9712711,-0.99767256,1.0041381,1.4950968,1.1510692,0.9871584,-1.307884,-1.3002832,-1.071143,0.8000698,1.4185984,0.32987863,0.36614895,0.9081759,1.0505093,1.2099942,1.4752709,0.12903422,-0.6058075,-0.1793748,0.8932414,-0.5505242,2.1880393,0.9907063,1.5281303,1.2445527,-1.1486536,-0.878609,-1.5296228,0.44623214,-1.9655665,-0.34687075,0.5627458,1.6511204,1.0444069,-0.5300124,-0.06265297,-0.08351289,0.2409273,1.4933085,-1.4350624,-0.2071783,1.4656044,0.30153137,0.17558339,-0.29476476,-0.1387387,1.9165136,1.2220448,1.3062303,0.8522013,0.97591364,0.7668762,-2.1206717,1.6534305
0.44308138,0.3670108,-1.222358,-0.40706334,-0.7777777,-1.9145778,1.9297034,0.7267557,-0.030523226,0.2914195,-0.24483776,0.9002019,1.5767156,0.5391733,0.80863446,-1.1136551,1.262181,-0.5474068,2.3433661,-1.6490735,0.27342272,1.6252712,1.6884983,0.70411474,-0.12169607,-0.72444874,-0.30936903,0.56547993,0.45133558,0.55705416,1.515783,-0.85482484,2.4848247,1.2222669,-0.64535236,0.7613512,0.27014112,0.9374467,-0.6061522,-0.3550101,-1.0864899,0.94269735,-0.80046237,-1.436059,-0.50170267,-1.7757926,-0.5375721,1.5392734,-1.4413651,0.34416494,2.3589144,-0.6780878,1.8284192,-0.9411196,-0.29733846,0.70201,1.5385195,-1.1586859,1.4955149,-1.2461752,0.36604413,-0.8614384,-0.8394398,1.0247258,0.23094922,1.3706571,-0.27136996,1.5737219,-0.4928068,0.6457141,1.1217958,-1.6387956,1.8414755,1.8427112,1.1962851,-0.212966,-0.8261059,-1.1774203,-0.8039514,1.6633964,0.09221977,-0.16703956,1.2264847,0.9913235,1.5556581,1.1480271,0.57395893,0.16865243,0.16790071,-0.52008104,0.52650803,-1.8043654,2.6901908,1.099452,2.2469723,0.8105047,0.2450618,0.95150185,-1.4820411,0.33681577,-1.6897936,0.06866041,0.46673933,2.458775,-0.05343028,-0.49138585,-0.863922,0.14800446,0.1424919,1.9867712,-0.92415094,-0.44362068,1.9211317,-0.37670282,-0.55786264,-2.4835777,-1.4851798,2.1141434,1.6239028,2.0085967,-0.3169924,-0.04733384,0.67982614,-1.1975963,2.6528215
0.6486964,0.68744653,-2.2158425,-0.6059632,-0.45336396,-1.8639184,0.2564034,0.4257192,-0.91643816,0.7572609,-0.38837996,1.1297437,0.98115903,1.2655563,1.9073545,-1.2027705,-0.35951653,-0.5737579,-0.2718266,-1.031124,-0.4692797,0.99356943,-0.23469505,0.9656801,0.37330446,0.09632498,-0.093994096,1.1273936,0.27426657,0.10704714,-0.76754165,-1.1318717,2.1353955,0.80182385,1.1721019,-1.857168,0.26415575,0.21114673,-0.63539827,1.1065629,-0.6335526,0.35595042,-0.55627835,-1.7603079,-1.2561255,-1.428306,-0.6483818,1.0236418,-0.6727498,-0.6709675,3.1055489,0.63088727,1.2419741,-1.0637239,-0.6188228,0.0033265813,1.2236562,-0.82606417,1.4659004,-2.0970962,-0.15362649,0.6099923,-0.092240736,0.88292456,1.4229096,1.9543035,-0.58803576,2.1232045,-0.101333134,0.25992525,0.47744858,-1.6769568,1.8185918,1.583722,1.4508997,1.5109932,-0.19966272,-1.0324177,-0.015550874,1.2714951,1.8967484,0.25900126,0.5052483,1.4970233,0.37742704,0.8345151,1.1942657,-0.27793953,-0.28187776,-1.2232139,0.84318334,-1.2483351,1.966739,1.3456044,0.9568175,0.74115795,-1.2882118,-0.8849323,-1.8771367,-1.0218202,-2.357857,-0.22031932,0.5730284,1.1390514,-0.011796227,-0.061729662,-0.8527375,0.71812505,0.67022425,1.9502656,-1.6415129,-0.9093609,0.54891473,0.20362878,-1.2283908,-0.47286052,-1.6965238,0.8635844,0.86318743,0.953776,0.7918685,0.27222332,1.6079401,-1.4919837,1.5029569
2.464662,0.9292909,-2.2810585,-0.16449627,-0.9166613,-2.950701,2.0631974,0.0022550374,-0.76609224,0.16446404,-0.5861397,0.5909115,0.10429698,0.3732743,0.97879535,-1.9205697,-0.5167623,-0.6657286,-1.2323791,-1.9227291,0.22961491,0.99077004,0.21779183,1.6131036,0.3504527,-1.5310829,0.3053289,1.5098698,-0.946038,0.3114658,-0.18737437,-0.24226913,3.701218,1.5162069,-0.90911126,-0.09294236,1.5010889,1.1326374,-0.6671577,0.3659643,-1.4761155,0.050399367,-0.28613377,-2.5558085,1.8222313,-0.987166,-2.505327,-0.057051767,-1.972509,0.22536291,2.1146789,-0.6750685,1.6431423,-0.22732289,0.1841627,1.5247763,1.2573693,-0.9485229,0.61811805,-2.22718,-0.39044806,1.4054583,-1.3943696,2.5038707,2.5683014,0.8272038,-1.460001,1.7423867,-1.574373,-0.6143575,0.5721951,-0.16167954,1.594918,0.09761359,0.5176101,1.5335217,0.3262427,-0.60348487,-0.92525357,2.6884816,2.3882213,0.88503546,2.089553,1.7166039,0.9300885,0.9992104,2.1534767,-1.868755,-2.092433,-2.4509122,-0.7625948,-1.8753409,1.4691411,1.4993606,1.9546767,-0.019088432,-1.9657145,-1.9721276,-1.8331825,-1.0357316,-3.3193011,0.057143345,2.2817523,1.6746622,2.3309877,-1.4133676,-0.8512749,1.6661497,0.89431125,2.8704867,-2.5623827,0.55788183,0.819557,-0.22517091,-0.8962846,-0.9560412,-2.0541701,1.523813,1.3871113,0.12196143,-0.25495982,1.6966491,0.5327966,-2.619211,1.148712
-0.5306498,0.14621878,-1.1450135,0.85066193,-0.084424324,-1.5711848,1.2916293,0.36966324,-0.025843335,0.4497957,0.20115383,0.032765307,0.09703192,-0.31591567,0.85884255,-0.3958871,-0.14168043,-0.52593124,0.09320764,-0.79306793,0.009174818,0.34867635,-0.3995991,1.0677888,-0.26882052,0.054161776,-0.0717455,0.5285776,0.7207155,0.15550528,-0.57768285,-1.1429904,1.4308473,0.07058591,-0.1991653,0.4752463,1.1391492,-0.26345003,0.17694773,0.76964104,-1.6117946,0.39939728,-0.10282253,-1.356047,1.1313667,-0.39026904,-0.8920282,0.5699843,-0.5051745,0.3083792,-0.47959176,0.7362886,0.595262,-0.51995087,0.53689015,0.60530984,0.32786697,-1.0591191,1.5953996,-1.3891562,-1.299178,0.18665025,-0.8143402,0.80582577,0.7001021,0.26351213,0.27336568,1.0842979,-0.15643778,0.5790176,0.9227974,-0.6215,0.63154775,0.6751143,0.40248144,0.051435426,0.16702823,-1.3232112,0.51807344,1.7999437,0.6500708,0.5331439,2.0864878,1.1842594,0.19134991,0.33830792,0.062029563,-0.78249675,-0.5352985,-1.3831933,0.105499096,-0.7571651,0.31179604,1.5071731,0.65589356,0.20899677,-0.39135182,0.019254241,-1.1732419,-0.56004983,-2.028274,0.40723127,0.5505321,0.80351347,0.0037496993,-1.3422427,-1.1110831,0.47139835,0.4060524,0.10495117,-1.3078822,-0.17461382,-0.09289679,0.6365465,-1.1828915,-0.15639178,-1.4329455,1.0968313,1.0990992,0.87595254,1.2079487,0.112892374,0.2583119,-1.618097,1.1449307
-0.15762909,-0.050017197,-1.7966793,0.077186465,-1.8623906,-2.1059458,0.8988879,0.40915495,-0.3514416,0.39056757,0.8128155,0.1751381,0.17512749,1.455545,1.6411864,-2.6107779,0.5164442,0.38550532,0.07532681,-1.2258023,0.29776907,1.4299215,0.39263558,-0.44564977,-0.6414057,-0.5129802,-1.0827134,0.7479515,-0.13228863,0.2912052,0.3964502,-1.8666689,1.9416859,0.26253372,-0.3398059,-1.1819859,0.4049253,0.78624576,0.2675226,1.0765692,-0.6816012,-0.8342231,-0.6676831,-0.52459574,-1.267008,-2.0002701,-1.7776713,0.95744944,-0.2911511,-0.33279854,1.6622192,-0.482001,1.6288005,-0.5052829,-0.2363162,0.15628701,1.3263801,-0.40734792,1.492949,-1.0243918,1.2470512,0.32492203,0.2562595,0.63661075,2.1023607,1.412239,0.02437642,1.8238337,-1.1972514,0.46101946,0.32007572,-1.4034646,2.356165,0.70016897,-0.18899108,0.97579837,-0.6621855,-1.4682099,0.34914985,2.546436,1.7762246,0.6310338,1.1132743,0.71291846,0.6258262,1.0894948,0.6463307,-0.6463739,-0.68036705,0.040967606,1.9867516,-1.1063153,0.8979705,0.5921564,0.9031907,2.03042,0.41773754,0.08603905,-2.2812064,1.0791855,-1.8313278,0.14211221,0.72911674,1.3085254,0.098145284,-0.18726763,-0.8803458,1.6572818,1.8862252,1.5542089,-0.7776188,0.23878215,1.1542925,-0.43894038,-1.1475562,0.07584707,-1.0036435,1.1133088,0.5528228,0.9013524,-0.26872665,0.22263893,-0.50268996,-1.9124596,1.8237737
0.8884392,0.5102588,-1.6674787,0.5387966,-0.64388674,-0.82727605,0.7013934,1.5505952,-0.17891157,1.6133132,0.3950072,0.12828048,1.4411708,0.8099787,0.18741506,-1.6474657,-1.0129147,-0.6426539,-0.56493866,-1.2878207,-0.12617743,1.3683954,0.9532076,0.70432854,-0.8971963,0.683668,-0.9777736,1.935403,-0.8106331,-0.29808316,-0.849233,-0.55848885,-0.5825149,1.2440753,-0.2392669,-2.3893194,0.14718741,1.8711464,-0.031516436,-0.3342294,-0.7563064,-0.55926627,-0.31758827,-0.7970348,-0.44056118,-1.4846255,-0.17465948,0.35772076,-0.38768083,-0.08526929,-0.43779278,0.5585017,1.5719315,0.98611003,-1.4274607,0.40102643,0.85065204,0.28922203,0.51468384,-1.8691782,0.58847195,0.6745637,-1.4131875,1.1990925,0.9370488,1.9308465,-0.30270883,1.2287266,0.13144042,-0.09899345,0.90615296,-0.084805496,0.9784534,0.6762227,1.503182,0.9632213,0.19350822,-1.3439325,0.16928762,0.31973314,1.0219376,0.54907376,0.46179062,0.39923072,1.0273854,1.6555909,0.93848544,-1.642001,-0.9756543,0.8751218,1.2698957,0.08333942,1.5195062,0.716324,2.1304693,1.1203661,-1.0297269,-1.1084385,-1.8637098,1.227654,-1.6616428,-1.255464,1.9373165,1.9149197,1.4384879,0.24047971,0.13868481,0.5045606,1.8511059,1.5226504,-0.81797796,0.53210187,0.9720371,-0.42371398,-0.61320764,-0.29772967,-1.5750616,0.835894,0.20387052,-0.17651135,0.5266773,0.844399,-0.5558623,-2.6839194,1.1227957
0.2313691,-0.65885425,-1.1026856,1.1268176,0.10433898,-1.2329669,0.57608056,-0.053655315,-0.37440327,2.3833156,-0.16269562,-0.088918366,0.23178144,0.68901676,-0.19268838,-1.7835118,0.48289293,-0.42963982,0.6195548,-1.6629678,0.9624875,0.25409496,1.4472439,0.09525174,-0.039705355,0.80171627,-0.38863724,0.91949826,0.2243265,0.72820866,1.2303005,0.6848014,1.6923894,1.9173741,-0.08550939,-0.2365728,1.2528076,1.6761187,-0.3817506,-0.7091531,-1.756181,0.5625136,-0.4484378,-0.37485588,0.9752862,-0.7145926,-1.1051973,0.83462197,-1.0868428,0.2897538,1.8963841,0.15596458,0.23855743,0.03484761,0.12547886,0.97397333,0.27636933,-0.83643985,0.3118484,-2.1018903,0.26157844,0.5869045,-1.3522017,1.7585883,0.7560945,0.57546604,0.59014606,0.16755393,0.26378453,0.07494596,1.716908,-0.61248857,0.60927,-0.4824779,0.5917015,-0.049819984,0.2801001,-2.3300245,-1.4187559,0.76788765,-0.29716283,0.3949011,1.0503658,0.60628456,0.7654035,1.3908049,0.90084815,-1.522146,-0.0072250385,-0.2282897,0.24627993,-1.250822,0.88606066,1.4348654,0.7935899,0.83073825,-0.9788591,-0.6322712,-2.1915293,-0.3080501,-0.53216755,0.28766772,0.3958175,0.9119048,2.254058,-1.5953159,-0.8056213,1.3750994,0.6698444,1.0038993,-0.41760132,0.46897742,0.7462581,-0.53703475,-0.90471494,0.55437744,-0.9394371,1.6033757,0.7608904,0.2593486,0.2749554,0.68926835,-0.16948698,-1.2799326,0.7700424
-0.0038517679,0.5221433,-2.2496314,-0.5873727,-1.1595958,-1.750172,0.3452206,2.1098974,-1.0265169,0.10360375,0.61405104,1.3467379,1.0781758,0.45644662,1.2288777,-1.1028548,0.90662843,-0.43567365,-0.6918584,-1.5488105,-0.8803473,1.541672,1.7282984,0.2090142,-1.007836,0.22754154,-0.51755756,1.5987679,-0.5617117,0.46644032,-0.7969796,-0.5133037,1.7188572,-0.008678228,-0.5285583,-2.0949593,-0.124896616,0.11860358,0.35758716,-0.5004786,-1.0147551,-0.21207368,-0.6759598,-1.4879334,-0.1600475,-0.31185076,-1.261655,0.52641034,-0.47839522,-0.48059735,1.4170524,0.07771436,1.3145128,-1.1011091,-0.9655771,0.31167883,0.46182957,-0.5984582,0.6666597,-1.6045206,-0.16229971,0.46023014,-1.083006,0.09385019,0.6540988,0.38678998,-1.3874074,0.621806,-0.49236757,0.87463164,1.5432369,-1.4267607,1.1446309,0.4868531,0.6858186,0.038205236,-0.43701902,-1.7821739,-1.0459175,1.9026597,1.1335309,0.7575489,0.70304215,1.9111009,2.148505,0.7405936,0.037893027,-1.0754287,-1.185272,-1.8638937,0.007878847,-0.25896788,2.0949883,1.1435415,1.2680521,-0.084137484,-0.62646633,-0.6233378,-2.7335248,1.0046948,-2.2335637,0.13519204,1.2274572,1.5206625,0.6658318,0.12947398,-1.0993087,1.8058996,0.37003845,0.6046564,-1.249864,-1.157307,1.095697,-0.31137598,-0.22024411,-0.2498231,-2.2614315,1.1878445,0.70213306,1.1572424,-0.020724993,1.1764967,1.1378031,-1.4257537,2.0243013
-0.29037905,-0.0780967,-1.7708919,0.030158933,-0.32100338,-0.6671067,0.5679781,0.5978162,-0.79394543,0.5151541,0.38927558,1.4088068,0.9636523,0.8414883,0.6159634,-0.8446693,-0.5323049,-0.30148613,0.5917212,-2.3570051,0.8450372,0.8725816,0.9462664,0.8068498,0.3941719,0.3748162,1.0108427,0.65695375,-0.2765301,0.7782483,0.34747237,-0.81748736,2.7151887,0.7019571,0.057961263,0.4599828,0.9862524,1.0758996,-0.8404896,-0.33050668,-1.1588508,1.2576852,-0.92751026,-1.1551458,0.50221664,-0.84622455,-1.2765648,1.1205525,-2.1820922,1.0768757,2.9268184,-0.24397448,0.9212218,-0.57903415,-0.5688907,0.57601655,0.41608787,-0.65432966,0.6865112,-0.9511516,0.926062,1.120935,-2.082307,0.41481307,0.21319164,0.3151228,-1.4861051,1.4565634,0.2729694,0.40410393,1.1303507,-0.5828353,1.0008252,0.4889331,-0.727074,0.87362087,-0.8972511,-1.8455441,-0.80992526,1.4664009,0.6207554,0.030793,1.8237954,0.5500755,1.25814,0.17587136,0.2679699,-0.56575835,-0.77880925,-1.389677,0.121140115,-2.188352,1.8275515,1.2956605,1.2969064,1.5623273,-0.41109702,-0.0062553957,-1.2744607,-0.12225825,-1.205115,-0.8562398,-0.52693266,1.312047,1.6283807,-0.5240516,-1.7982787,1.3202482,1.0173755,2.0387588,-0.5482822,0.18666099,0.81267154,-1.2212204,-0.45083517,-0.7543018,0.796799,1.7127844,1.2663323,0.94462323,-0.40163428,1.2264587,-0.7403122,-0.58679664,0.8076534
0.9807498,0.30924997,-1.0246401,-0.09498759,-0.6952538,-0.8438129,0.9594975,1.073807,-0.3224854,0.11082308,1.4605498,-0.34931818,1.0938158,1.9974527,-0.6611072,-1.4680841,0.17259578,-0.25459865,2.2656133,-1.9772807,0.99950707,1.5777098,0.48214254,1.0792127,0.24792506,0.15646523,-0.20752004,1.5452402,0.16160762,-0.5023432,0.8974267,-1.2288517,2.0757625,1.5248537,-0.6925527,-0.71227944,0.10366641,1.7592212,-0.8747523,-0.2802767,-1.2034509,-0.32267734,-1.3816862,-1.1052805,1.1659075,-1.6968083,-1.869536,1.7159904,-0.64413166,0.9755245,0.6098289,0.37179714,1.4378977,-0.56653196,-0.83164716,0.95216393,0.72730184,-0.4583274,1.1387335,-1.504866,-0.8623719,0.47573012,-0.827577,1.7991632,1.3656335,1.7441568,0.21675114,2.0912824,-0.3759211,0.7709123,0.08579971,-1.3755059,1.4355779,1.1047809,1.2601243,0.278704,-0.13813083,-1.5687364,0.4183948,1.2294979,-0.35808048,0.6222935,0.28288662,0.7785572,0.9840262,1.6896744,0.5218867,-1.1893765,0.47617054,-0.41709855,-0.25956196,-0.67819047,1.487505,0.7113936,2.3502061,0.2155761,0.26349416,-0.399765,-1.7927158,0.9491877,-1.7289382,-0.6736494,1.6344258,1.6746976,1.2425039,-1.1535672,-1.1505282,1.4142344,0.7634785,1.6489385,-0.28563073,0.026443798,1.2824719,-0.31938368,-1.5172346,-0.637656,-1.1675847,1.6436337,1.2141719,1.1776949,-0.08096395,-0.6963165,-1.406912,-1.0798243,1.2126964
0.27714235,-0.8092117,-1.2375281,1.0079038,-0.04540255,0.7664322,0.6158777,1.4052914,-0.24650913,1.2312267,0.92645526,1.0016581,-0.37637353,0.38263837,1.1383483,-1.9541355,0.42431918,-1.7329215,-0.8070734,-0.45497534,-0.3037899,0.81368935,1.3091073,0.054595456,-1.0007513,2.0764265,-1.204704,1.3871768,0.4848907,0.7431305,0.5126479,-0.9026509,0.7601676,1.0604128,0.041476525,-0.42876956,1.3860402,1.7747424,-0.1334859,0.33885318,-1.5332133,0.22491693,-1.2640783,-0.629416,-0.05407718,-0.6380152,-1.2293732,0.3208321,-1.6328961,-1.1961201,1.1247259,0.3874514,1.0292288,0.44907624,-0.75948834,0.9700236,1.3109148,-0.9863049,0.47755063,-1.1774812,0.8023011,0.13528724,-1.3858426,0.9325234,-0.22812061,-0.48539343,0.36069867,-0.052432008,-0.9902444,-0.7940099,-0.41359356,-0.9488765,0.20876433,-0.14111863,0.88270366,0.4492229,-0.0689389,-1.4698894,-0.89326555,0.45382583,0.094280854,1.443109,0.28450996,0.9909964,1.0322498,0.19349568,0.364022,-2.0705674,-1.0109844,0.74764115,0.20814574,-0.10053227,1.4878774,0.48280808,1.8522854,1.4051737,-0.4423302,0.11498715,-1.3183125,0.97686434,-1.2735053,-0.2815509,1.5118734,2.0048392,1.4514734,-0.43115216,-0.124362305,0.22157487,0.51804084,0.5065586,-0.24400392,0.0064780675,-0.07369622,-0.20484443,0.1857185,-0.30452585,-0.56578475,1.1876298,-0.2965074,0.24073093,0.20146096,1.6238364,-0.5493544,-1.4235933,0.5363868
0.43611765,0.10453582,-0.85578394,0.46240366,0.46371335,-1.274588,1.3537766,0.8536918,-0.94685584,1.4423075,-0.23982006,1.1005075,-0.4926144,0.68967617,1.2639647,-0.92467314,-0.014734853,-0.4713664,0.25100663,-1.1428982,0.33026695,1.2110443,0.8608524,-0.18461579,0.31650612,-0.17881493,0.34722227,1.5633429,-0.10096984,0.034646094,-0.64153093,-0.5514218,1.3169296,0.03662508,0.7017603,-0.10502827,0.24001592,-0.03667911,-0.53563905,-0.6342918,-0.24305543,0.7764675,-0.71234477,-0.68144614,0.021424681,0.3147069,-0.1042074,0.43530524,-1.6746114,-0.7967838,1.4765733,-0.10027471,0.33142373,0.6087772,-0.15042616,0.25810736,-0.063031554,-0.57859105,0.23175588,-1.553548,0.62588507,-0.18929979,-1.117864,-0.17657879,0.08807008,0.5968727,-0.49568,0.38971758,-0.059292957,-0.3113257,0.81127006,-0.10743983,0.04174096,-0.06311308,0.42403525,1.4964176,0.6732855,-0.801374,-0.69310683,1.1490096,0.90108746,0.9894152,2.2725587,0.7401334,0.37270266,0.45655826,-0.07875489,-0.31476226,0.045620825,-1.2134771,-0.005429983,-1.246592,0.28377777,1.1051799,-0.20704733,0.14789991,-0.14716864,-1.0959975,0.14725529,-0.1704157,-0.59529024,0.47198448,0.3466874,0.99544996,0.49335468,-0.26734725,-1.2171257,0.63715655,0.65496373,1.1671212,-1.5250778,-0.957134,-0.007370374,0.19026668,-1.3187088,-1.6371664,-1.3281183,0.9493279,1.5503771,0.26351744,0.6669341,-0.00990342,0.34523928,-0.58113515,1.1449263
0.13601163,-0.9031617,-1.3582677,0.74768835,-0.9933553,-0.56946677,1.0532748,1.9766023,-1.5465125,1.8334587,2.8471193,0.20082085,0.5368303,0.5518927,0.70736814,-2.17067,-0.48769823,-1.0534326,-0.96758616,-0.21755233,-1.6874273,1.0609498,1.5272189,0.20788786,-0.64993745,2.239098,-0.58275217,1.4210492,-0.18594487,0.71492916,0.0026972815,-1.815651,1.848549,0.35595033,0.24606638,-1.4819977,-0.17414932,1.0621995,0.16368769,-0.84165305,-0.7349362,-0.12777399,-0.16818514,0.17454797,0.0063750604,-0.7061939,-1.7421303,2.423443,-2.2656393,-0.6226833,1.3639243,-0.1820097,0.65347993,1.303253,0.36663634,0.5577844,0.8059052,-0.82428855,0.39668125,-0.9207666,1.080984,-0.46477073,-1.415507,0.690953,0.86334854,0.77063364,0.046097893,0.8726066,-1.1021032,0.9421691,0.04959634,-1.6064861,-0.6554317,0.07322508,0.24868134,1.0574815,-0.14948109,-2.9888122,-0.87900066,1.3461254,0.39673525,0.55977535,2.6200614,-0.093853146,2.2954519,0.5701369,-0.30232766,-0.25456876,0.23238319,-0.8275081,1.3344865,-1.0089622,1.4474252,1.736481,1.2804582,1.9235296,-1.0430355,-1.2872596,-0.83691704,0.42726502,-2.043169,-0.015008072,0.029582612,0.66158235,0.0506856,-0.58354026,-0.09900105,1.410764,2.488396,2.018155,-0.9676716,-0.4113299,0.36525238,-1.0396757,-0.34886917,-0.07924628,-1.2924308,0.83475775,1.8904896,0.15606913,0.6356471,-0.54773414,-0.31901887,-1.113033,3.0765588
0.29122558,0.017251879,-1.5685935,1.0288091,-1.0729083,-0.4510768,0.3658399,1.5160605,-1.5557402,0.941888,0.630834,2.2717693,0.8384521,0.6422583,1.9341656,-1.4999094,-0.3191566,-1.2507333,0.44688225,-1.7013727,-0.32662177,0.8524272,1.7145984,0.10397934,-0.18412217,1.363844,-0.5711859,0.6748263,-0.25644514,0.9272453,-0.04357531,-1.2805779,1.3416064,1.2517058,-0.18534191,-1.8263085,0.7367251,1.4799435,-0.17940442,-0.16280562,-1.0442694,0.08677769,-0.35400495,-1.7933809,-0.7155595,-2.1259522,-0.6346861,1.9645439,-1.1161373,-0.83011127,1.079604,0.3489688,1.2270737,-0.20399643,-1.251855,-0.24661812,1.3341289,-0.8021659,1.5166699,-1.4808489,0.9123289,0.59456205,-1.6215868,0.59885323,0.4059748,1.1178633,0.4218939,0.81250614,-0.62575454,0.08990734,0.23171334,-2.4676387,0.42842242,1.0356427,0.9594719,1.1322428,-1.3846803,-1.7965521,1.1676079,1.1290187,1.5860556,0.7734751,-0.47596928,1.0103593,1.2048912,0.728932,1.3432826,-1.179417,0.17300834,0.038736068,1.2139562,-0.7128143,1.8458813,-0.0030690767,0.61383903,1.5358487,-0.73486626,0.15350316,-1.245053,0.99482346,-1.9235013,-0.95113736,0.5640054,2.2193496,0.40065473,-0.15221453,-1.533734,0.8292531,2.1670046,1.0343376,-0.48608822,0.42665008,-0.057795025,-0.5657742,1.064657,0.030532673,-0.929824,2.484781,-0.14321667,1.5468378,0.94809073,0.60046315,0.037235178,-0.47590733,1.0927761
-0.17993987,0.065778404,-0.71898794,0.81701785,-0.004783896,-0.52878714,0.11119984,2.3557775,0.47657502,0.5156309,0.46139812,0.018840272,0.6820725,-0.32720286,0.69589055,-0.16677724,-0.14786157,-1.4045947,-0.2957922,-1.4575702,0.42954636,1.4513279,0.58697414,0.6117301,-0.8640656,0.927454,-1.1121266,0.3626013,0.17540573,0.6360994,-0.17809352,-0.107845604,1.7968407,0.89883655,-0.8654844,-0.57523465,1.0886834,1.213746,0.24960524,-0.066057295,-0.37364498,0.35928133,-0.90470576,-0.64861107,1.205822,-0.6121101,-1.4290473,1.0642842,-1.2052675,-0.17919661,0.61048293,0.963344,0.98004943,0.3747817,-0.64670205,2.0786436,-0.12338533,-1.0741842,-0.8804015,-0.903128,-0.029414589,0.34124845,-1.0074195,0.100641206,0.8425485,0.451061,0.27377346,-0.10684014,-0.4231197,0.7803754,0.5357404,-0.36870486,0.6818872,-0.21949047,0.69728655,-0.038395695,1.0650108,-1.7199829,-0.1814194,1.581327,0.8294858,0.9740724,1.6963375,1.4303565,0.41915715,-0.48585883,-0.30983323,-0.57346666,0.45604813,-0.5887827,0.41642419,-0.6375059,0.4845661,0.9514736,1.9353155,1.0868034,-0.3827121,-0.5921614,-1.2297702,0.2433168,-0.96661556,0.16221397,0.87821,1.7541308,1.4514214,-0.89691496,-0.73162687,1.457732,0.3694623,1.0973278,-0.5896872,-0.2420755,0.7101083,-0.58753633,-1.4100888,-0.27159047,-0.55350345,1.1828034,0.6010073,1.4680799,1.2495354,1.8921684,-0.62796336,-0.44169545,1.1225532
1.0584598,0.9529561,-0.77056766,-0.08634768,1.0071031,-1.064428,0.30094513,1.149651,-0.31741652,-0.08231366,-0.25197932,0.079862386,0.9529071,0.4853594,0.47444725,-0.25955504,-0.6774635,0.52741665,-0.98761284,-1.1472712,-0.53030115,1.4476434,-0.18514822,0.88157284,0.47631428,0.5317118,-0.33779776,1.3524847,-0.29414114,0.39616916,-0.5016629,-0.39763832,2.726138,0.015451293,0.006883612,-0.89989275,1.068217,0.43723196,-0.5489649,0.4942993,-0.65036404,-0.21040568,-0.75273836,-0.54054826,-0.53002137,-0.4882755,-1.1686215,0.4176589,-1.2655103,-0.18504004,2.1973858,0.2776128,0.5998172,-0.27512768,-0.82019997,0.4657281,0.48180926,-0.9775547,0.40955976,-1.3757439,-0.2697976,0.37361968,0.004313566,0.05399315,0.61190104,0.2668063,-0.4099754,1.4858823,-0.63936764,-0.4851495,-0.27607068,-0.12517044,1.2654641,0.3687009,1.2384176,1.5420017,-0.14396635,0.18877445,-1.3684496,1.6296384,1.334871,0.086280294,1.1470277,1.1327622,-0.37131637,0.9602126,1.2739066,-0.40161234,-0.7063007,-1.0739202,-0.3624881,-1.6108304,0.24827746,1.0923792,1.3928168,1.088987,0.05169846,-0.4256685,-0.8782569,-0.9870411,-1.52578,-0.24939005,1.0612422,0.20253985,0.91942537,-0.16172943,-0.7158608,1.0517235,0.57359225,2.3715568,-2.6722424,-0.8783926,0.06979366,-0.010979958,-1.1485596,-0.40299577,-1.0713078,-0.07963793,0.5125,0.52921647,-0.43851787,-0.14428467,0.82097554,-1.0759476,1.665043
0.25718418,0.4247066,-1.5166547,-0.41883633,-0.09290812,-0.87579507,1.267425,1.0805075,0.27404782,1.5000181,0.68088216,0.30370843,-0.20598565,1.5800604,0.28057507,-2.1157982,0.3207492,-0.5723828,1.8238244,-0.48861095,-0.9117453,1.6793711,0.22810099,1.624072,-0.45807368,0.3962384,0.41135293,1.0857654,0.69782245,0.32554063,0.8171064,-1.8247619,1.497079,0.7611609,0.17938231,-0.7995256,0.038804907,0.47294098,-0.102056995,-0.088937774,-0.9266507,0.46964693,0.36433637,-1.8343954,-0.063400075,-0.8488031,-1.2146919,0.9296193,-1.5662838,0.22709665,2.0528631,-0.33678642,2.2433968,-1.1962916,0.59997225,0.09148025,1.4169004,-0.92328763,0.014678439,-1.9210284,0.31933537,0.079438016,-0.06668915,1.8229271,1.2035302,0.91870975,0.09174013,1.1441077,-0.79326534,0.6056042,1.7848004,-1.2059724,0.52523166,0.27969384,1.2742447,0.487026,-0.6734556,-1.3083328,-0.08364831,1.5843773,1.0500969,1.1486754,0.26129892,1.5043367,0.65681434,1.5520355,0.56593764,-0.88113433,-0.09122148,-0.79747814,0.7871486,-0.742797,2.0200057,0.98722136,1.0853292,0.660035,-0.75471586,-0.6568866,-1.4446738,-0.21033679,-1.7083848,-0.16836007,0.30847204,0.76387894,0.3608279,-0.9445235,-0.6498367,0.33642408,0.57229733,0.82266223,-1.6708705,0.014877476,1.2650371,0.58200026,-0.5397119,-0.9637953,-1.4878988,1.6972752,0.97773886,0.52262765,1.2757359,-0.7112693,0.016575899,-1.791095,2.2950194
0.03741969,0.5362835,-1.2918596,0.032021575,0.5071424,-0.9434258,0.63193595,1.1495489,-0.19186065,0.8870761,-0.8868486,1.4285498,0.38152105,0.4457352,1.5393815,-0.65410143,0.06414296,-0.662559,0.27307585,-0.58875996,-0.58355105,1.6332127,0.013420694,0.279368,-1.7706748,-0.25004703,-1.0477623,1.9191931,-0.14608881,-0.23660538,-0.63229084,-0.27701873,1.5113784,0.910425,0.62213296,0.52274996,0.52776396,0.16524741,-0.0023975587,-0.23785973,-1.3816673,0.8371313,-1.5853703,-1.3002034,-0.57026017,0.45487005,0.18449208,0.76269746,-0.9652421,-0.66492754,1.1135964,-0.11931872,0.58441657,0.16346827,-1.2129084,0.7773223,0.37980336,-1.8075647,0.32885128,-1.3107568,0.43649897,-0.12766829,-0.34530646,-0.72754455,0.24826306,0.4180377,-0.36247537,0.9396407,-0.37962008,0.28172678,1.1787021,-0.37628657,1.4909652,0.83076304,0.8771176,0.86596864,0.43042484,-0.6400221,-0.42185926,1.3511174,0.8661215,0.623868,1.9536085,1.1493925,0.5714096,0.2984289,-0.8877835,-1.0441295,-1.1827674,-1.1396291,0.20993987,-0.66239965,0.7190015,0.50734556,0.9179265,0.43010658,0.8294608,-0.76745415,-0.9058691,-0.072248645,-1.1311524,-0.3359971,0.8002086,1.5708752,-0.43881264,0.26517782,-0.6475957,0.7947777,-0.007770747,0.51770854,-1.1876031,-1.741207,1.0122693,0.15470201,-0.49899012,-2.1294885,-2.4359138,0.9315868,0.4924186,0.7347224,0.4865207,0.26100692,1.2121878,-0.942162,2.4958498
0.3357213,-0.14525588,-2.1372218,0.82242084,-0.5028392,-1.4630485,0.87511194,-0.7293516,-1.4004947,0.7348934,0.8830628,0.30678052,-0.47606426,0.8243355,0.21212846,-1.5448871,-1.031109,-0.7047257,0.82991993,-1.9127358,1.1194212,-0.64163965,0.5776918,0.49931476,0.49209088,0.011066757,0.30693412,0.93291914,-0.84842825,-0.34475663,0.7779914,-1.2228981,2.8435864,0.76366884,-1.4782476,0.03666657,0.9534838,1.673515,-0.44393104,0.032397695,-1.8601346,0.38803202,-1.1594911,-1.1850684,0.6210045,-1.6906993,-1.100936,0.5398649,-1.5579606,0.38647717,1.0483323,0.85747075,0.77318585,0.35414377,0.37838167,-0.2143012,1.053663,-0.18537875,0.55561846,-0.28326672,1.7045581,0.76155376,-1.4065961,0.7802097,-0.3112187,1.3781757,-0.9156893,1.708302,-0.3348747,0.6758847,0.6369819,-1.5463526,-0.309145,0.70337963,-0.8480407,1.3303945,-1.2559106,-1.1194686,-0.6352465,2.3660452,0.7535626,0.82146466,0.43937147,1.0975561,0.8483346,0.5715329,1.6074351,-0.77157813,-0.59906435,-1.2237496,0.04709105,-0.71978354,1.3788059,0.91513073,1.1869278,-0.5812747,-0.63600576,0.8560735,-1.683241,0.004561944,-1.9717603,-0.2637163,-0.044231948,0.45756036,0.89377,-0.81319296,-1.1084834,0.53879267,1.8000106,1.0807562,-1.0031961,0.05711091,-0.14382492,-0.9441142,-0.78820294,0.44735864,0.066120476,1.7598132,0.7531462,0.5557128,-0.52134794,1.5482826,0.14086168,-0.3548344,1.1115879
0.6885515,0.4025408,-0.43717703,1.0994272,-0.6426024,-0.96204394,-0.5981576,1.2244883,-2.0471597,0.22233893,0.46703833,1.2247298,0.81227344,1.0858529,0.07676025,-0.19430836,-0.11658327,-1.7095261,-0.83386004,-2.300408,-0.3135904,1.122998,0.52470005,1.6077622,-0.7090321,1.0947206,-0.407157,1.9212561,-0.04402227,0.27471498,-0.762404,-0.55575264,1.1392822,0.42955896,-0.44367486,-0.9752535,1.0676804,1.4674652,-0.550856,-0.68913144,-0.38231882,0.5683761,-0.85975677,-0.8096817,0.6559836,-0.33888537,-2.0819619,1.0443496,-1.9404715,0.95174325,1.4980235,-0.21372223,1.2346342,-0.13081779,-1.4123023,0.722184,0.18667865,-1.1801723,0.29324308,-2.1743567,1.0681882,1.3576542,-0.4345374,0.7184435,-0.35114297,-0.46815878,-2.2034583,1.0351111,0.31881058,0.4637056,0.7593524,-0.18085381,1.4033413,-0.05069523,0.8595322,0.79585594,0.18904378,-1.3279428,-1.3382537,1.5461801,2.5644197,1.0760922,0.34646887,1.123814,1.3888065,1.0284436,0.49072292,-1.5017887,-1.5472383,-1.3086128,-0.25939292,-1.6799172,0.8588979,1.1196343,1.8419622,0.7019938,-1.261828,-0.8112618,-1.1192654,-0.30365524,-2.4742913,-0.99334604,1.3441724,1.0742792,2.153956,-1.0186241,-0.8040938,1.1331694,1.5507528,2.2263372,-1.4844605,-0.83465433,0.41229793,-0.65697056,-0.23256087,-0.770888,-1.4956151,0.40276214,0.020572376,-0.2610389,-0.82222027,1.7042483,0.8369203,-1.6913745,1.4708972
0.21278073,0.2093647,-0.9014468,0.7208999,0.048947968,-0.6590649,0.38449535,0.6068952,-0.43734613,0.3671558,-0.33161715,0.7292805,0.4691782,0.7924114,0.5885079,-1.2927902,-0.16187435,-0.6431544,0.34356177,-1.5093286,0.83055353,0.45995694,0.120699786,0.019243706,-0.4330063,1.3261749,0.104784176,0.18102567,0.6076923,1.2370195,0.16196382,-0.21216142,0.8696249,0.43724093,-0.15619537,0.06246421,1.4731069,1.806068,-1.0742664,-0.0227051,-0.72946686,0.23222093,-0.84425294,-0.37306085,0.3723103,-0.36455697,-0.29552913,0.50473946,-0.7135074,0.28934062,0.835397,0.55526406,0.25154617,0.58963996,-0.4117231,0.45523056,0.86820406,-0.4408855,0.21208704,-1.3337046,-0.0172208,-0.4448536,-1.1693548,0.87800026,0.16912179,0.44520605,-0.018294692,0.48296064,0.27410257,0.26298833,0.3367068,-0.84682375,0.7944082,-0.21328402,1.1246654,0.53609276,0.2719872,-0.69490474,0.122843266,0.31662256,0.3577754,0.87684476,1.114923,-0.019797958,-0.5949341,0.26446873,0.26702318,-1.4869696,-0.1464157,1.028369,0.31883678,-1.6086675,0.23657967,0.82084084,1.7507259,1.3308619,-0.280687,0.28357688,-0.76886433,0.34531155,-0.5830949,0.2647397,0.46594602,1.3226298,1.549459,-0.759648,-0.5885949,0.075361885,-0.41733825,0.7947701,-0.28624701,0.23416747,0.15753925,-0.93638605,-0.81132865,-0.1461684,-0.56407475,0.37828586,0.065829866,0.12694262,0.34902108,0.42049658,-0.7691198,-0.5180237,0.47044188
1.10187,0.20920078,-0.8686819,0.73954415,-0.34692174,-1.391045,0.33784544,0.9553237,-0.71745425,0.64348006,-0.11221191,1.6555245,0.7491676,1.3798814,1.0506908,-1.1426848,0.46450278,-0.6081265,0.13250767,-0.7629669,0.74453,0.82251877,-0.74457014,0.12158744,-0.28857523,0.15152192,-0.24295615,0.42512032,0.118609734,0.12971964,-0.13228728,-0.22921853,2.6625786,0.971053,0.77944857,-0.6247221,1.3621699,2.1906826,-1.1574546,0.5984422,-0.3515753,-0.9768994,-0.20254937,-0.989618,0.08621648,-0.30398068,-2.197135,0.47426346,-0.8118301,-0.4899436,2.4613783,-0.4535512,2.4272165,-0.6973968,-0.33254823,1.8787036,1.0905854,-3.3484447,1.1249235,-2.4918563,-0.30398127,-0.51649266,0.35662708,1.8112873,1.0194817,-0.124481425,0.19778663,1.2066276,-0.42186686,0.9677523,-0.3028722,-0.8260084,1.9326622,-0.18948407,0.8634993,1.5733634,0.34489188,-0.6555791,0.2927253,2.3912597,2.7408085,0.8499166,0.34463543,2.2512438,1.1315193,1.1640002,0.5592759,-1.7044082,-0.69752777,-1.7679195,0.46564475,-1.5437151,1.2924155,1.195493,0.7692515,1.5687721,0.11534805,-1.0203866,-1.5776823,-0.69071573,-2.270154,-0.7813128,0.7547585,0.033985514,0.7404469,-0.93791425,-1.8341144,0.78718203,1.7895677,2.6745002,-1.8210719,-0.39718282,0.79403895,-0.5763354,-1.1348985,-0.61164546,-1.8306834,1.3642359,2.0851035,1.3074821,0.7723347,1.6127326,0.46505293,-1.5643934,2.083283
-0.113281555,0.8149691,-1.1330438,-0.26586443,-1.2059535,-0.5425892,0.5508177,1.1854125,-0.73373437,-0.075215474,1.1077353,-0.5601539,1.0443977,-0.16440499,0.6820523,-0.4832913,-0.8900487,-0.24057786,0.1676301,-0.31470978,0.67672133,0.56989354,0.533761,0.1824592,-0.15404576,0.9154939,1.0900614,0.38926598,-0.932432,0.20030728,-0.45610508,-0.9036582,1.6993407,0.067632824,-0.12024115,-0.7691471,0.38661093,0.12163213,0.16853325,0.20540763,-0.2861768,-0.25489295,-0.34025118,-1.6112584,0.2049166,-1.0795891,-0.5800515,1.6360697,-1.5765384,0.51733124,0.74931353,0.29350904,0.22948635,1.1870327,0.115585744,0.24118875,0.9631204,0.7096393,0.055979393,-1.262288,0.38928765,0.7678306,-0.9541204,0.22575173,1.2354045,1.2062883,-0.68462515,0.29229844,-0.11842842,0.93613696,1.2862453,0.239591,-0.22673042,0.6038211,-0.5023235,1.4329865,-0.4397484,-0.15984972,-0.5809939,1.2128745,1.2861367,-0.40001506,2.254055,-0.08926879,0.25917375,0.86696297,-0.067846775,0.023493683,-0.1471124,-0.4773914,0.075759955,-1.2551535,1.0361474,1.2367073,0.54302716,0.45103827,-0.95076025,-0.27731815,-0.44600013,0.022543607,-1.1241719,-0.86199725,-0.7074771,0.6185486,0.57010645,-0.16264328,-0.9146477,1.573955,1.2176478,1.1659371,-1.708466,0.15513095,0.6537695,-0.5655354,-0.4314672,-0.7355684,0.36912414,0.59046113,1.5809509,-0.11589978,1.268649,0.4375058,-0.28094518,-1.0527442,0.27443013
-0.054052573,-0.6209694,-0.837168,0.9747851,-0.61181325,-1.5341705,-0.7415518,-0.31515196,-0.8200824,1.7353094,0.57269704,0.37086672,-0.04927918,0.36571518,0.42216286,-0.62907475,-0.51462644,-1.2376251,0.84574366,-0.46901074,1.2082567,0.0711887,0.73649466,0.006010145,-0.79140353,0.800586,-1.6624413,1.4995083,-0.057234727,-0.0884088,0.10747666,-0.3715131,1.609394,0.5013297,-0.36853495,-0.8217804,-0.48181576,1.6443505,-0.83641034,1.0565194,-1.8211054,-0.20661323,-0.46446025,-0.42757687,-0.15701377,-0.63740814,-0.36305383,1.2532448,-1.1224966,0.06937908,0.699418,0.3333613,1.1550057,-1.0262225,-1.1993319,-0.38134548,0.58394533,-1.629889,-0.03475687,-1.3461403,1.4903551,1.7224408,-0.47434723,0.33604786,-0.029665625,0.94746494,-0.87599945,0.79444754,-0.61423165,1.3004105,1.3490223,-2.054224,0.24834214,-0.0948696,0.7247274,-0.27944982,-0.7056817,-1.7528013,-0.11896461,1.8263041,0.85051864,1.3796737,0.08888741,1.7428725,1.2984128,0.48881742,1.0963646,-1.4017612,0.8197509,-0.5223176,-0.52177835,-0.5568621,1.36554,0.92207754,1.7473253,0.6748705,-0.3109862,1.0139952,-1.4590209,-0.75175196,-1.070212,-0.7041565,0.4536988,0.6945539,-0.007867223,-1.0318358,-1.0006529,0.59089154,2.083531,0.6222452,-1.031374,0.13906077,-0.0725451,-0.97251976,-0.50838715,-0.47506863,-0.5168668,1.9808862,0.11063682,0.88118416,0.64406836,1.0401967,0.39190266,-0.192854,0.5620663
0.21316977,-0.12708405,-0.74069536,-0.1448896,-0.1933325,-0.13516098,0.35170794,1.8539754,-1.11836,1.2910038,0.09527334,1.1340319,0.7010076,0.8303255,0.8137827,-1.3142797,0.111839995,-1.2378764,-0.42811915,-0.4503539,-1.1926478,1.8653713,0.88435084,0.4367761,-0.43325546,1.5691237,-0.11344064,1.1913813,1.0119004,0.34105906,-0.24008885,-0.36365107,0.6575943,1.0009809,1.0402184,-1.1211551,0.5828121,-0.6709123,0.40814072,-0.6411234,-0.7701351,0.6082721,-0.04811106,-0.54403174,-0.66246694,-0.34870487,-0.30862632,0.56581455,-0.2951076,-0.44137534,2.247537,-0.087949954,0.59466267,-0.34535298,-1.0498995,-0.069532424,0.7543244,-0.7850224,1.0140598,-1.8394083,0.20851786,0.6574666,-0.61782837,1.1386577,0.5483527,0.9052899,-0.8675868,1.0471034,-0.21029235,-0.58324856,0.8010747,-0.27458882,0.9107377,0.54665345,0.71277803,0.26896283,0.16168284,-2.0965583,-1.6846739,0.17039993,-0.09093398,0.51350075,0.9237336,0.2910543,0.7481997,0.5785813,-0.14421813,-0.35474733,-0.5232732,-0.67902267,0.52919155,-0.7266287,1.6508523,0.9156047,0.8836554,0.84932977,-1.0552616,-0.42824352,-0.9499232,0.14741848,-0.8241725,-1.1160412,0.75945365,1.6382259,0.18733105,0.15230224,-0.96550506,0.67089033,1.0011152,1.0655857,0.015183702,-0.7870311,0.32815894,-0.13287196,0.042256232,-0.3426912,-1.7143168,0.10912541,0.95021385,0.21124443,-0.6867701,0.13150136,1.381023,-1.18005,1.6059676
-0.044590995,-0.93804306,-0.9155812,0.06766181,0.72115,-1.2385752,0.004083164,1.8114144,-0.4656965,1.2149147,-0.7466628,1.2519336,0.6613501,0.629715,0.7622007,-0.46545878,-0.11889167,-1.1183385,0.96818614,-0.9145241,-0.3791262,1.8096619,0.92264515,0.93302846,-0.24857338,0.59285504,-0.8406352,1.8366272,0.28235745,0.08925727,-0.34165147,-0.50951046,0.81576014,1.3990142,1.5401132,-0.63925153,0.49459535,0.16239512,-0.4317996,-0.6218172,-1.3063769,0.74681956,-1.9544457,-1.0448909,-0.5009775,-1.2887714,0.009539343,1.940785,-1.4577264,-0.76023537,1.0483594,0.48576,-0.021918863,-0.0021240152,-2.1028779,0.11065995,0.39596725,-0.9485402,0.7311326,-2.5005443,-0.32390383,0.13986953,-0.7970984,0.6325211,0.38812643,0.590924,0.16285297,1.1143451,0.0845964,-0.40930843,1.072584,-0.331936,1.8224682,1.6061996,1.3017945,1.279731,-0.23359181,-1.3243909,0.253618,0.49043125,1.098259,1.5074853,1.285183,0.53571343,0.36772013,1.0355343,0.27122068,0.16666085,-0.13530454,-0.25287306,0.03386376,-0.6099782,0.8490731,0.46942306,0.36407456,0.67751753,0.18447039,-1.3810966,-0.65181327,-0.596446,-1.0805302,-0.109581456,0.54899216,1.6394444,0.3197508,-0.68772334,-1.392099,0.30834305,0.9219936,1.2913002,-1.0484021,-0.9558182,0.36358562,0.27508163,-1.2981266,-1.1041863,-1.1620938,1.0534014,1.1261505,1.6338844,0.9137354,-0.011975471,-0.20435059,-0.09610727,1.644914
-0.5846663,1.3522595,-1.0037384,0.23387349,-0.086624995,-0.5671026,1.1828414,1.0405388,-0.6954131,0.7009966,-0.028269358,0.15048575,0.19507152,-0.1659939,1.4110785,-0.65821755,-0.8266558,-1.2747847,0.6987823,-2.2621818,0.31874967,1.5872151,0.6964229,1.7059636,0.2971423,0.29645997,0.6137961,0.39105037,0.49711978,0.08696988,0.13982432,-1.298953,0.90226316,0.048586037,-0.044781704,-1.5948856,0.6696062,0.08379538,-0.48076484,-0.034438938,-0.2274073,1.2501378,-0.961455,-0.98072034,0.0651867,-0.41518992,-1.3545854,0.9466848,-1.4863174,0.071239896,1.1114644,0.42254966,0.30590847,-0.19582137,-0.7388953,0.5656215,0.47153512,0.6754877,-0.322085,-1.5771316,0.043014847,0.42394912,-0.90169644,0.7002019,0.21900266,0.823528,-1.0447563,1.0662848,-0.011068841,1.1725466,1.8114403,-0.17174497,-0.52354515,0.37095848,1.1315011,-0.18120861,-0.4023818,-1.6500486,-0.13331549,0.8708085,0.41930085,1.1976289,2.0753624,0.15410616,-0.2107973,0.53660315,-0.94831026,0.24840169,0.43234938,-0.6252746,-0.5601051,-0.8321102,1.291926,0.8848653,0.68928576,0.45764646,-0.71160114,-0.59014565,-1.0342987,0.21199937,-0.7387225,-0.2256271,-0.16099316,1.6433413,-0.011307053,-0.9819537,-0.54360765,1.2901627,-0.18641241,0.24475826,-1.7219362,-0.0863148,0.051662683,0.9662053,-1.5677713,-0.12937506,-1.2836106,0.49026632,0.9162533,0.06843279,1.204323,-1.1261748,0.95631236,-1.9952765,0.86471146
0.34259936,0.76078045,-2.349544,0.69959825,0.26836017,-1.1802987,-0.66844904,0.24281311,-0.08290933,0.726077,-0.14507486,1.4474736,0.49768877,-0.59425324,2.2974956,-1.3117298,0.047759306,-1.1404431,0.48867396,-0.31714272,-0.75920445,1.3347648,1.5852981,0.73694783,0.042858753,-0.5169494,-0.9093758,0.7138574,0.25632086,0.376381,-0.20396642,0.9150707,1.2398589,0.5984785,-0.092618465,-0.96496123,0.83030605,-0.1956107,1.259605,1.1558559,-1.766827,0.51780343,-0.34624726,-1.9502033,-1.0774777,0.42189756,0.22113554,1.083961,-0.7269592,-0.45551047,1.184295,0.0024620146,0.42497772,-0.7355285,-0.8355408,0.59616995,0.61277395,-0.16426677,0.88239586,-2.658885,-0.3042334,1.4316092,-1.212174,-0.12591535,0.24536416,1.3680888,-0.38441744,1.1062471,0.4481547,-0.1766671,1.6235147,0.44922024,1.1979725,0.11649285,0.41397005,-0.07953189,-0.39888594,-1.9061202,-0.104466215,0.7562191,1.3587644,0.02149297,1.4672105,0.44964898,-0.21570589,0.7577859,0.3569236,-0.7978141,0.03673212,0.3089545,0.49491513,-0.7890688,2.8048668,1.4687399,0.4102613,1.7443306,-1.2988826,0.028941367,-1.3407631,0.41418207,-1.0207379,-0.6905599,0.69942063,2.6849453,0.97861636,0.79559237,-0.82081634,1.2185428,1.0184835,0.87167615,-0.77549595,-0.88988006,0.55852723,1.3119254,0.030816846,-1.2645737,-1.7679192,0.91469735,0.04580156,0.029758846,1.4737426,0.62925583,0.2421069,-2.0175798,0.043653764
-0.17209837,0.2515538,-1.8395947,0.41706142,-0.35577813,-1.1268421,-0.21657807,0.65833,-0.69074494,0.8517671,-0.76304424,1.5587981,2.0354805,0.15692161,2.0723758,-0.59876794,-0.0077719186,-0.67223984,1.3082074,-0.8402334,0.55853444,1.0704322,0.805766,0.47438323,0.1459288,0.33798358,0.3683381,-0.064865485,-0.6900457,0.12042317,0.17043336,0.37964025,2.014778,0.92526895,0.1254746,0.03295887,1.3102173,2.2795136,-1.1790911,0.17785075,-1.2297072,0.3376727,-1.3129438,-2.5966198,0.11539484,-1.050796,-0.29006103,1.6244848,-2.237461,0.14273262,1.5364988,-0.40556902,1.6121008,1.1334198,-0.5535126,1.0272751,1.1127197,-2.5626178,1.1560272,-2.3047953,-0.68145317,0.9837173,-0.46365988,0.7694237,-0.050956383,0.62624496,-0.5216871,0.6154235,0.7146068,0.9053575,1.0328231,-0.6563256,1.4448379,1.1673642,0.9291939,0.24737474,-0.3512729,-0.05089909,-0.23696496,1.2992524,1.8186555,-0.056944214,0.9097209,1.4211614,0.8755757,0.68380326,0.37015724,-0.9690434,-0.6892113,-0.7073183,-0.42469347,-1.4433006,1.8082293,0.9309553,1.0485418,0.9061542,-0.67742807,0.09331125,-1.8760056,-1.0564889,-1.3773447,-1.2978147,0.24094051,1.1240292,0.42043653,-1.3011659,-0.6013545,1.2512217,0.46823144,1.4695519,-2.5594776,-0.77110183,1.5362794,-0.1527669,0.09510552,-1.9226959,-0.704174,1.7930119,2.0990775,0.4688918,0.9274251,1.7892796,1.450696,-2.1324685,1.2408825
0.40025935,1.3639185,-1.283804,1.1894644,-0.544856,-0.10270163,0.7758878,0.90601414,-0.87176067,0.09567153,0.8706381,0.10913746,0.7740101,0.46124908,0.341667,-1.5565041,-1.6944245,-0.54724526,0.7158348,-1.8922508,-0.6016662,1.6904646,1.0577607,0.733569,-0.92272556,1.7915099,-0.46254784,2.243202,-0.6257154,0.6929031,1.0888286,-1.5947481,2.056191,1.0065031,-1.0588709,-2.0822098,1.0199627,1.7694057,-0.6918107,-0.030152742,-0.08106484,1.7781163,-1.0205805,-1.2769164,-0.3262214,-1.1294155,-1.6377518,2.0213356,-1.8288349,1.4695228,2.0258083,0.8178961,0.77125764,-0.57054853,-0.9631158,0.771926,0.592783,0.64797825,0.30632326,-1.1363785,1.2301953,2.3544822,-2.1334448,1.5024095,0.58788246,1.7636939,-1.1416012,2.4452713,-1.5739307,0.44506693,1.6741959,0.024643831,0.3887874,-0.29050812,0.25017202,0.33435267,0.14016107,-2.5835493,-0.5908222,1.3880801,-0.31191626,0.7004623,0.82241464,-0.050415266,0.99435616,0.29160258,0.23627146,-0.4031462,-0.54829895,-0.1724389,-0.0909983,-1.0409338,1.764286,1.269049,1.9488131,1.8695954,-0.70842934,-0.83577347,-1.0233693,0.63663393,-1.5294054,-2.1104221,-0.21271205,2.8920238,1.4929209,-0.44769567,-0.49165693,1.0170914,0.5115125,1.8495511,-0.33039814,0.60753226,-0.28587812,-0.6177223,-0.67264485,-0.4725507,-0.6890499,1.3369869,0.099121764,0.9589544,-0.77275324,1.1267371,-0.07539435,-2.2894614,-0.05705785
-0.25889388,0.49037406,-0.37629473,0.5267548,-1.2664251,-1.0181581,0.22049697,0.16018774,-1.9926265,0.108450204,0.7014524,0.33781773,1.2801691,0.75746244,0.86487705,-0.859183,-0.26652768,-0.8179596,0.580364,-0.87921494,-0.2893759,0.2807485,0.95503336,0.27558675,-0.25179312,1.4033178,0.0057191523,1.0583352,-0.5844089,0.5838266,-0.5550845,-1.3948221,1.7652394,1.0452728,-0.020172711,-1.595856,0.40795943,0.994831,-0.417977,-0.04375734,-0.50835925,0.54756445,-0.64170206,-2.0431583,-0.16158783,-1.3818035,-1.3909578,2.3108668,-1.4212874,0.7063797,1.8425877,1.1322315,1.9791954,0.31613085,-0.68677044,0.8323993,1.2874478,-0.27234682,1.4004107,-2.4423296,-0.39685425,0.64803106,-0.5483861,1.493204,0.8222666,0.19043936,-1.0250751,1.2147257,-0.32357496,1.3888843,0.81829464,-0.71289843,0.5378198,0.50013447,0.5335611,0.74908674,-0.4529428,-0.5809296,-1.0277997,1.4910707,2.6348588,0.3106664,0.27396938,1.1713607,1.4716533,1.4272255,0.6827971,-0.91724014,0.20623468,-0.117346235,0.25199845,-1.6856793,1.828612,1.1653526,1.9681336,1.1213323,-1.3341904,-0.5715191,-1.2342005,-0.8416933,-2.4375083,-0.63865274,0.25385484,0.62389207,1.1970482,0.15565974,-1.3711084,1.5843834,2.2356303,2.7133348,-1.9407475,-0.49345306,0.8015592,-0.1380309,-0.042947643,-0.58104324,-0.29163626,0.3951764,1.1162806,0.1115896,0.7891987,-0.014127042,0.764359,-1.301473,1.8814133
0.68973297,0.35918868,-0.19110471,1.3047981,-0.44809332,-0.5975585,-0.6307641,0.90951574,-1.1374643,0.020103065,-0.113441184,1.3607702,0.15587239,-0.25357002,0.29371,-1.2497956,-0.11409289,-0.678963,0.47096705,-0.62726015,-0.36482966,0.25301862,0.32809794,0.7747526,-0.56683576,0.51649415,0.64591223,1.2999583,0.1020251,0.07999098,-0.305824,-0.91895705,1.0715361,0.20221277,0.107204065,-0.67245716,0.5847382,0.25454295,0.28070006,0.107970655,-0.33845925,0.06967257,-1.0386567,-2.1919372,-0.034614656,0.31677148,0.07663639,1.3477873,-0.90635234,0.30728802,0.42979208,-0.14751053,0.13326916,-0.16721293,-0.45049044,-0.13665563,0.4360497,-1.2347581,0.6646481,-2.3465853,-0.49666354,0.6416427,-0.6599108,0.45497793,-0.1521299,1.0064604,0.029033137,0.8332047,0.30232415,0.5131039,1.504377,-0.7289551,0.05708451,0.60684407,0.47247916,0.3458663,-0.15959378,-0.9140107,-0.09028831,0.76021445,1.0437367,0.14802548,0.8440223,0.023299068,0.048516724,0.82709384,-0.4232238,-0.89291364,0.8273877,-0.18946038,-0.2339141,-1.042414,1.2778022,0.5846484,0.53624016,0.3157756,-1.0237455,-0.42285928,-0.9535339,0.60040706,-0.9194991,-0.09610896,-0.4680731,1.8474528,0.4410438,-0.42746285,-1.7995286,1.0712463,0.5254767,0.64866376,-1.1575109,-0.54303914,-0.10895326,0.37352747,0.18369797,-1.2143102,-1.2435399,0.71363956,0.94412565,0.67802334,0.82957226,0.059387185,0.41713706,-0.69731486,1.7648767
0.5351416,0.1577005,-0.24696147,0.679944,-0.7229636,-0.7738865,0.49172318,0.63025534,-0.37901,0.25410646,0.25074968,1.1336409,-0.18389279,0.119859345,1.0482738,-1.0356059,1.4039139,-1.2784986,0.69743174,-1.8416295,0.15395665,1.5751609,1.300031,1.3009356,0.2913085,-0.04908358,0.43987352,0.74296653,0.3324399,0.8348578,0.7879176,-0.6813112,1.66675,0.3918777,-0.00849336,-0.03932863,0.67704123,0.9134912,-0.25065905,-0.033169016,-1.4144616,0.18436849,-0.4876207,-0.40231586,-0.2645867,0.28506526,-1.2257508,1.2854563,-0.86422044,-0.10271585,1.1010298,-0.83205104,-0.38294643,-0.3832585,-0.22190991,0.4897515,0.15293938,-0.71433276,0.8555025,-1.7037148,-0.2806897,0.36635754,-0.4317803,1.0163546,0.17560388,0.10937795,-0.98408073,0.4558284,-0.17738663,0.11368737,0.5214317,-0.21770096,1.3847411,0.06390488,0.9813201,0.73985314,-0.7668918,-1.9673244,-0.6416202,1.2513092,0.46744633,0.58771396,1.1903763,-0.47983766,0.41585213,1.8857605,0.76919115,-1.1958144,-0.4240147,-0.46510243,0.74384385,-1.6524185,1.6957335,0.4226016,0.7471216,0.9388736,-0.18627398,0.21121705,-0.66231024,-0.37990764,-0.48521033,-0.26723632,0.45881975,1.4021677,1.502089,-0.8697678,-1.0415504,1.6532137,1.360579,0.82403874,-0.31412393,-0.52862304,-0.3561741,-0.44034353,0.33291987,-0.39909318,-1.7261542,0.90390444,0.811152,0.05924695,-0.4431548,0.42912957,-0.44991386,-1.1718812,1.04239
0.54314363,0.101085454,-0.8812823,0.08110851,-0.53868544,-1.1022245,1.2449768,1.6509331,-1.230686,1.41003,0.017675277,0.80458844,0.54542863,0.7506014,0.6304186,-1.5381778,0.155882,-1.5137792,1.4963939,-0.23585281,0.039346203,1.848085,0.5567911,0.39406702,-0.07828282,0.76668364,0.21796583,1.5355736,0.11249136,0.25216058,0.32753274,-0.4390907,1.0457618,1.3759921,0.69539976,-0.95117825,0.60137415,-0.2699958,0.6419389,-1.0944551,-1.177319,0.63509065,-0.8892168,-1.3573513,-0.3925999,-0.8456313,-0.6150644,1.362239,-1.0013508,-0.45675424,1.8155296,-0.36012807,0.86686146,-0.6420609,-0.84784365,0.1338196,0.7046999,-0.80945724,0.4998243,-2.2470655,-0.044651166,-0.2825463,-1.4257523,2.2300556,1.2519776,0.9929108,-1.1335807,0.10839699,-0.2079529,-0.23422274,1.3995588,0.41331932,1.0950755,0.27640852,0.5212879,0.46874404,-0.3212339,-1.7946014,-0.8738427,0.75908643,1.6032939,1.2315449,0.8229939,0.6399709,0.9256525,1.506706,0.92147434,-0.5152911,-0.5729638,-0.5272506,0.7561824,-0.57248515,1.9667413,0.6211747,1.306722,0.6972383,-0.90776396,-0.87889075,-1.055191,0.56787115,-1.0280216,-1.1128391,0.407139,2.279644,1.4087571,-0.20520493,-1.2779926,0.2074402,1.299824,1.8963221,-0.99432504,-1.009208,0.18660481,0.0071852244,-0.028809935,-0.69000936,-0.79759353,0.8390141,0.701917,0.931073,0.80343634,0.5373336,0.2684005,-0.6308023,1.5604507
1.4406998,1.0041431,-0.8944998,-0.04806786,-0.49395818,-0.54159135,1.0100008,1.6444838,-0.44930536,-0.13521942,0.87086165,0.93391925,0.34358647,0.42896968,1.4485803,-1.1159282,0.26467687,-1.4085672,-0.3701508,-1.7063357,0.083492815,2.2304363,1.7434138,1.258353,-1.1308041,1.6249565,-0.72659534,2.2382042,-0.17672005,1.0454979,0.4630977,-1.2739815,2.1338365,1.1608844,0.9156568,-2.4857383,1.8712753,1.2486794,0.04716274,0.37246072,-1.2938664,-0.21632107,-1.5351284,-0.78695256,-1.7133846,-1.9096427,-1.9931277,1.0654701,-0.39713743,-1.59896,2.2966335,0.64742607,0.100118086,-0.06407254,-1.9119725,0.57051134,2.4050255,0.20141871,1.0530598,-2.1369784,1.0802155,0.4678465,-0.81311625,0.6133584,0.4445136,-0.08316769,-1.6176467,1.2972798,-0.64374834,0.8730313,0.6489075,-0.3605607,1.7278112,0.4879598,1.0932775,2.1002378,-0.19789708,-1.402492,-1.3944546,2.5708323,1.5411116,1.1815959,0.33227947,0.8522422,0.93552107,1.9600616,-0.46745163,-1.1173701,-0.9326296,-0.1628779,1.0511556,-1.1650627,1.716259,0.7375259,1.243919,1.1326059,0.4289918,-0.8018643,-1.6402844,-0.20360737,-1.9128845,-1.0634402,0.3941193,2.3936849,0.021738485,0.31770524,-2.2182164,2.286715,2.0074859,1.7916929,-1.3666317,-1.052382,-0.760874,-0.27327278,0.27590537,-0.86847013,-1.7255828,1.44333,1.1837789,0.95653313,-0.29491663,1.1854886,0.79045594,-1.9537457,1.1439279
1.4132905,1.1955695,-1.4498737,-0.0020584222,-0.90144557,-0.56423706,-0.0763193,1.8908229,-0.5857835,0.1787079,0.89895815,1.1881108,1.7259008,1.4561409,1.8274583,-0.948368,0.43088183,-1.43552,0.71250707,-0.53855264,0.63843125,1.6969032,0.88220847,1.6123762,-0.6745447,1.5824903,0.66006273,1.4605625,-0.5275802,0.9005706,0.48031792,-0.92621726,1.311642,0.98488,0.46268365,-1.1555154,1.0928665,1.3240054,0.051023692,-0.5690843,-0.35394636,-0.08715606,-1.6441035,-1.714909,0.26700434,-1.3041425,-0.5246383,2.0171585,-1.7528837,-0.43743703,1.2782995,-0.13250913,0.8977415,1.5082109,-0.056374073,1.1348875,2.0769572,0.015164675,0.7566511,-1.6863892,-0.36766648,0.3406602,-1.080014,0.62504,-0.07268955,1.2943869,-0.78231865,1.2589176,0.22973488,0.91002524,-0.40332112,-1.294152,0.75498295,1.9393053,1.9164889,1.5295466,1.5829147,-0.45841503,0.00845395,1.012763,1.6729083,0.39460975,0.7086313,1.4390433,1.2415167,0.24001499,-0.21477464,-0.79491603,-0.88635516,-0.693014,0.15148917,-0.98327816,1.5326126,1.5684644,1.0870534,0.30825788,-1.2540386,-1.9749769,-0.83173615,-0.3444746,-1.6410487,-0.8021234,0.23868302,2.0439732,-0.22069024,-1.2387092,-0.12679009,1.452869,-0.41591102,2.4116476,-1.5370369,-1.9190757,1.3452744,0.45029104,-0.486532,-3.17496,-2.7294254,1.4456505,3.1067486,0.64074886,1.4151806,1.6014938,0.24209806,-1.3646625,1.8218341
1.1604626,0.3455265,0.23096968,1.6599543,-0.11753173,-0.3576868,-0.35497567,1.3256464,-1.2774903,1.3308762,0.6250068,1.2803745,0.81426466,-0.28542405,1.4308722,-1.3149668,0.028236391,-1.3883326,1.054297,-0.96747893,-0.2690185,1.1773372,2.5969572,0.48538575,0.037858598,1.8545526,-0.37856457,1.4979807,-0.55379266,0.85941434,1.0854087,-1.0041692,1.348587,1.3962942,0.072692156,-1.9160163,0.6341518,1.1830745,-0.039068453,-0.20380281,-0.1734258,-0.30894932,-0.91008586,-0.95932144,-0.4951992,-1.6222972,-1.1444339,2.476019,-1.6173828,-0.55008,0.99072635,0.9213619,0.8031226,1.0392492,-1.2134204,0.72255135,1.5156344,-1.3862629,0.7928878,-1.6488672,0.78426987,1.3713775,-1.0142126,1.3171585,-0.6198473,0.73595273,-0.070934325,1.1145566,-0.64635074,1.6582264,0.800958,-1.6170195,0.46409208,0.8677424,1.0134234,0.41444594,0.4086833,-1.96783,-0.78993934,1.842903,1.616347,1.2118181,0.083496004,1.260498,0.87044924,1.2330713,-0.13026917,-0.73952204,0.3925565,0.42979866,0.795968,-1.0263464,2.0463953,1.7808161,1.7319721,1.0616726,-1.9464495,-0.96287745,-1.6060381,-0.60481924,-0.75170416,-1.0777757,0.0024933135,1.2235472,0.09013994,-1.3468162,-1.2763779,0.93549293,2.3978248,3.4435737,-1.9440832,-0.8153918,0.36172947,0.19765069,-0.74217796,-1.6488594,-2.0227613,1.8434292,1.885843,1.8011796,0.870792,1.7888356,0.9885166,-1.7844938,1.5657845
0.51983833,0.5287325,-1.5635831,0.13651818,-0.40991026,-1.0683614,0.15989387,1.0251474,-0.6383527,0.19797039,0.98230124,0.6938747,1.1314487,1.110367,0.9775661,-0.05872359,0.30966067,-1.0282861,1.1370819,-1.8683895,1.1914102,1.2458061,0.7459791,1.9370164,-0.78349966,0.64707077,0.6692771,0.69318575,-0.8399049,0.85568106,0.77138,-0.27730176,2.1804502,0.93533516,0.08695288,0.098715544,1.8745353,1.2314066,-0.260768,-0.9746868,-1.94853,0.6632602,-1.3004608,-1.205214,1.199168,-0.8783602,-0.6750036,1.8623816,-1.6307615,0.3742845,0.4281554,0.54751945,0.81036454,0.82526475,-0.83457565,2.2070782,1.2107005,-0.5407475,0.7984912,-1.6539996,0.66900647,1.2184522,-0.8903422,1.182387,0.78805417,0.5674501,-1.4026234,2.0042493,0.63401103,0.96548456,1.3191581,0.39349267,1.5951433,1.6291718,0.8505478,1.6539214,0.46159667,-0.638198,-0.16577092,2.0096703,1.6100705,0.40069813,1.7760568,0.98379487,0.33134842,0.9331546,-0.8711717,-1.0375813,-1.5991899,-0.87512475,-0.1964142,-1.742622,1.2421283,0.9735417,1.7000841,0.49645567,-0.17001088,-0.96011364,-1.8449914,-0.4571781,-1.7708075,-0.87891084,0.17370285,1.8576951,0.38565633,-0.63385844,-0.9837338,1.6237202,0.9342128,2.2970493,-2.0720904,-0.9541349,1.1985068,-0.33453217,-1.0221695,-2.2477567,-1.793108,1.7757638,1.3833851,0.34290972,0.4085574,1.6777325,-0.097937524,-1.5038832,1.2992483
0.35764363,0.7219698,-1.4376582,-1.1134791,0.6000432,-0.95379394,1.6994541,1.2707651,0.3345366,1.7819339,0.05396871,-0.38867885,0.5670884,1.1381671,1.049732,-1.8877995,-0.5799407,0.05012476,-0.55099714,-1.4054077,0.71475565,0.998725,1.1636845,0.56928694,0.1958368,1.0072211,-0.04047479,1.8613296,0.6056476,0.6323784,-0.22023602,-1.457575,2.314615,0.7907621,0.26500016,-0.9227092,0.7259636,0.8991455,-0.12760907,0.6252924,-1.7100143,1.3546693,-0.6453113,-1.747223,-1.6311488,-1.3859423,-1.3466122,0.4647088,-1.6707177,-0.70124614,3.1866207,0.50158364,1.637718,-0.5605784,-0.5960826,0.5406275,1.3354023,0.13675341,0.29864806,-0.8139798,1.5829663,0.8546116,-1.5478522,0.44200826,0.7962497,1.0053134,-1.8602796,1.1737969,-0.81227136,0.2712385,1.2720556,-1.1695787,0.6585291,1.018058,1.2181852,1.820792,0.8229377,-1.1126037,-2.1269057,2.5471704,1.3498368,0.14983708,1.8144342,2.1362057,1.3006209,0.8389655,0.060346644,-1.7368861,-0.759332,-1.0130973,0.45721963,-1.5000666,1.3638176,1.0516137,1.7016969,1.6793061,-0.016364347,-1.422593,-1.3057624,-0.71176445,-1.549311,-0.18973073,-0.30758128,1.2690825,-0.64952785,-0.07217476,0.0941074,2.2110913,0.77188504,1.589171,-2.1850758,-0.670823,0.5171507,0.462779,-1.314477,-1.5614461,-0.08733095,1.3529639,0.87009794,0.6289752,0.17839068,1.4071664,1.2734965,-1.8012856,2.2842774
1.6847435,-1.079771,-1.2028066,1.849336,0.7061956,-0.88768476,0.2911654,-0.2489405,-0.7401281,1.5129997,1.3383185,0.79221326,0.6376253,1.1203918,1.2475663,-2.5555716,-0.75226253,-1.2025062,-0.5053342,-0.35780025,-0.3601322,0.9644729,0.76347196,0.85698366,-0.79371184,0.39151767,-0.6596057,1.9003978,-0.37593994,-0.13475475,0.43851385,-0.020971516,2.5069816,1.6891683,0.66606015,-1.2389965,0.99523634,2.0579464,0.83788204,0.815374,-0.8780762,-0.4773714,-0.11628717,-1.167216,-0.8043767,-0.3278741,-1.295536,-0.12493871,-1.2981778,-0.91325283,0.9958914,0.6802477,0.9526493,0.039428495,0.3900538,0.5977062,0.8773486,-0.3051886,0.113777824,-0.43781155,1.8750721,0.44368404,-1.4416841,1.1628293,0.51628,0.061852075,-0.120513014,2.136315,-0.011181394,0.07502345,0.30357778,-0.08196756,0.63527083,0.2528065,0.7933065,1.1402518,-0.19445956,-1.6568928,-1.3229463,2.624111,1.959175,1.1174977,0.88075364,0.46635276,1.2636855,1.411546,0.32556877,-1.6651947,-1.1598142,0.6164931,1.4238836,-1.3320105,1.6970135,1.482745,2.3210006,2.5004468,-0.6270174,-0.64662915,-1.1143739,0.9734315,-2.1398115,0.076954395,0.22798388,1.3329846,0.65577585,0.81028366,-0.342349,0.5017214,2.6758344,1.9341657,-1.727759,-0.7909161,-0.6831524,0.52767783,-0.35770455,-0.6122718,-0.8762139,1.9757788,0.51724887,-0.048229013,0.5238793,0.7004649,0.7497934,-2.2945864,1.8693687
0.61485136,-0.8742634,-1.9821137,0.84458864,0.08205343,-0.6952407,0.6392307,0.5438962,-0.39632913,1.384969,2.056153,0.35256347,0.69899243,1.1531899,1.4706252,-1.0602803,0.22043094,-1.8735572,0.9423602,-0.67492384,-0.1144589,2.3333008,1.9430001,1.2402428,1.2964176,2.1863732,-0.02356699,1.7904556,-0.6503512,0.24638034,2.3669634,-0.008679654,2.4963458,2.3251994,0.6870179,-1.6595988,0.5503487,2.3011968,1.8727347,-0.8776509,-1.0636886,1.5879927,-0.87052536,-0.528583,-0.83354765,-1.7029762,-1.221227,2.2548962,-2.0723958,-0.15188916,1.1036437,0.07313132,-0.14467932,0.8536444,-0.19152837,0.5952157,0.60182256,0.17918299,0.41127607,-0.25510067,1.9624858,1.2111547,-1.900473,2.1843727,0.8384263,0.6709305,-0.851244,1.511057,-0.17144893,0.31811056,1.0969017,-0.060177594,1.3120575,1.2422236,1.1337882,1.6519508,-0.37402576,-1.850432,-0.74872947,1.9829149,1.0880553,0.6318732,1.0193934,-0.22862831,0.25122985,1.0796949,0.44447073,0.58623624,-0.46152467,0.37340358,1.8942393,-1.6398175,2.8814025,1.5951422,1.5646572,1.7128243,-1.7706987,-0.73032147,-0.88407874,-0.58804184,-0.5952675,-0.82202953,-0.4432013,1.9754913,0.67689985,-0.74274355,-0.38929847,1.4369214,2.346896,2.2690914,-0.852813,-1.3204548,-0.06616871,-0.26367846,-0.9902352,-0.38598183,-0.41418105,2.470564,2.1331272,0.7956537,-0.051771667,1.2203504,0.49252272,-1.5266324,0.11707787
0.66128445,-0.2454412,-1.7916982,-0.80709964,-0.84757435,-0.927179,0.5796784,0.74226475,-0.029236872,1.265806,-0.31579894,1.8624935,1.4961782,2.2148468,1.9963443,-1.7680631,0.064643085,-0.27676833,1.264366,-0.6735243,0.6796285,1.4312164,0.87699485,1.4047147,-1.074497,1.116136,0.72468257,1.0689563,0.06254856,-0.9873365,1.4995838,-0.84896874,1.7248342,1.489022,1.6310939,-0.19200271,0.84408724,2.5629072,-0.33593386,-0.66668695,-1.6077965,0.2921428,-2.882916,-2.5515058,-0.50918376,-0.881201,0.05178294,1.2261442,-2.021842,0.64660597,1.2334583,-0.48365328,1.0711838,0.29267973,0.1258082,0.40151325,1.8004243,-0.9828145,0.2396878,-1.0350654,0.8304002,0.5214162,-1.6615238,1.357507,0.27893323,1.4420965,-1.2768949,1.1417514,0.2746077,0.81779164,1.3443689,-1.8640977,1.1447735,2.1854303,0.7258469,0.759403,0.7033604,-1.0241345,-0.19537236,1.2412978,1.435635,0.94207376,1.3474118,0.9023578,2.5069602,0.7507641,-0.690383,-1.1294551,0.13684487,-0.5637547,0.6944309,-0.64069706,2.3984087,1.4105749,1.4897914,0.9138406,-0.28248423,-0.76556647,-1.6072522,0.34010774,-1.1332271,-0.034280833,-1.2891941,2.5895276,0.158114,-0.67055106,-1.5488408,1.2050017,-0.43367407,0.5098218,-0.9939817,-0.6258173,0.5120746,0.05276012,0.4605976,-2.0908446,-0.74741536,2.850694,2.6390228,1.5759672,1.1576557,1.7620441,0.71793634,-0.4194812,2.2927291
1.7898107,0.08350884,-1.5944763,1.2190918,-0.03671524,-0.885316,1.7234747,-0.06248501,0.9880428,1.9965773,2.8995907,-0.5743745,0.41233602,0.7900132,2.2617424,-1.9720981,-0.20686437,-0.59310615,1.451516,-1.0318199,0.76056445,1.845085,1.2699454,1.2493182,-0.2077841,1.1171651,-1.4753332,1.4699721,-0.5125723,1.4247332,1.5525432,-2.03716,2.7826948,0.6483466,0.41814056,-0.79931384,1.0973177,2.016902,1.2813787,0.050326288,-2.0955806,1.1933872,-1.5443816,-0.54727167,-0.43339747,-2.3017812,-2.0671067,2.6270697,-2.4127533,-1.4538177,1.1291665,1.6525284,1.6441319,0.798799,0.13368784,2.8220613,0.8783621,-2.0941477,0.091552466,-0.8220454,2.7082622,0.55605906,-0.6364492,1.2829823,0.7339612,0.36451754,0.7587937,2.788675,-0.8947322,1.509406,-0.24255036,-2.3712764,1.398127,1.238081,1.3047292,0.3393446,0.8295765,-1.9767202,-0.5226935,3.4103065,2.3191688,1.1873595,2.11386,3.1401308,1.6336734,1.0523756,-0.665361,-1.1784202,0.24902248,0.6683232,2.5129116,-1.5186107,1.7106044,2.298555,3.2586331,2.7045188,0.1283053,-0.511208,-2.7568738,-0.47926223,-1.603819,-0.18734294,0.83128685,1.4302127,0.75402033,-2.0217488,-0.55232704,3.1173549,2.9188533,3.2450938,-2.1379373,-2.316097,0.5214439,-0.24595357,-1.6948065,-2.3605788,-1.4131341,2.9522493,2.0730026,1.64442,1.9843928,1.3882078,-0.78269523,-1.7515721,2.780379
2.0036626,0.53711134,-1.7583696,0.97269064,-1.0332369,0.9539664,0.5510484,1.2396748,-2.0332966,0.9779324,1.7874991,1.0878279,1.2964538,1.6561573,1.1080378,-1.959372,0.3265822,-2.043822,2.1761136,-1.6669825,0.5025927,0.9190063,1.4397019,0.5326339,-0.105155505,1.4883316,1.0816035,0.53508055,-1.072987,0.28185704,0.8749054,-0.1718858,0.9605436,1.0586164,-0.017771192,-1.456271,1.2459319,2.069363,-0.31772667,-1.6180458,-1.2126755,0.022124793,-0.9100987,-0.72202927,1.1627444,-1.1185379,-1.2027879,1.8854795,-2.5178604,-0.6848535,0.98106664,1.0072192,0.34697372,1.2744652,-1.8556155,0.85685134,1.5673988,-0.70363057,0.9786798,-2.4688559,1.4179692,1.4429427,-0.2005022,1.8125137,0.91587114,0.609164,-0.0130036,1.3527927,0.77860475,0.5465731,1.0580987,-1.7289346,0.17921796,0.74886304,1.625768,1.0152793,0.8806384,-1.1989112,1.1917027,0.93460375,1.3698063,1.1285393,-0.18400371,1.5865864,0.66423815,0.70210356,-0.7709735,-1.6710114,-0.3305147,0.3216104,-0.3654461,-0.86320025,2.002763,1.0921619,1.6620761,0.5220996,-0.9274264,-1.7588694,-2.2521825,0.8721405,-1.0815489,-1.1620973,0.18188891,1.7437781,0.48475704,-1.8567413,-1.3302479,1.9737216,1.214174,2.172097,-1.4162749,-0.48754522,0.6113009,-0.5119936,-0.52867305,-2.4251907,-1.0343277,3.1410334,1.7627106,0.20580058,1.9575001,0.37362927,-0.6730961,-0.9813931,0.06853067
0.8149759,-0.37483862,0.18262926,1.0866325,0.3497247,-0.69395834,-0.14070477,0.48684093,-0.82143,0.9103831,-0.04735866,1.2609401,0.16612443,0.7706803,0.38241792,-1.343972,0.10514141,-1.081837,0.7668158,-1.9158474,1.275875,0.25897074,1.3152152,0.6234627,-1.0943935,1.0745258,0.65647596,1.8934734,0.38403106,0.5568789,-0.186045,-0.69374835,2.701611,1.2917907,0.88139266,-0.46616918,1.3104104,2.1858537,-1.2674663,0.56013083,-0.83735186,-0.31146225,-0.4966713,-1.3213242,-0.44743022,-0.47724512,-1.3748844,0.3987689,-0.9396912,-0.11725766,1.355645,1.1015322,0.40458468,-0.5339702,-0.540079,0.099729516,1.1556727,-1.0366383,0.56076866,-1.1868654,1.219393,1.1235355,-1.2330998,1.4131439,-0.763643,-0.61895055,-1.0880842,2.025993,-0.11347021,1.6373888,1.5734588,-1.291144,1.3819045,0.8746059,0.8230106,1.3948321,-0.46903378,-1.12856,-1.421229,3.3405993,1.3339297,1.2503275,0.61075705,1.1767111,0.35965154,2.2387362,-0.55584085,-2.4687066,-1.6243197,-0.07706017,0.47818062,-2.1297207,1.2379518,1.2739536,1.8057328,0.9346774,-0.39990088,0.061941538,-1.4872179,-0.50478274,-0.77898824,-0.7089311,0.12487353,0.5630621,0.84961236,-0.96397567,-2.0002706,1.3720766,1.9462887,1.1620041,-1.0288603,-0.65638554,-0.476798,-1.067688,-1.4423133,-0.72889286,-1.2887554,1.7506601,1.4595325,1.347293,-0.82281375,2.3412964,0.41639954,-1.6463188,1.4399552
0.48963213,0.08240432,-1.3614844,0.5865308,-1.5783409,-0.905043,0.84199953,1.8289696,-1.6235406,1.5770088,0.1493255,0.8879604,0.8140708,1.3463892,1.5271479,-1.6069592,0.6627835,-1.2342567,0.780287,-2.0440528,0.7320598,1.496619,1.3741423,1.3901789,-0.6098632,1.172636,0.3241934,1.8313129,-1.1524262,-0.29865953,0.6004198,-0.7204104,0.9296153,1.024165,-0.058180213,-1.3996588,0.95046574,1.2520809,0.30594265,-1.923316,-0.38691232,0.19387779,-1.7304654,-0.93555415,0.6581752,-0.81168383,-1.0390058,1.4932427,-1.8654488,0.47219777,-0.31385496,-1.1042304,-0.41858682,1.821797,-0.90993106,0.87580746,1.2072453,-0.065715194,1.2877978,-2.288073,0.63848186,1.1866064,-1.4823241,1.3226991,0.5867066,0.8228743,-1.3887237,0.2842653,0.49372777,0.4305648,2.1785047,0.63308555,1.3679131,1.3758882,0.8070806,0.55206937,1.747197,-1.2691605,-0.6953043,1.3973732,1.3864303,0.8140191,1.0435907,-0.010162458,1.0682721,1.5062135,-1.2628655,-0.5603574,-1.4208099,0.35241044,0.65024453,-1.6214117,0.9415767,1.4473375,1.2214161,0.03356534,-1.0269947,-1.4091657,-1.5929896,0.44546336,-0.9719873,-0.26053697,0.33590996,3.3421104,0.90405273,-1.4971972,-0.39095014,2.35585,0.47798204,1.5649712,-1.7449073,-1.1458952,0.2239249,-0.070901565,-0.6035367,-2.020083,-2.1026766,1.6668453,2.4093788,0.09050734,0.06593989,1.8553377,0.68013906,-2.3308403,0.6683765
0.37658378,0.28416532,-1.1589617,0.14413501,-0.3933342,-0.41104054,0.737484,1.4023327,-0.43120492,0.9370578,0.97690684,0.0093926,0.64573455,1.1217307,1.3677895,-1.3684196,0.73798853,-1.0293136,0.25668266,-0.9786799,0.5416841,0.6383335,1.0945929,0.040193345,-0.7008259,-0.011723574,-0.15432757,1.5942146,-0.06511441,0.2806876,0.12604399,-0.8733826,1.9328282,1.2571027,0.13705565,-0.6912872,1.421355,0.6308242,0.579115,-0.6650869,-1.2599769,0.22110043,-0.52636313,-0.99585146,-0.82748276,-1.0811867,-1.0583465,0.4961031,-0.60252744,-0.5789527,1.6971501,1.092121,0.5952423,-0.34163946,-0.16600096,1.1238877,0.943203,-0.09101872,1.1865543,-1.1615741,1.5150605,0.5823775,-0.6511838,1.5111147,1.0609267,0.8407888,-1.215995,1.0145844,0.10262537,0.1012772,1.0751606,-0.12533471,1.2012105,0.7978928,0.46876484,1.8390483,0.91216135,-1.6491109,-1.2717546,2.1323636,1.3923266,0.44046044,0.6776936,1.4201922,1.7331755,0.4855835,0.558234,-0.868874,-1.4311649,-0.9037144,1.4709785,-0.15658183,0.8840879,1.266608,0.51540554,1.2513907,-0.115175255,-1.383052,-1.3564867,0.021120107,-1.4595125,-0.8956469,-0.45363662,1.5766768,0.52567124,-0.23323762,-0.029894168,1.5014565,1.3605708,1.4343032,-0.4082114,-0.48469752,-0.15816116,-0.51988304,0.07920762,-0.7815468,-0.45533377,1.702332,0.7064095,0.5763319,0.30766454,2.1909604,0.66803,-1.4397328,1.4775394
0.7864135,-1.3481737,-1.181286,1.4870534,0.017571483,-1.5759807,-0.45172378,-0.35446706,-0.80386317,1.2147268,0.14715016,1.2626317,0.7406087,0.532053,2.0902963,-2.1483197,-0.6097586,-0.43311456,0.12454068,-0.32172728,-0.47698778,1.0884752,2.2915854,-0.48880026,-0.7699475,1.0709633,-0.7599838,1.2910943,-0.91686344,0.65504533,1.4477727,0.11272342,2.3548288,1.3511871,0.8566735,-0.7059209,1.5220313,1.9928213,0.19510745,0.42458582,-0.8631664,-0.6303243,-1.3349643,-1.1180466,-1.7375684,-1.5417895,-0.021806303,1.8467741,-2.5420089,-0.5092118,1.0420057,0.31815177,0.21912308,1.1055464,-0.15899459,-0.26985118,1.4323542,-0.61652863,0.89453155,-0.1404456,2.2214582,2.1326692,-1.0092226,0.42153898,0.2182567,1.1151475,0.22848096,1.5749832,-0.5995986,0.013490096,0.7020458,-0.97999567,1.1124368,0.6642183,-0.29969013,1.0488229,0.5856913,-1.3493828,-0.58354723,2.652894,1.589659,0.6878539,0.7485074,0.18427727,0.7865556,0.90164816,0.58995324,-0.82907444,-0.33010328,0.7927601,1.3640746,-1.0275958,0.7614148,1.8083949,0.6855915,2.5073912,-0.18764357,-0.10739157,-1.0922153,0.1829055,-0.68494064,-0.30153608,-0.98815995,1.9604448,0.18583389,-0.5920127,-1.1157206,1.108644,1.9264244,1.7068057,-1.5370721,-0.023548294,-0.764822,0.21583894,0.16363071,-1.1325427,-0.36426228,2.1119359,1.209986,1.2845466,0.028691728,2.3811157,0.7649331,-1.767264,1.139637
-0.11743354,0.042106226,-1.0206825,-0.36813885,0.24479795,-0.9187255,1.6609182,0.8072123,0.24623749,2.09212,1.2386527,0.22971137,-1.0018313,1.6090337,1.673526,-1.5694656,0.23973837,-0.3058222,1.6998168,-0.0340785,-0.5630065,1.2520773,0.595297,1.210994,-0.73365337,0.51184905,-0.7303871,2.0491166,0.86722714,-0.76033777,0.29655266,-2.2251964,0.9266609,1.774627,0.54951406,-0.8785397,-0.011972398,0.21998334,1.0349914,-0.12877005,-1.7187682,0.6516135,-0.90667677,-1.8744221,-0.49204257,-0.9206504,-0.97954494,1.1125648,-0.22803384,-0.27064162,0.0499317,0.61917305,1.4147793,-0.9532748,0.01741173,-0.008462842,0.7940676,-0.69932264,1.0049773,-1.1858039,0.271823,0.25959477,-0.9740819,1.4365984,0.945113,0.66342956,0.04301206,1.1340301,-0.98293304,1.0487603,1.3357661,-1.4562485,0.75915337,1.013365,0.8491754,0.44050863,0.23121524,-1.5407511,-0.25962472,1.9654986,1.7566674,1.6935837,0.8570695,1.7808762,0.9499669,1.3934801,0.018680993,-1.0297744,0.39987996,0.03988783,1.0530168,-0.15604973,1.4477499,1.3780234,1.3755022,0.82777876,-0.38360158,-1.1523226,-1.5622598,-0.63840425,-1.2152307,-0.2564334,0.67439413,1.25848,-0.15474413,-0.07530278,-0.7300409,1.1608752,1.3228858,0.5863199,-0.790573,-0.93336606,0.11016201,0.8686713,-0.16113944,-0.9675566,-1.3209672,1.7647111,1.0047625,0.7078525,1.108662,-0.4252016,0.47591925,-1.679817,2.4312394
1.4982085,0.0059012845,-1.3638295,-0.9737478,-0.86838055,-0.9561262,1.6622223,2.3783538,-0.40329728,2.2865465,0.48724425,0.67620796,0.10243603,1.9344085,2.0889747,-1.9859056,0.41437867,-0.92909086,1.2314023,-1.5014731,-0.9588923,2.9932442,1.8352392,1.8760455,-0.9516086,0.63443094,-1.0159988,1.8942664,0.33024308,-0.5381105,1.8582609,-1.1741855,2.403407,0.96133345,1.192261,-1.1014414,-0.25673896,0.75325274,0.36882162,-0.37618023,-0.26738715,0.31978557,-1.2086904,-1.5069615,-1.5646814,-1.3498538,-1.5472683,2.1121774,-2.477708,0.3426306,1.9904978,-0.8416565,1.0034381,0.1249252,0.17623556,0.62221444,1.4619406,-0.4705495,0.4444392,-0.7319528,1.5313957,0.17328784,-1.142569,1.1942893,1.852492,0.95120454,-0.70922935,0.8712478,0.06418122,0.30941272,1.4729239,-1.9412899,1.8492478,1.9553006,1.1444532,-0.12328877,0.83052325,-2.3168676,-1.0829177,1.6994363,1.0547459,1.3089516,2.1274543,0.40294656,1.541158,2.264837,-2.1353028,-0.13835657,0.7495333,-0.25295272,1.5194684,-1.0359644,2.2883077,1.972737,2.207358,1.2673372,-0.65215176,-0.1904856,-1.5937417,0.93967617,-1.2531421,0.8818076,0.18486147,3.2779083,0.19654688,-0.92995584,-0.74313307,1.5580729,0.3872266,1.7080097,-1.8346878,-1.4783914,0.62792075,0.44568208,-0.1769178,-2.7294214,-1.8929148,2.392582,1.5806412,1.6369867,0.9216112,0.29035622,2.0524464,-0.9569574,2.9105122
1.2427466,0.4505347,-0.8159969,0.30479676,-0.44884557,-0.45285645,1.6339518,0.60423684,-0.8082219,1.2102704,1.3543454,0.30394152,0.40314695,0.7549012,0.51486754,-1.2613215,-0.50921,-1.5531807,0.19918865,-1.5760235,0.65314966,1.165861,0.95643985,0.95234585,-0.7103375,0.591027,-0.09852322,1.6929406,0.17264353,0.22716638,0.097798884,-1.1413784,1.7007428,1.1700532,0.63878715,-0.5419569,0.9350205,0.5104597,-0.12699582,0.4081189,-1.4222357,1.2315245,0.30487373,-2.1627147,0.5421242,-1.190154,-1.5608371,0.9145356,-1.1356832,-0.4419283,1.194978,1.2162538,1.363606,-0.17150818,-0.48187497,1.4371547,1.2858458,-1.0438226,0.49070236,-1.688116,1.1771294,1.3916701,-1.4731609,1.293046,1.394021,0.18257631,-1.2300808,1.0752292,0.18171322,0.4539586,1.3734902,-0.56578237,0.7270575,0.77116877,0.9845795,0.5724321,0.44467038,-1.3026326,-1.4168937,2.0184357,1.029834,0.8704229,1.3486844,1.3983077,1.1695783,1.3465143,-1.408396,-1.900562,-0.35942972,-0.9703965,0.30118144,-1.2493514,1.3436621,0.3405687,2.226995,0.3920217,-0.52070624,-0.5912067,-1.4366715,0.39360246,-2.492041,-0.42000914,0.87486637,2.1090147,0.027890176,-0.25677514,-0.92952967,1.4922854,1.8533626,1.4942477,-1.7281866,-0.50025815,0.24538018,0.12792017,-0.15169738,-1.6515601,-0.5571069,2.307778,0.4135989,0.17474248,0.6807907,0.6742442,1.5757039,-1.9214451,1.3218629
1.1498891,-0.61519635,0.3953089,0.46542814,0.7799474,-1.4220654,0.36218378,0.5410697,-0.57935447,0.12708792,0.59282714,0.23860332,0.6053105,1.0475045,1.1986995,-1.0693389,-0.07050576,-0.814311,0.7369003,-1.0752697,0.2938986,1.2413689,1.5706003,1.3241857,-0.049494,0.5988619,-0.63452965,1.715732,1.4853811,0.2583991,0.08385824,-1.4494104,2.601704,1.8203751,0.5604679,-0.14486748,1.0842731,1.1508706,-0.12768316,0.9109975,-1.2013412,-0.71880597,-1.323981,-2.3022907,-0.8881223,-1.7837197,-1.2140319,0.8685359,-0.8984392,-0.51655734,0.36426094,1.1074226,0.97677726,-0.4269474,-0.41035762,-0.10845794,1.234198,-0.3727071,1.051037,-0.3016169,-0.13535294,0.31145194,-0.90760595,1.0544248,0.2782771,-0.10066764,-0.41674513,1.6735493,-0.6678311,1.0741099,-0.1645263,-1.6242193,1.7042248,1.6145861,1.9318533,0.7258582,-0.13077232,-1.0031103,-1.033898,2.018327,1.4806979,1.6276845,0.7810169,0.82987225,1.002722,1.54589,0.42318326,-1.3888599,-0.01080073,0.5911127,0.6377369,-0.9085952,0.9809015,1.7213614,1.0984359,1.4757086,-0.32285038,0.034867804,-0.4723831,-0.10936267,-2.028834,0.3198068,0.9676745,1.3124688,0.4836082,-0.81695324,-1.0960248,0.817973,1.1678051,1.1286962,-1.4897592,-0.6043266,-0.6583147,0.42684892,0.044620045,-0.86901814,-1.3268541,1.7137783,0.37278235,1.444105,0.24454698,0.34901738,1.138862,-1.8618039,1.8856906
1.4306891,1.328846,-2.0841217,0.09581563,-0.9412143,0.5128449,1.120896,2.0278866,-1.1981826,1.2635615,1.3481029,1.1937747,0.9854876,1.0791413,1.1404197,-1.489797,-1.3982128,-0.83319294,1.6184849,-1.8639398,0.5460479,1.5063156,0.803983,0.20727107,0.22007905,1.3520948,0.91189057,1.4346306,-1.8944409,-0.49726993,0.3985027,-1.1877855,1.1177279,1.3629507,0.23373759,-1.8751329,0.31187442,1.739568,0.27509737,-1.326363,-1.5682118,0.63524055,-0.8327538,-3.0490675,0.2524952,-2.2209928,-1.0544999,2.293831,-1.2476928,0.5848625,0.97949225,0.28248042,1.212911,1.1907384,-1.5547731,1.2791117,0.9683473,-1.1293379,1.311726,-2.0995,-0.003974937,1.5575367,-1.8075811,1.803423,1.6164383,1.0777336,-0.6850506,0.5541984,0.7160013,1.29032,1.5184014,-1.741463,0.33572692,1.4259322,0.6931231,1.0724865,0.61226,-0.93351525,0.59852856,1.4752835,1.7826837,0.5613204,0.1311849,1.3503251,1.2252659,1.3809493,-1.0187466,-1.750521,0.12357235,-1.3926105,0.18189764,-0.43848255,1.9001174,0.45779142,1.5957524,-0.145426,-0.5440373,-1.9774096,-2.3073485,0.25421503,-1.6005807,-2.177948,0.08957187,2.1227238,0.2709021,-0.95870245,-1.5746086,3.0788968,1.8322202,1.4491935,-2.033296,-0.116993636,0.7232403,-0.35422394,0.6721698,-1.7810602,-0.32202294,2.9476697,2.2717135,0.5099955,1.657265,1.1722838,0.9669524,-0.96194553,1.4992846
-0.15923955,0.53753275,-1.0282956,-0.0014558807,-0.0761602,-1.7088761,1.2216744,1.3549744,-0.5056593,0.9730674,1.6551247,-0.020830294,1.7392361,0.70412356,1.7597562,-0.6166392,0.5438926,-0.7142994,1.5213412,-1.9043431,0.5928791,1.7983532,1.6761023,0.6960051,0.03193879,0.61991376,-0.5033991,0.81645924,-0.03189362,1.4218721,0.8409767,-1.94614,2.9759624,0.7221916,0.57590014,-1.8283014,0.8999046,0.43882203,-0.018069644,-0.5735798,-0.9583453,0.07324553,-0.8792461,-1.609313,0.044507943,-1.9230931,-1.7104323,2.907326,-0.72594255,-0.42487165,1.0186849,1.4765129,1.0095197,-0.3816681,-1.358662,2.148826,0.83072877,-0.8600742,1.5685933,-1.7360685,0.15723097,0.956281,-1.0130963,2.350926,0.71331817,0.72229624,-0.8920163,1.837397,0.095781095,1.0286005,0.875336,-0.92481905,1.477035,1.5610356,1.5538387,-0.18659115,0.46225494,-2.4759436,-0.61543864,2.2251863,1.753249,0.51434547,1.0157348,1.7636789,1.6047137,0.8338485,-1.0582671,-0.5528579,0.7868428,-0.37549275,1.1894363,-0.9549642,1.4782403,1.6806601,2.959013,1.5408928,-0.4650535,-0.9010668,-2.368794,-0.40052274,-1.9124959,-0.38104814,0.27811056,2.5086632,0.0013115685,-0.95893687,-1.5085683,1.8949995,1.7312626,2.3379598,-1.3051276,-0.87476367,0.43728057,0.6748488,-1.0015945,-1.3339559,-0.8894355,1.7281891,0.92460924,1.5192013,0.5529294,1.0642523,0.8694742,-1.9439698,2.3471663
1.9982231,0.8823327,-2.8023849,0.78044033,0.014334222,-0.6966324,1.144201,1.4930078,-1.5683026,1.7159221,1.4560658,2.1752524,-0.94771916,1.4277589,2.1507146,-1.9477193,-0.47173262,-2.5558925,1.6995672,-2.637034,1.1367687,1.8939565,2.165175,0.284974,-0.25989252,0.8669175,-0.4070352,1.3200233,-0.51699084,0.34609833,1.5699054,-1.2111918,1.9746245,2.7908099,0.3064611,-1.7831718,1.3570259,0.9731314,1.2779076,-1.2215704,-1.76311,-0.5310273,0.14120099,-1.319289,-0.71000004,-1.5997725,-1.2201525,0.23302875,-0.1125497,-0.47932848,1.74786,0.92201054,2.41196,-0.4883827,-1.3710128,1.3750712,2.503645,-0.86752045,1.0064594,-2.192596,2.2434878,0.89332944,-2.0451937,3.0833673,0.7823425,0.9034034,-0.8824674,2.1726997,-0.6367883,0.90242696,0.8252909,-1.6961749,0.8391908,1.4896667,1.7985778,1.7237207,-0.72893435,-1.7443936,-1.5514011,1.5542951,1.9290029,2.186982,0.18148917,2.0922487,0.3742702,2.1364594,-0.41157386,-0.9378074,-0.40196678,-0.2535181,0.9754365,0.45592123,3.100407,1.714055,2.5176556,0.6984969,-1.0268974,-0.5827073,-2.6682675,1.1041839,-2.3369567,-1.8632764,1.1699034,3.122472,0.5892667,0.009128414,-2.142524,0.35891655,2.7276664,1.7964895,-1.3520868,0.114940986,0.568026,-0.053816665,0.2867191,-0.59788036,-2.6022747,2.4597163,1.6316869,0.5147474,0.9612234,2.0382123,2.1399214,-2.145894,2.4030042
0.2798275,-0.030608859,-1.0861266,0.9263819,0.2690426,-0.88991064,-1.3097631,1.2447649,-1.325769,1.4464535,0.31398857,1.6556402,0.2015078,1.532664,1.6814219,-0.63583815,-0.059710994,-1.7939613,0.4114703,-1.1251137,1.6136357,0.88671404,1.9880612,0.6803032,-1.4116617,1.9380231,-0.38030726,1.8142438,-0.61275935,-0.31660965,1.0377195,0.12368754,2.1720774,2.324709,0.94464844,-1.5079174,1.0015945,2.0759497,0.50020176,-0.6497469,-0.8845746,0.10705981,-1.7710147,-1.7282343,0.22461799,-0.16009985,-0.58900905,1.5848505,-1.9062485,0.12861194,0.6646206,0.7436057,0.82179177,0.4116392,-0.311081,1.3155639,1.3481708,0.49941668,-0.7928624,-1.8511604,2.0626225,1.5441586,-1.8520145,1.3167748,-0.8069803,0.9337376,-0.8451099,1.1353492,-0.26134568,0.62445354,1.791203,-0.16128224,0.26382798,0.9749029,0.9539225,2.2648487,-0.17767118,-0.5688654,-1.8389688,2.0087657,2.1146467,1.368797,0.7612478,1.2498572,0.7960077,1.0845377,-0.059813518,-1.2326945,-0.453364,-0.4119765,-0.4107472,-0.6328417,1.6542138,1.3403974,1.1984034,0.4727712,-0.93413305,-1.059491,-0.79452664,-0.16431773,-1.1911513,-0.5935705,-0.4980204,1.9584401,0.5795297,0.39566055,-1.3284569,0.8641773,1.3546333,1.108532,-1.4748205,-0.65598917,0.45524484,0.6062437,-0.6135295,-1.0127755,-1.5750257,1.0319095,1.4911398,0.22654057,0.90791446,2.388379,1.3861765,-0.6937491,1.9528918
1.1822718,-0.034490965,-0.31514508,0.90220326,-0.34706903,-1.1379484,-0.11894092,1.1802924,-0.9963167,-0.41686377,1.5397323,0.51216054,1.5922849,0.85257214,0.7861342,-0.61926264,0.6315388,-2.139722,-0.50738245,-0.8845035,-0.6448551,1.5777014,1.9605365,1.1403593,-1.7728013,0.2779672,-1.0754972,1.8522742,-0.3186937,0.37926602,0.6000492,0.28293836,2.3366857,1.5406854,0.40258244,-1.148174,0.79698336,0.4467279,1.1200546,0.24348976,-0.17607734,-0.25178766,-0.9474201,-0.83603674,-0.9613874,-0.2536857,-1.427203,1.7188123,-2.0394773,-0.32014686,0.8531582,0.883462,0.60446066,-0.908066,-1.4778088,0.77969474,1.328996,-0.60073817,0.5350601,-0.8512995,1.3105662,1.2484896,-0.38799238,0.2516242,0.5147027,0.54942834,-0.392419,1.2732388,0.05895657,0.93365175,0.557955,-0.07762146,1.6138893,0.43217713,1.3401092,0.7507103,0.7180601,-0.92267567,-1.6192439,2.6112947,1.5018682,0.34363848,0.34247068,1.1591998,1.3544363,1.3304267,-0.3748409,-1.0347502,0.016424801,-0.24582267,0.31736887,-0.9879857,1.5560175,1.8237191,2.8628774,1.7279823,0.1870189,-0.37672877,-0.97100806,1.0033666,-2.4225724,0.014715501,0.029656366,2.553022,0.61292505,0.9975957,-0.93659014,1.50281,1.5127184,2.3727539,-1.4713042,-1.3926,-0.4216706,0.7491488,-0.084189236,-1.8795024,-1.2092109,0.81124866,0.32770866,0.6724643,0.5995948,0.58924896,1.4774654,-1.90628,2.5431213
0.13450581,-0.6882161,-1.1013898,0.3273431,-0.5718227,-0.73320925,0.6056161,-0.7798616,-1.2707543,1.1392206,0.37100288,1.4440002,0.9366369,0.36826718,2.1838562,-0.7232806,-0.07606818,-2.7572792,1.5931089,-0.8322303,1.1109262,1.511864,0.76445127,0.30472007,-0.6499095,1.4014761,0.4928084,0.18382126,-0.43917644,0.17476694,1.6933984,0.15316898,2.5250087,2.0194738,2.8924003,1.1333681,1.571955,0.87546515,0.003750749,-0.28451556,-2.3951793,1.0245007,-1.1412375,-1.1814731,0.1785757,0.38126865,-0.37096775,2.4285467,-1.8338637,0.65791696,1.5370744,0.473772,0.26623344,0.892462,-0.48675057,2.1514838,2.310432,-2.1858497,1.109855,-1.8230814,0.4768896,1.2438009,-1.0021706,2.3261886,0.6776407,-1.0032216,-1.4079959,0.98953897,0.63839406,0.90961266,1.7435659,-0.5256868,1.630629,1.4541328,0.54032624,0.2778018,0.5026804,-1.4349173,-0.881065,1.7915543,1.2046775,0.55387604,1.6797957,0.27717045,0.71129006,1.6479605,-2.1357985,-1.3283533,-0.976882,-0.8024422,0.74764985,-1.8262134,3.3882582,1.3650742,2.2029867,1.0052571,0.006733123,0.18895806,-1.0639241,-0.47408608,-0.9758484,-0.27039772,-0.493889,2.4092624,0.16547744,-1.0766914,-1.8870385,1.1022127,2.676183,2.595059,-1.7091936,-0.924834,0.11561232,0.58272046,-0.87736154,-1.7396381,-1.1066238,2.2713022,2.883449,1.0806735,1.4573272,1.7139963,1.2516184,-1.0822853,1.4483612
2.9088857,0.57618105,-1.4502715,0.85732335,-0.28053457,-0.97739756,1.1912909,0.27519092,-0.7260003,-0.3448162,2.657774,0.42435282,0.32814705,1.7390788,0.86572653,-2.0350738,0.032891586,-0.8825345,0.8836525,-2.5831094,0.60510164,1.8535771,2.7100601,0.7982912,-0.6322778,-0.44199595,0.05283992,2.695104,-1.80966,0.3934742,1.6943073,-1.4464138,4.1422405,0.9883091,-0.43935573,-1.3736703,0.6984313,2.587793,-0.010358311,0.16090424,-0.22203007,-0.16830756,-1.136441,-2.2294736,0.33771503,-1.459099,-2.9058237,1.7607721,-3.5761409,-0.10011912,1.049447,2.0892909,1.272608,-0.6406043,-0.20938848,1.0381333,0.79193264,0.5786078,-0.0126705095,-0.44748855,2.2354605,2.0424218,-1.5587366,2.0455098,0.60482746,-0.36382097,-0.21750139,2.751855,-0.64961666,0.873871,0.791198,-1.5870715,1.036555,1.0148717,1.0228202,1.3195672,-0.70385504,-0.8784976,-1.2436376,3.5264595,1.8355769,1.9102294,0.7418069,2.0525007,1.632101,1.5285922,-0.16808489,-1.6537133,-0.1634092,-0.5252122,-0.35977256,-0.97078997,2.1529791,2.0988681,2.722858,1.2398983,-0.50320494,-1.0955544,-1.6421622,0.9073055,-2.886421,0.720177,0.68864334,1.7027909,1.6465931,-0.85998875,-1.4922148,2.1653883,1.5030087,2.6762414,-2.1856558,-0.9165233,-0.019139737,-0.51805127,-0.6976489,-2.7579715,0.1175694,2.8956697,1.7386167,1.2655534,0.7807318,1.2551513,0.022529088,-1.8655479,2.0652013
0.38273907,0.032746796,-0.279967,1.64451,-0.49294102,-0.26388702,0.58283603,0.9933129,-1.4856333,0.8282985,1.1718278,0.8052849,-0.2424756,0.3221674,0.783526,-1.8143556,0.3547279,-2.0392025,0.8923715,-1.5524851,0.27418283,-0.15753447,2.2010896,0.6207787,-1.4380387,1.319089,-0.12848765,1.6173261,0.0084946435,0.22314042,1.1838162,-1.819214,1.9561166,1.9967647,-1.8309057,-0.66781247,1.599088,1.8750241,0.09597396,-0.7586841,-1.3600502,0.275371,-1.2846355,-1.8679867,0.115993045,-1.8782669,-1.686661,1.0535076,-1.0531247,0.2972587,1.4170386,1.0157536,0.85186934,1.129273,-0.04180695,0.8358333,1.8368046,-0.101349816,0.75534993,-0.9158934,2.0324185,0.5590879,-1.2413375,1.3290565,-0.45415333,0.52151597,-1.1232988,0.9407209,-0.6225314,1.7203472,1.3302073,-1.6509143,-0.6843583,0.856687,-0.34392172,0.6991684,0.3651697,-1.8792225,-2.0753222,3.0894136,1.3745586,1.2836894,0.048486993,0.987464,1.9129074,0.43976843,0.0400027,-1.1687577,-0.2202271,-0.029276751,0.4100772,-0.80201185,1.3040669,1.2639627,2.0242248,0.072192445,-1.1653053,-0.39671502,-2.1309447,-0.23458478,-1.5100284,-0.8852638,-0.5744243,1.3624476,0.26928827,-0.6954778,-0.74503493,1.4520296,1.7862315,1.3050729,-0.6363888,0.26100877,0.08435366,-0.8836862,0.5555497,-0.717599,-0.82556444,2.4132924,1.0161167,0.76444227,-0.7372421,2.2156606,1.3743577,-1.3428549,2.1727014
1.8070719,0.0018807761,-1.298768,0.38450947,-0.62900966,-0.9046003,0.45867628,0.22406793,-1.3211762,1.0153384,0.65750533,0.9075848,0.32719877,1.2687312,1.415697,-1.0749953,0.020527655,-1.2904817,0.37045026,-1.7692416,0.3157705,0.98901194,1.2249948,0.6904341,-0.77961457,0.41174522,-1.2078747,1.5873569,-0.5612418,-0.24647823,1.4523062,0.4115976,3.2390075,2.1156907,0.05193173,-0.6766457,1.6309243,2.8874342,0.51579314,-0.79729134,-1.6229622,0.31249803,-1.5790088,-0.9565078,0.077369414,-1.7287757,-2.127619,1.0319285,-2.1031995,0.17677742,2.0681868,0.07724463,1.8334565,0.35419452,-0.5087811,1.7944148,1.5983341,-1.2818862,1.2606041,-1.1563435,2.1239357,1.0555073,-0.7592218,1.3822646,0.89020157,-0.22060373,-1.2534605,1.7158959,-0.1347727,0.54854894,0.56383085,-1.2188218,1.4274677,0.36733595,0.15788683,1.220384,0.54304993,-0.9388526,-1.392226,3.1962311,2.640164,0.57772833,0.5308736,2.076282,2.1903675,0.78514975,0.08079107,-1.4832661,-0.6067158,-1.107036,0.7969552,-1.0581268,1.3308938,1.3281101,2.433709,1.4100906,0.10925436,-0.98979187,-2.3648684,-0.5193662,-2.0205965,-0.67048055,0.5550187,2.2435963,0.53444207,-0.78696585,-1.6822374,2.1456375,2.3449376,2.4459572,-1.8640103,-0.19234392,0.5723053,-0.4438529,0.73257226,-1.4194492,-0.39714804,2.0317843,1.101713,0.39672938,-0.36176595,1.8858095,1.5571215,-1.1979206,2.230226
0.6744845,0.24694622,-1.491249,-0.319798,0.9481555,-1.0048579,-0.013379663,2.7875063,-0.78255564,0.6645248,1.1744238,1.9775558,0.32779872,1.2171438,1.4444541,-0.9648796,1.0680404,-1.5637875,1.2576464,-2.0131917,0.57384086,2.7801147,1.4748588,0.75085664,1.0453451,0.69300914,1.5919509,1.1179135,0.61610025,1.0665987,-0.051896993,-0.45243654,2.0116293,0.5443187,0.19699958,-1.36496,0.97052735,0.113612786,0.5399243,-1.7925793,-0.7432846,-0.017108887,-0.23639219,-1.5459257,0.18799457,0.43724075,-0.37513086,1.0826241,-0.93233556,-0.36694637,1.0950544,0.63304573,-0.16926156,0.306377,-0.53106683,0.55977446,-0.19003052,-0.14817792,0.33262566,-2.2654757,-0.08673222,0.6546728,-1.5134938,1.1692499,0.07109518,0.36556673,-0.9630156,0.4907976,0.8754074,-0.20491138,1.032081,0.17693539,0.6415338,0.93785775,1.4469829,2.0442765,0.49870348,-1.3946877,-1.2082466,1.1372993,1.6639624,0.8932963,1.4846642,0.31546625,0.14853847,0.42052066,-0.0055506015,-0.5874336,0.5336795,-0.8638154,0.4500166,-1.2805986,1.442187,1.3633194,0.44433877,0.596707,-0.6765416,-1.5241129,-0.66219705,-0.28639445,-0.4890578,-0.4407213,0.1029533,1.5452036,0.77399814,-0.61710745,-1.2672024,1.5769756,1.0171337,0.68060845,-0.7578571,-1.4059778,0.12610699,-0.5467726,-0.18343869,-1.0539309,-1.2749224,0.84204537,2.4325016,0.16206871,0.4086005,1.012857,0.02186675,-0.85798764,1.5219446
0.81359965,-0.5208322,-1.8325595,0.04420758,0.6909372,-1.2213436,-0.41908944,0.87426656,-0.61390334,2.1280966,-0.3031594,1.5253832,0.18889454,1.4441246,1.1321578,-2.1278324,-0.47654387,-1.6088015,0.5445196,-1.9984405,1.0991518,1.1469524,1.03544,0.69211304,0.038269125,0.4715953,-0.3643032,1.4701483,0.22740985,0.6001509,0.2683014,0.36274573,1.1517227,1.8487068,-0.086875185,-0.65732676,1.38915,1.1227065,-0.13165456,-0.13905492,-2.4970186,0.66068184,-1.1255877,-1.8637755,-0.032602627,-0.96216047,-0.6835896,1.186722,-1.0487981,-0.061814513,1.3172277,1.4004004,0.2372235,0.17648637,-1.8642545,0.30943796,0.23859298,-0.654548,0.6447919,-2.2557697,0.88713783,2.3481414,-1.52071,1.2583798,-0.020729527,0.62924445,-0.5554773,1.0070539,0.6607186,0.1345152,1.2715852,-1.4313724,1.4964037,1.053138,1.0535746,0.92150617,1.3716112,-2.1196535,-0.76670146,1.0604455,1.7155918,1.591651,0.4576616,1.6721413,1.2353891,0.7111548,0.58950007,-2.6137235,-0.69649047,-0.39099377,-0.19359267,-0.8190064,1.4737087,1.1577969,1.0055555,0.57076985,-0.7007231,-1.8308095,-1.5835412,-0.76267254,-1.3490703,-0.7311155,0.32883632,1.129329,0.8013215,-1.5735506,-0.26435217,1.9539281,1.2912933,0.67069215,-0.21734062,-0.87286216,0.4592182,-0.07953498,-0.69795907,-1.3124826,-1.2766296,1.5439622,1.203589,0.48156926,0.84630513,2.903382,0.43709147,-1.0066944,1.1633941
1.0702646,0.3849798,-1.0712813,-0.05419787,-0.56822413,-0.6784911,0.28919545,1.6407427,-1.0371246,-0.31384903,1.2192422,0.9321166,0.72202975,0.9368822,0.74711114,-1.4486716,0.68094635,-0.70084256,0.44908226,-1.5905969,-0.016131949,1.1748499,2.262225,1.0329778,-0.92572397,1.202145,0.10824356,1.9778556,-0.6294665,0.598786,0.55939347,-0.67829466,2.5607607,1.2378968,-0.3629963,-1.4049605,1.1354034,1.3876979,-0.36983293,-0.0555582,-1.0757512,-0.19325598,-1.1388073,-2.0619574,-0.1521704,-1.3388382,-2.013145,1.8989313,-1.5782119,0.70051706,1.4488218,0.67727023,0.15194386,0.10995262,-1.3000678,0.4667861,1.625179,0.078148216,0.63350743,-2.1853948,1.0572177,1.5147288,-1.3142505,1.1555698,1.4863886,0.053080957,-1.2806544,0.7127574,-0.18045065,0.73783034,1.9175246,-0.37697473,1.4582065,0.6339845,0.23942864,2.0948906,-0.39277196,-0.5328522,-1.4746698,2.5636349,2.0677607,0.53664124,0.85556483,0.27902102,1.1384726,1.774413,-0.1645015,-1.651487,-0.5140023,0.25469512,0.107517645,-1.91806,1.4913042,1.1003406,2.5035198,1.1931529,-0.7976073,-1.0196195,-1.725706,-0.16390793,-2.0417786,-0.34063613,-0.33485863,1.4364201,1.165353,0.44231316,-1.4007564,1.7165197,1.6320621,2.120791,-1.7124702,0.016645286,0.24152716,-0.87105864,0.25683084,-1.1627821,-0.112790845,1.747766,0.72092557,0.46097064,0.1557587,0.87573814,-0.04052531,-1.4869213,0.5692286
1.9463362,1.1399645,-1.5217152,1.4373353,-0.76936215,0.43905407,2.4274662,2.0816357,-1.6186713,2.2720532,2.4820502,1.1556072,0.86737305,0.9228805,1.3861874,-2.3244765,-1.1469,-2.996259,0.82908416,-2.8019366,1.1796706,1.8072925,1.6721978,1.341534,-0.5380046,1.59129,0.8637461,0.47056177,0.012575993,0.03843239,0.7061103,-1.8730251,0.97731453,1.6483219,-0.97328603,-1.6784751,1.645178,1.8825793,-0.69967973,-0.6710373,-0.8256001,0.525663,0.092203766,-1.8016526,0.9935304,-1.7987314,-1.7453488,0.95719236,-1.9383459,-0.8548524,1.0503354,0.60498625,1.220443,1.4280007,-1.4329354,1.3014641,1.9208648,-0.72718775,0.5859659,-1.2869998,1.4218093,1.3877279,-2.6706283,1.8581705,0.14696398,1.3945078,-0.79482615,0.6846866,-0.076886445,1.5730519,0.52578187,-1.125138,-0.18811187,1.4132545,1.6860529,0.58552796,1.0183762,-2.2530024,-0.44721434,1.3477082,1.1356446,1.4721636,0.94652027,0.9110047,1.1817695,0.7521102,-1.5182965,-2.2534509,-0.4435768,-0.1021395,0.24979758,-0.9864137,2.277352,0.941096,2.645853,0.6327359,-1.4577267,-1.4737633,-1.9105569,1.287259,-2.369752,-2.1273177,1.1387703,3.1629,0.1918701,-0.53454137,-0.016190223,1.4025787,1.7019072,1.7773038,-1.2199925,-0.11386755,0.12951422,-0.9446398,-0.5441037,-2.1351132,-1.9639425,3.2124124,1.6715748,-0.09258239,0.99112314,1.4619956,0.56730187,-3.388447,1.3862484
0.32352015,-0.41920307,-1.5196742,-0.35018262,0.57468927,-1.6610255,1.2255318,1.0984634,-0.5840058,3.1743643,1.116037,0.34549484,1.4600347,3.303088,2.056151,-2.1348224,-0.12261788,-0.70931983,1.3925524,-1.2813895,1.3697494,2.9105694,1.1749406,0.024112344,-0.71358305,0.9130775,-0.6701886,1.6774461,0.4867651,-0.37562695,1.9581645,-1.0465983,2.3940766,2.2125468,0.79033226,-0.7923385,0.96658003,1.8282307,0.14902146,-1.1351578,-1.8030566,0.6534567,-2.411985,-1.4915563,-0.06321108,-1.7937447,-0.2342158,1.1876178,-1.1174748,-0.025119204,1.2620115,0.8391511,1.5866487,1.9935694,-0.04281421,1.2533978,1.6936716,-0.62850803,0.7588925,-1.2808446,2.1661086,0.42413053,-1.9697751,2.153165,0.61546487,1.3697346,-0.9340409,1.9116294,-0.12751861,-0.044075437,1.0059308,-1.2509707,1.676796,2.4638362,1.4925165,0.10115834,1.1868505,-1.960339,-1.6654636,2.0296142,1.2824379,1.6710534,1.6817464,1.6432638,2.773267,0.5206577,-0.7705967,-0.7717955,-0.21853185,0.7872276,1.7982486,-0.8994516,1.0909451,1.4546014,1.892041,1.1261607,-0.0031048227,-1.1638011,-1.0200014,0.4523731,-1.2372376,0.30645564,1.0244709,2.5899308,-0.35514444,-0.9615786,-0.0073492453,1.5881087,1.8548383,2.093703,-1.2653649,-0.7063364,1.7067136,0.07796525,-1.7744594,-2.0765934,-1.1263992,2.880641,1.2250338,1.3270938,0.2588083,1.2142668,1.0211669,-1.0938647,2.2221947
1.2455872,0.0038160253,-1.4642127,-0.031846486,0.41613925,-1.149871,0.54010594,0.8558146,-0.5992353,1.8077103,0.9036135,0.95789343,-0.0032873712,1.1279622,1.637444,-0.6859521,-0.5574301,-1.3812155,0.9689809,-1.3363749,0.3058396,2.2973747,0.90031564,1.1695166,-0.339075,0.8332861,0.21102157,2.0972962,-0.2469705,-0.11199573,0.56034076,-0.8472229,1.2616048,1.0295513,1.1055151,-1.6470897,-0.031021528,0.7007654,0.11478653,-0.4446013,-0.8441751,1.0809498,-0.6446425,-0.94922394,-0.5420312,-0.57110494,0.46836483,0.6579464,-1.010472,-0.1433192,0.652616,1.741173,0.6884242,0.2121206,0.23640876,0.20541479,0.12389077,-0.17123115,0.27554518,-1.0655466,1.6406897,1.001154,-1.1959118,1.2945678,0.74728894,0.97526836,-0.58802813,2.0352793,0.17029022,0.7368253,2.2080612,-1.4556772,0.9175217,1.5322309,1.8050405,0.5144312,0.5904552,-1.204023,-0.90345913,1.47925,0.71411747,1.6419317,1.4509733,1.0377929,0.9602128,0.89644027,0.017994296,-0.20201263,-0.10962762,0.03687232,0.8820531,-0.8542253,1.9317656,2.1826067,1.1886117,0.006400164,-0.68754125,-0.5326557,-1.3059877,-0.39526874,-0.56799597,-0.11137333,0.50996536,1.5571947,0.1770454,-0.9936753,-0.49453846,0.75973654,1.2202225,1.041081,-1.5163658,-0.7669026,0.069771305,-0.80080235,-1.0993738,-1.2871075,-1.9737076,1.9590108,1.8321588,1.0281749,1.1479908,0.687616,1.5654283,-1.2691406,0.93771756
0.7437887,-0.48339558,-1.5849664,-0.4652075,-0.1391729,-1.1027014,-1.0161175,0.61546963,-1.2274296,0.98909116,0.77438605,2.176546,0.09045638,1.690925,2.2489736,-1.8506105,-0.058832802,-1.8874213,0.5893158,-1.0701199,0.58073854,2.314836,1.4882067,0.015153367,-0.9684975,0.03686862,-1.5131919,1.3726977,-0.8606734,-0.24531901,0.9303565,-0.20144174,2.1654818,2.795665,1.2864805,-0.97249615,0.6388001,0.594817,0.8247287,0.29363245,-1.5165129,-0.7400662,-1.367893,-1.8850125,-0.5695766,-0.9001841,-0.62752205,2.1624157,-1.3987803,-0.59716874,0.5562489,0.8204517,1.7607027,-0.07234834,-2.2452967,1.082497,1.929334,-0.82228315,1.0985643,-1.4726965,0.45547163,1.6899127,-0.8279656,1.014839,0.7306719,-0.18643387,0.54126686,1.3219543,-0.36803046,1.0558733,0.9681807,-0.89886975,2.3668425,2.089512,1.0665787,1.3487641,-0.3092715,-0.5873603,-0.15809307,1.1678439,2.4776838,1.5039635,0.1992279,0.8857966,0.6301321,1.0158682,-0.784877,-1.6707025,-0.22492471,0.052258946,0.30976412,-0.39691085,3.037902,0.71709853,0.8552272,1.5533216,0.041901,-1.4996531,-1.1854819,0.45397818,-2.2252889,0.1736938,1.3057071,2.129365,-0.7468416,0.7645864,-0.95013136,1.1149359,2.448375,2.4075127,-1.6791297,-0.9241141,1.7471551,0.5710943,-0.34191632,-2.242286,-1.8542471,0.95406646,1.8578875,0.8989343,1.8573339,0.70679176,0.80977106,-1.7793891,2.873317
1.5114347,-0.29477194,-1.0231954,0.2573107,-0.50932896,-1.422064,-0.36988527,1.3988042,-0.9833189,0.61820555,0.677626,2.603961,0.5128543,1.5037305,2.5471132,-1.0952016,1.2501426,-2.3157234,0.28898013,-1.2263863,-0.020755064,2.1848457,1.2187308,1.9785619,-1.2625788,1.279751,-0.17727327,2.0600443,0.27165785,1.6152642,0.26764745,-0.9705721,2.5435221,1.8701202,0.23671809,-1.2570105,1.6947691,2.0576031,0.18228266,0.4462313,-1.0124377,-0.7489504,-1.0015466,-1.7902362,-0.22432624,-1.2556114,-1.1101824,1.2500361,-1.3556272,-1.9911809,0.43264478,0.69450444,1.0738052,1.1372628,0.34282795,0.6918188,1.3387327,-0.5646499,0.75227046,-1.378401,0.45946217,0.16323245,-1.3248955,0.3921733,0.46957684,-0.65163416,-0.8792986,1.2397045,-0.41965204,0.2280572,-0.2708599,-0.7569423,1.4388355,1.7315814,1.7060357,1.4308985,0.3425272,-0.81726086,-0.91999006,2.624856,3.585534,1.9959127,1.0322086,1.2376217,1.4240295,1.315852,0.769952,-1.6342984,-1.0990739,1.008918,1.4500729,-2.0032268,1.0416828,0.9948767,1.9884603,1.5917871,-0.967278,-0.8046716,-1.0984993,-0.82022774,-1.7800251,0.08722511,1.6748,1.9124542,0.41073835,-0.72557807,-0.70515496,1.1828337,1.3325201,2.0088024,-1.6289926,-1.9120214,0.48430884,-0.9015585,0.85852045,-1.4924396,-1.721658,1.7083492,1.3107084,0.77658105,0.19823933,2.3788722,0.5027535,-1.9101332,1.7901487
0.3140966,-0.41465324,-0.5562258,0.94654804,0.057777688,-0.5387927,1.4818747,0.52319217,-0.49163187,1.2829089,0.91727924,-0.07516749,0.5429678,0.45246583,0.94057095,-1.6096145,-0.1373539,-2.1013665,0.83049,-0.54890007,0.37022874,1.3115624,1.0296948,0.93191504,-0.116436966,0.9818592,0.036223456,0.5835618,0.685136,0.014197085,1.6839086,-0.9058559,2.109851,1.3333032,0.5940445,-0.47766393,1.5247036,0.7071763,0.5952578,-0.0022010133,-1.0700235,0.8923559,-0.5281548,-0.8639818,0.26900756,-0.9264207,-1.4922717,0.82250863,-1.4470767,-0.28598586,1.010194,1.1836226,1.1507726,0.38211304,-0.028391939,2.056845,1.4795551,-0.68687487,0.81931424,-0.9664484,0.100319415,0.61083806,-1.3941486,2.950362,0.79735065,0.22236364,-0.8357004,1.7850837,-0.41959172,0.21996376,0.38879704,0.46397617,0.7280416,0.780913,0.6388534,0.23354754,0.76720333,-1.5683252,-1.0885903,1.8940295,0.9697407,1.2643064,1.7783668,0.7268591,0.9023882,0.3866727,-0.9770212,-0.8244285,-0.4133903,-0.26102513,0.90798026,-0.49170712,1.8587084,1.2196542,2.6653206,1.4387221,-0.67108035,-0.5914769,-1.6023762,0.041996345,-1.1705191,-0.50629526,0.022145066,2.0134065,0.3043057,-0.56126124,-0.97994363,0.47765273,1.8119563,2.0196893,-0.74352366,-0.24044968,0.0055233617,0.6195362,-1.4678463,-0.2190117,-0.7180345,0.9539441,2.0530918,0.33943298,0.15536673,0.83880097,0.62102437,-1.8813493,2.161395
0.31273714,0.8904417,-0.71974045,0.96495986,0.26008883,-1.1938426,1.6982632,0.21961585,-1.1366985,0.42816728,0.47994706,0.6693906,0.08046493,1.0864955,0.9143059,-1.0846287,-0.63168806,-1.0796448,1.5873072,-2.8913481,0.5966566,2.7160797,2.1409957,0.8159094,0.3987506,0.7091651,1.1676899,0.8957968,-1.1333873,0.08304936,1.5663095,-0.520254,1.489449,1.3765757,-0.42191997,-0.3774854,1.3722156,1.5764463,0.77101314,-1.7395791,-1.1179374,1.200041,-1.4926789,-1.0246713,0.2322196,-0.9918117,-0.6710311,1.8067416,-1.9633054,0.35324824,-1.3872824,0.6065154,0.83200145,1.7341417,-0.34140557,0.39446166,0.29840013,0.1579957,0.47676125,0.3370001,0.030740475,0.89781165,-1.8383791,1.3377837,0.5294625,0.51551825,-0.7883373,1.3743577,-0.2188863,2.220068,1.8440444,-0.040530823,0.8211115,1.164029,1.0334436,0.36197412,0.17202587,-0.25939187,-0.046512134,2.3600178,0.43737602,1.2425385,1.9726601,-0.1828692,-0.5994467,1.8134509,-1.2980193,-0.70364493,-0.26934713,0.124466896,1.067354,-0.8551448,0.76631355,0.70087534,0.575475,0.38959575,-0.07902899,-0.68000674,-0.60220826,0.6853543,-0.34894842,0.20921603,0.65114146,1.871767,0.22140755,-1.000286,-1.3627628,2.5149992,0.95533407,0.7765365,-2.1332712,-0.75837123,0.5439635,-0.03637462,-1.1828883,-0.71165514,-1.6621709,0.88951594,2.3229043,0.5334587,0.5605942,-0.17727377,0.97784346,-2.2299647,2.0447826
1.1929079,0.07279542,-0.07680327,0.4735972,-0.6208365,-0.6612697,-1.1364576,2.0029025,-1.2350528,2.0693874,0.63733965,1.6603576,0.20396718,1.2001333,1.3156695,-1.2430894,1.0330708,-3.0394094,0.59824026,-2.0569627,2.0886836,2.4374053,2.0682046,1.5461203,-1.0942206,1.575172,-0.74062985,2.6004655,0.9686091,0.08969939,-0.13983268,-0.74584305,0.9007487,1.429465,0.5692098,-2.511379,0.8383831,0.6895244,0.21852732,-0.14129615,-1.717067,-0.36376932,-1.4587073,-1.0190463,-0.14996423,-1.0799801,-1.3266367,1.0254385,-1.2333485,-1.6108106,1.6230602,1.4103492,1.2098836,-0.4766487,-1.7505374,1.0268179,0.62718576,0.27156627,-0.21456146,-2.1585107,1.2090737,1.5972639,-0.92628163,0.56686574,-0.13619919,0.09550823,-1.457288,0.50171405,0.41616362,1.357098,1.6368486,-1.0479988,1.0776203,1.2018976,1.2461282,1.1228111,0.9380065,-2.7984152,-1.229136,1.7573942,2.5195727,2.4639153,0.49511388,1.8512247,2.0563657,0.79678243,-0.109377086,-2.6421692,-0.3346101,-1.124558,0.31744865,-0.29805973,2.6135325,1.4000565,0.40174067,0.36067367,-1.1154939,-1.5136014,-2.7418594,-0.0057832366,-0.9523306,-0.90603644,1.2259963,1.4258044,0.60383457,-1.0461699,-1.7547815,1.8553859,2.102949,1.5191168,-1.0688509,-1.7116257,0.7424946,-0.7835783,-0.76989317,-1.3011706,-2.9118993,1.8098304,1.8511976,1.2488222,1.4009435,2.1695383,0.22113836,-1.3932122,1.6585214
0.77396834,0.5389313,-1.6229353,0.51323575,-0.3613184,-1.5686225,-0.03720939,1.138804,-1.2692515,0.39270848,1.826145,1.3095962,1.2855189,0.8990661,1.731705,-1.2480714,0.5392796,-1.1084853,0.8465288,-1.7721761,1.0753533,2.0016792,1.4455848,-0.8393526,0.61170053,0.9249039,-0.12996696,0.73486125,-0.9619111,2.181446,1.0797927,-0.47933042,3.7107537,1.0092454,0.20407028,-1.6197499,1.381685,1.070977,0.34112436,-0.33242023,-0.76481146,-0.71270454,-0.14595222,-0.8728083,0.107894145,-1.4482517,-1.9885889,2.9255562,-1.3470466,-0.71987754,2.4098039,0.3958061,1.1426415,-0.11749835,-1.4985415,1.7086828,1.2817867,-1.3844737,1.7133409,-1.4213437,0.7270768,1.8083056,-0.9092978,1.4397445,1.0806465,0.40891138,-0.46850666,1.415839,0.0014595967,0.7320334,0.007592287,-1.132614,1.5709714,0.41294533,0.6026388,1.0783561,0.5267107,-2.1055417,-0.039787926,2.8687432,2.2108238,0.015775993,0.21488705,1.7342108,0.15346527,-0.03868052,-0.3138347,-1.0888186,0.46059036,-1.260647,0.8047389,-1.8272861,1.5108485,1.339283,1.8212446,2.1645932,-0.4459149,-1.2281634,-2.1843836,-0.3079633,-1.468376,-0.9143836,0.23229052,2.1345422,-0.45074224,-1.1289592,-2.0532246,2.4202046,2.4301922,3.752082,-1.5453503,-0.88284546,0.9318774,-0.11629063,-0.6528572,-1.8219733,-0.39666438,1.854802,1.6530424,1.5329899,0.21188298,1.8199204,0.295683,-1.3708379,1.609446
0.7687071,-0.22847441,-0.11548055,0.899699,0.1190889,-0.31879655,1.5528464,-0.07184324,-0.6849092,1.6266925,1.41902,-0.11104514,0.55317444,0.75791776,0.6083027,-1.7687893,-1.1479797,-0.95371526,0.7986043,-0.8643696,-0.5909155,0.75317544,1.2535093,1.9558084,-0.62999684,1.7363539,1.17702,1.2902473,-0.4464618,-0.2350722,1.3571533,-1.9190322,1.6947806,1.9906876,1.1305467,-0.6427111,2.0955653,2.2008686,0.019165132,-1.0109288,-1.5978807,0.862993,-1.2552671,-1.7367845,0.0870282,-1.5412685,-1.3321962,1.4430656,-1.9672073,0.46421784,1.0323185,1.1303242,0.8688852,1.0778005,1.0735102,1.1098119,2.054801,0.010072272,0.7565316,-1.1776466,0.71440935,0.33255878,-1.6887102,2.673012,-0.63590044,0.3875871,-0.95509696,2.3154051,-0.50711703,2.1336875,1.4154563,-0.19966958,0.28231248,1.256857,0.85119975,0.49538562,0.20816173,-1.5849378,-2.051375,2.3224108,1.3943723,1.4018474,1.2314292,0.29214105,1.2228949,2.929847,-0.104578495,-0.425618,-1.27955,0.31118235,1.446697,-1.7136863,2.1546006,1.9481694,1.5714091,0.9501246,-1.0832332,-0.94112074,-1.1564106,-0.5255157,-1.7910044,-0.7118568,-0.4886583,1.7512215,1.4999961,-1.0875981,-0.9788007,2.0750802,2.075415,1.7397622,-2.000104,-0.13949725,-0.34992895,0.5140244,-0.31215233,-0.91411245,-1.4343506,1.6876236,2.3262913,0.17808759,0.2767861,1.1913947,0.93252444,-2.719161,2.8304677
-0.456382,-0.37567058,-0.5579782,0.3525598,-0.5528451,0.026362231,-0.5799949,0.95693225,-0.74880505,1.4690503,0.81002253,0.8531811,0.17205527,0.95671964,2.3798945,-1.0274848,0.062118635,-0.27550468,0.92207587,-0.81340885,-0.55463356,0.7063832,1.659971,1.4512516,-0.7473423,1.1208414,-0.24780098,0.52303064,-0.6097485,-0.871558,0.58159107,-1.1428394,2.3831007,1.4134675,0.2928144,-0.053515334,0.34784898,2.1323082,-0.13881485,-0.056163356,-1.0642796,0.7827085,-1.3357785,-1.773721,0.0020045293,-0.1513118,-0.18562445,2.3029075,-1.8894011,0.7107755,0.31618893,-0.6336854,0.36041185,1.3077183,0.3900681,0.52795786,0.92432934,-0.3840674,0.71656466,-1.0676882,0.24608627,1.0229481,-0.8433001,0.035171956,-0.028308704,0.30592576,-0.72896,0.51576334,-0.2419089,1.4902477,2.3455768,-1.1233094,0.98253495,1.3333433,0.6370827,1.1246079,-0.108203605,-0.8244601,-0.28003412,1.6522795,1.4072775,0.23490751,1.6710255,-0.32994625,1.1931055,0.90356964,-0.6046192,-0.7138267,-0.18215412,0.49385408,0.82721496,-1.8696213,1.9404494,0.8800013,-0.006051004,1.59458,-0.689737,-1.0333015,0.24753907,-1.1591398,-0.71430093,0.44527182,-0.8324557,1.4464076,-0.23242582,0.44817388,0.015687287,2.0165477,1.6041929,1.625619,-1.4659865,-0.39705443,0.5311978,-0.18612517,0.24090156,-2.0241652,-1.0775672,2.092391,2.2326567,0.1478178,1.1873618,0.26274195,0.19226798,-0.8996517,2.2354443
1.3335803,0.5867189,-1.528977,-0.45389035,-1.194815,-0.44176885,1.1841826,1.4867992,-1.1619531,1.4241211,2.4516244,1.1422813,0.6049679,2.0299382,1.7294225,-1.2199794,-0.13703528,-0.76722413,2.1572294,-1.9305661,0.1613713,2.0775077,1.7077726,1.6540513,-0.63574034,1.5977293,0.3787317,1.5218686,-0.5140082,-0.030916201,1.3401154,-2.6456943,2.195209,1.195157,-0.40269378,-1.9407842,0.09929687,1.8953092,0.11923689,-1.1853002,-0.68248963,0.46405938,-1.3434186,-2.135253,-0.14866234,-2.3544674,0.07009235,1.9520996,-1.7162545,-0.19077271,0.061902188,0.933931,1.7470825,1.7401838,0.23377596,0.489372,1.3822274,0.20271377,0.91769314,-0.7625064,1.8435197,0.2490643,-1.7629557,0.9830892,0.39119992,1.1288011,-0.48416275,1.5395104,-0.20270793,1.1582779,1.3973719,-1.9904921,-0.015805073,2.4848874,0.8456483,1.1867541,-0.5427295,-0.5361053,-0.57831025,1.5238508,2.0159981,0.8653377,0.98810923,0.78907293,2.5168507,0.9192613,-0.26866522,-0.95805573,0.9405121,0.9889746,1.5110904,-0.9520482,2.1687953,1.2735163,2.0142539,0.3247676,-0.6974148,-0.16405508,-1.4893891,0.2983211,-1.4185926,-0.55890405,0.660501,2.198308,-0.018163584,0.31744868,-0.99254215,1.111829,2.0545504,1.9018179,-1.4709904,-0.73759186,0.8115782,-1.7745353,0.8462683,-1.6908288,-0.954124,2.6560724,2.0566864,0.7177018,0.68944025,0.0043001994,0.036334805,-1.1067898,2.4837806
-0.43968892,-0.55502653,-1.1122353,1.3775804,-0.4939074,-0.860086,-0.08580969,1.1686097,-0.484948,2.1240213,1.2755439,1.0068179,1.5446551,1.2534739,2.2346056,-0.69568455,0.48285234,-1.2317891,1.6598881,-0.96784216,0.9545047,1.6614156,1.6275557,1.0341586,-0.6762977,1.4041994,-0.03784628,2.6581879,-0.6228363,0.10482998,0.20324391,-1.1001185,1.1888499,1.9439121,-0.29040012,-1.876992,0.9549723,2.8691359,0.2187223,-1.3420644,-0.7020058,0.7556797,-1.7737756,-3.1504803,-0.47329843,-2.6661751,-0.19909872,2.098742,-1.9447786,0.45562497,0.40848896,0.64308655,1.5607697,1.101968,-0.42960188,-0.013662969,0.067048416,-0.8154428,1.1266072,-1.0980091,1.4862893,1.8977771,-1.702317,1.3327982,-0.53354204,0.82071394,-0.7966768,1.0020566,0.931997,1.44245,1.0671158,-1.6819384,0.011237159,2.8414207,1.5395566,0.49041644,0.437158,-1.3606011,-1.0619459,1.8552612,2.6872816,0.5336407,0.24729814,1.7657166,2.4368768,0.28019843,0.4128951,-0.46974203,0.3743634,0.044689603,0.6189803,-0.6333564,0.76562357,1.1879104,2.1359832,1.0624512,-2.072295,-1.1885128,-2.0660594,-0.92565125,-1.2912662,-1.9337837,-0.30646718,2.0176518,0.058914233,-1.6996092,0.059857592,1.9886796,0.73491013,-0.08518848,-1.6973709,-1.6108439,0.72638214,-0.5607568,0.88658464,-2.6228132,-0.31963038,3.5253417,2.1676617,0.8970776,0.8057865,2.4159622,1.6490282,-2.356497,1.3046665
0.60363746,-0.06650376,-1.9889978,-1.1718571,0.6485539,-0.4929815,0.30347127,2.6732411,0.04190103,1.3884934,0.76064944,1.1224407,0.8085187,1.7978659,1.8950021,-1.1728902,0.36501223,-1.1372014,0.741291,-0.42944586,-0.7195561,3.1830719,1.2411585,-0.044570528,-1.0993656,0.7512476,-0.73039204,1.2553726,0.06449582,-0.16455118,0.90621364,0.8729093,2.4666665,1.4229676,1.1105864,-0.93222517,1.0011708,1.3027987,0.9916879,-0.96202046,-1.1072757,-0.16951852,-1.041728,-1.3993422,-0.45076066,0.021561947,-0.33987314,1.3223656,-2.0473423,-0.47953176,0.99042934,0.8752165,1.2559761,0.34561783,-0.7654091,0.86663485,1.3247186,-0.48404193,0.38648808,-1.0890783,0.5063538,0.6593341,-1.267712,0.8797751,0.47047725,0.15343231,-0.039189447,0.98595226,0.13853331,-0.29446533,0.7141246,-0.34652042,1.5056787,1.226201,1.358212,1.1292536,0.622563,-1.3058226,-0.6218274,1.4622642,1.2439091,1.2242941,1.4494728,1.4784908,0.49246624,0.59265333,-1.3121352,-0.5841319,-0.022684947,-0.7599729,0.40131617,-0.12713005,2.1597042,1.182008,1.3257821,1.5552957,0.3304508,-1.1414124,-0.78092885,0.7722185,-1.1988642,0.12880489,0.7433358,2.6668944,-0.35330573,-0.047301237,-1.0579212,1.2738358,0.5606867,0.898855,-1.457821,-1.6493988,1.1867821,0.6336644,-0.41268936,-2.758651,-1.0047452,1.3978978,1.6787219,1.1562024,1.0738462,1.2985823,0.9120821,-0.71864456,2.5217197
0.37965113,0.104836136,-0.95249504,0.8914937,-1.1629258,-0.66263044,0.69533324,0.43128774,0.07762305,1.3132474,1.9188673,-0.35810864,0.19030595,1.062941,1.0172797,-1.3940754,-0.015415412,0.25296366,1.1549784,-2.0193229,0.11129239,1.4938158,2.036168,0.69196796,-0.67739713,0.9267323,-1.4313138,2.2349193,-1.8349392,0.18941073,1.7453561,-1.732078,2.3995173,0.3777004,-1.4254307,-0.6512929,1.2223552,2.8800385,-0.067604385,-0.59348357,-1.7597798,0.6144875,-1.3085637,-1.5532293,-0.28193697,-3.0967677,-1.7748114,2.5870123,-2.7493098,0.9897227,-0.08964401,0.97595066,1.6890311,0.6869792,-0.41430563,0.7708846,1.0770184,-0.7723462,1.5117351,0.059961427,1.8326316,2.2208798,-0.9052585,1.49383,-0.46514842,-0.4380429,-0.216931,1.6474053,-0.45348114,1.8537345,1.0197092,-2.0888283,1.502988,1.9241643,0.115798324,0.39612547,-0.6428159,-1.1936531,-0.70336497,3.1066132,1.6934398,1.2550832,0.08418314,1.925628,1.4006183,1.3626059,0.18404707,-1.4888583,-1.0714236,-0.7400727,0.64708525,-0.6845392,0.91703004,0.92729306,1.600276,0.81830704,-0.46141523,0.41169536,-2.322637,-0.6050803,-2.0786366,-0.8002758,0.82766145,1.0796584,0.6107198,-2.0086029,-0.03069271,2.5489318,1.925652,1.7518159,-2.2675693,-1.4458667,0.6177814,-1.2690873,0.12188746,-2.2656572,-0.76372534,3.0016048,1.8697288,1.4519862,-0.35807467,2.1615882,0.37171966,-1.6836027,2.5999308
-0.031989813,-0.63755727,-0.5166698,0.2916125,-0.03575249,-1.4599699,0.4657603,0.638093,-1.6266578,1.2386558,0.6584312,0.6689914,-0.10729625,0.93249655,1.4132947,-1.0031555,-1.1554143,-1.7060771,0.064096026,-0.9030655,-0.04101534,1.4971422,1.1804253,1.3810588,-1.2927048,0.4831625,-0.20722903,1.4398134,-0.44541618,-0.823117,-0.2047911,-0.7591115,1.7326378,2.3827684,1.0095617,-0.79363924,1.603388,0.7382334,-0.36743128,0.13217178,-1.3591691,0.8249603,-1.1198921,-2.7314274,-0.45576078,-1.6450775,-0.70978487,1.7319893,-0.94268095,0.09494703,0.9173925,1.0207473,1.6646692,-0.11992201,-0.9560279,-0.1300266,0.7705194,-0.6318588,1.5078728,-0.56692326,0.15881383,2.1751635,-0.62387663,1.8455584,0.21051955,0.8702468,-1.2213972,2.2840831,-0.007218616,2.039773,1.7273072,-1.2789528,1.5369116,2.1896515,1.0143226,0.48146367,0.3514458,-1.0428451,-1.278767,2.2388577,1.1591932,1.1015307,0.7170749,0.79652005,0.66176015,1.5752622,-0.64626944,-0.9678873,-1.2420875,-1.3891374,-0.6831976,-0.50267816,2.07077,0.86076415,0.61451817,0.15346538,-1.0631863,-1.3040783,-1.3136784,-0.6197448,-2.1691785,-1.0812281,0.52874386,1.522434,-0.8334429,-0.104641356,-0.5913897,1.7937912,1.5259926,0.71177876,-1.6574147,-0.9565536,0.29671946,0.6425985,-0.60398424,-2.0262468,-2.4811394,0.89033383,2.2492833,0.58750093,0.05838377,1.4418929,3.2716956,-3.0357757,3.2114737
1.5036491,-1.3147882,-0.5855973,1.3547075,0.6634458,-0.2477123,0.6271837,0.34090003,-0.30766875,2.2631605,1.6764768,0.65330154,0.072796285,1.2085816,1.0924336,-1.6871637,-0.007847201,-1.7339,0.32967114,-0.7771433,0.38305843,1.5479918,1.5731348,0.63426507,-0.9671133,1.9777954,-0.7351942,2.1061537,0.5886987,-0.1780506,1.7535324,-0.2042009,1.7021642,2.1000538,1.2735744,-0.78038317,1.0410787,2.2648065,0.6006668,-0.95286363,-1.6719947,1.2353506,-1.393259,-0.7451497,-0.39117932,-0.07229954,-0.4284761,0.6744848,-1.8751221,-0.17697166,1.6007634,1.4209374,0.34213448,0.50442606,0.20710479,1.5661309,1.2878531,-0.36949608,-0.29971024,-1.2469937,3.0489972,0.47142786,-1.9104697,1.5022136,-0.8451982,0.3197699,-0.0096826125,1.4851445,-0.24574845,0.15432505,0.72510004,-0.49031428,0.3020283,0.72817504,1.250604,1.2843591,0.5260102,-2.5379105,-2.7077994,1.4087477,0.38793623,1.5983603,1.1393803,0.56754637,1.626036,1.2387577,-0.47567225,-0.8034221,0.20142269,0.25929737,0.8304807,-1.3694375,2.6560404,1.8313179,1.9453671,1.1358184,-0.17179467,-0.1388642,-0.9153391,0.5963508,-1.4966795,-0.096604034,-0.21539986,2.5347512,1.1538875,-0.057345558,-0.7612873,0.78728724,2.148375,1.1618274,-1.0178972,-1.1372321,-0.7801589,0.018087626,-0.3982191,-1.7142794,-1.6093479,2.7948303,0.9710961,0.712578,0.27240714,1.5267187,0.93859494,-0.90058225,1.4741015
1.9080435,-0.21096858,-1.2894807,-0.42765203,-0.31438613,-1.4300824,1.179562,0.7340337,-0.5431811,1.1455395,1.0106843,0.40940985,1.4126959,1.8746078,1.0077088,-1.895583,0.5561988,0.008670952,1.2215058,-1.9109788,0.98328197,1.0879141,0.7507117,0.5995811,1.2979707,0.32158712,0.76814157,0.50775695,0.24533768,0.73637706,0.946148,-0.14380836,2.5953095,0.922825,0.87179875,-0.5321277,1.11409,1.9246095,-0.8116785,-0.73189455,-0.9974117,0.09431305,-0.72311866,-1.5353116,0.34034103,-2.0163338,-1.5049016,0.9213352,-0.999186,-0.4223661,2.0760825,0.22810706,2.3034184,-0.53721833,0.45612842,1.6729586,0.9647679,-1.4484231,1.4764749,-0.68186235,0.44997406,-0.3027561,-0.987544,2.741532,1.2566956,0.90815,-0.4159465,1.6996042,0.9244642,1.0441884,0.36356747,-2.4694102,1.3725755,1.2253667,1.331443,0.19614652,0.6322344,-1.4546852,-0.66145724,1.9914347,1.1320559,0.29512656,0.76759744,2.0996456,1.322879,1.129153,-0.019213084,-1.7524747,-0.09692046,-1.213978,0.6800486,-1.4750011,1.2083092,1.5428932,2.2379668,0.44164717,-0.98131996,-0.5769399,-2.413305,0.61380255,-1.7708031,0.26359895,0.76118225,1.8780012,0.3900568,-1.4906292,-0.953212,1.4606291,0.3473497,2.4287155,-1.8919681,-1.0843492,0.79701096,0.020127136,-0.9861898,-1.4716804,-1.0978563,2.4605718,1.7116165,1.4012535,0.5593988,1.1168629,0.9716902,-1.0557353,2.066259
0.09516664,-0.15967536,-1.1668534,-0.16565776,-0.017493203,-0.17431648,0.91168535,1.405581,0.014691584,1.389085,0.5875008,0.52203137,0.46421885,1.1907542,2.4011152,-0.9597715,0.3102281,-1.0293461,1.0659442,-1.1932653,0.5211185,1.0574974,1.3369193,1.222053,-0.84770584,0.6697705,0.013609691,0.6693626,0.92228925,0.4448289,0.20856276,-1.7240328,2.1805017,0.89089715,1.3882163,-0.74907184,0.60501254,1.2453889,0.23246427,-0.12676783,-1.0567567,0.06882695,-1.073462,-1.5067965,-0.6789653,-1.2962437,-0.5089525,0.7924351,-1.243809,-1.272476,0.4950704,0.77649295,1.0454825,0.5539364,0.38812593,1.3800081,1.3637817,-0.009220861,0.82108486,-0.76624495,0.311441,-0.59507215,-1.2160869,0.8921617,0.55624354,0.17947657,-0.41264254,1.7252468,-0.16794646,0.51458985,0.27089003,-1.2754989,0.51264876,2.3063009,1.7297761,0.909465,0.10998016,-1.198063,-0.0027830675,1.7682197,1.1718163,1.0853733,1.936442,1.2548124,1.5785557,0.9817876,-1.5120786,-0.44051647,-0.18199356,0.47958753,1.7180905,-0.39005896,1.2031834,1.1645867,1.1079848,1.7078646,0.24966887,-0.5893314,-1.045953,0.14696772,-1.0286968,0.5022339,0.29739088,2.0911782,-0.42182803,-0.6341864,-0.9195443,1.5176508,0.69039345,0.063844875,-1.2971398,-0.49776083,0.2327703,0.35065597,-0.62449247,-1.0816454,-1.0300236,1.9106098,1.2232254,0.9630968,1.2656428,0.7516785,0.39028776,-1.2589604,2.0142758
-0.03035021,-0.5663979,-1.5275391,-0.6825044,0.90991104,-0.74992615,0.009041397,2.2295487,-1.0607821,1.8447012,0.9086526,1.6427314,0.61068726,1.313878,2.2690482,-1.1028509,-0.6956758,-1.3327354,0.26045585,-1.7044934,-0.103063926,1.9918541,1.8551807,0.9753549,-1.16099,1.9197568,-1.1481117,0.9894989,1.0998042,-0.5247668,-0.3002332,-1.4991941,2.4070556,2.4903574,1.038191,-1.6599814,1.6013511,1.4881805,-0.32750833,-0.5866835,-1.9983952,-0.8869361,-1.079191,-2.0460892,0.113056265,-1.2193934,-0.5626461,0.83742744,-0.38666165,-1.0050676,0.42706713,1.241763,1.491069,0.2945791,-1.37473,1.0090595,1.8840029,-0.26912424,0.496906,-1.7160717,0.29796508,0.80971587,-1.9204701,0.9122459,-0.094111174,0.57276344,-0.98849624,1.6183448,-1.0271647,0.779484,1.0632787,-0.917355,0.5494714,2.4363816,2.0575986,1.1715945,-0.08413676,-1.7503709,-1.6689224,1.1938003,1.6162544,1.8393779,1.6798335,0.74846685,1.3418088,1.0368203,-1.1114466,-0.71897805,0.28131658,0.2897514,0.35611904,-0.17984504,1.5549171,0.8680859,1.6433772,1.4657428,-0.20914698,-1.2640531,-1.1483325,0.054019198,-2.4265308,-0.2708706,1.25017,2.9112184,-0.9937366,0.7131693,-1.2262712,0.8141299,1.3778999,-0.122624174,-1.369933,0.12022005,0.5183241,0.2750258,0.16360976,-0.37470794,-1.882032,1.5972896,1.3269969,0.5220499,0.4673815,0.9323576,1.635318,-2.0907269,2.828157
1.4534506,-0.4981297,-1.5756975,1.4339147,0.09754219,-1.5079335,0.228487,0.40461156,-0.13419357,2.384469,0.25335672,0.54843414,0.20497423,1.9329078,1.0867903,-2.3799057,-0.50511,-0.46265483,-0.44941196,-2.251868,1.2348727,1.362389,1.5716851,0.89705026,-0.7893593,0.76725984,-1.4358554,2.7311182,-0.41082007,0.15305649,-0.13991527,-0.39246127,0.8507795,1.4756953,0.35114932,-1.4802691,1.5164877,2.4903448,0.1871419,-0.25962144,-2.2079108,-0.61788416,-0.86871356,-0.36253458,-0.5272488,-2.3638499,-1.0523317,0.31926894,-1.0644771,-0.5996712,0.29166952,0.9376805,0.5523268,0.64951813,-0.8795733,0.04964331,0.96571296,0.34423134,0.5499159,-1.6517199,2.3067462,1.6960545,-1.210898,1.0088571,0.70739377,1.0284799,-0.4303442,1.9220814,0.47302803,-0.52954596,0.5957154,-0.8056248,1.8382059,0.98535043,0.97715974,2.4579728,0.3016011,-1.9310163,-0.6651165,2.432477,1.9213942,1.6189586,0.5884857,1.0844512,0.6414732,1.8174616,1.4009889,-2.1905878,-1.491919,0.25778794,1.7932515,-0.8042742,0.037355643,1.093009,1.3044001,1.9374652,-0.40489247,-1.1109053,-2.260683,-0.16449407,-1.7518104,-0.2646591,1.346847,1.1773316,1.2310327,-0.8826465,-0.66675776,1.4946394,2.695603,1.550409,-1.4736091,-0.3277819,-0.2821368,-0.6027887,-0.55053544,-0.4737149,-1.2794473,2.0343554,0.69086236,0.07970947,0.022053706,1.7741828,-0.33741367,-2.0830386,1.4550743
0.0152144665,0.75060594,-1.9722168,-0.91984826,0.06536822,-0.6963295,1.303274,1.7648778,-0.9326829,1.7989044,0.37589753,1.7888459,0.4710498,1.2094616,2.3291447,-1.15517,-0.14608566,-1.1932527,2.1311026,-1.1987078,0.18103547,1.7834834,2.0408154,0.5225234,-0.08912908,0.3915766,0.5898045,0.05636744,0.08464401,-0.702697,1.1430202,-0.60631406,2.0926268,1.3231697,0.6190813,-0.5090659,0.45012835,0.7865089,0.62451965,-0.95439446,-1.1210737,1.5221437,-1.0775511,-1.5755702,-0.37208876,-0.06812373,-0.20106629,1.8172975,-2.2080686,0.08877321,1.0260776,0.08110441,2.0032709,-0.08649285,-0.056022666,1.0292944,1.2919439,-0.60443187,0.8876098,-1.3666021,0.69707537,0.38228014,-2.3038206,1.4609418,0.37096417,1.2875751,-1.2995439,1.3545473,-0.2682835,0.77050906,2.6166532,-0.69637245,0.7550119,1.7431319,0.24780154,0.6451816,0.093604356,-1.0026886,-0.20411704,2.139895,1.7156298,0.47141433,2.4034467,1.4484891,1.4450277,0.53650564,-1.4704425,-0.12003839,0.4631349,-0.3600368,0.8619627,-0.65977067,3.115172,1.3303988,1.3856755,1.6414129,-0.16054523,-1.3276304,-0.6805199,0.27115768,-0.56939256,-0.06825076,-0.50710475,2.8659298,-1.1074208,0.6895732,-1.2722061,0.89516675,1.419178,2.2679548,-1.4506544,-0.42039406,1.3947412,0.36398944,-1.1965579,-2.2903435,-0.21204305,1.390118,2.7626493,1.5145195,1.7620796,0.8808863,0.6245399,-0.7757731,2.7965548
0.8617958,-0.7001391,-1.6645174,-0.2522443,-1.2286817,-0.8929773,0.83289075,0.017309494,0.08271188,0.9993582,1.7303485,0.019577798,0.09867931,0.436626,1.1172727,-2.055796,0.17844106,-0.5813492,1.889224,-1.9301033,0.78613925,1.2190919,1.4439476,0.7819135,-0.45047426,0.82705843,0.010735147,0.6971645,-1.2228566,0.91726965,1.9566233,-1.8530153,2.5370493,1.2354418,0.3826074,-0.43007272,0.94031894,1.61878,0.25929904,-1.4377165,-1.0322899,0.4683247,-1.0928974,-1.6104597,0.41871205,-2.0989802,-0.87003696,2.1436992,-2.4294927,-0.095312834,0.7076064,0.774225,1.3367416,0.25095862,0.13270539,1.5001003,2.0526366,-0.4443314,-0.02538371,-0.23200664,2.6054046,1.1143966,-0.84452766,1.9035635,-0.4275351,0.37834117,0.3781271,1.8577001,-0.6964611,1.5616031,1.4631932,-1.8492414,0.50246996,2.480291,0.7116431,0.42251316,-0.98282725,-1.2712704,-1.4858713,1.6994367,0.86760825,0.6679513,0.5654454,1.1796807,0.2862581,1.3136843,-1.2288738,-0.2853459,-0.25140455,-0.005029138,0.6665075,-1.0444705,2.3808775,0.69848716,2.461783,-0.06878929,-0.5732589,0.37420836,-2.4893157,0.7942768,-1.8063655,0.279185,0.029982511,2.840084,-0.13172007,-1.4987923,-0.48165596,1.4503205,0.84980214,1.0677457,-2.0230393,-1.4955804,0.94710934,-0.1942516,-0.45765117,-2.3223016,-1.2069088,2.6349056,2.2922246,1.3858523,0.4998236,1.8305486,0.34757948,-1.4863819,2.8464737
0.7683709,0.12166839,-2.2047663,-0.42636353,-1.2397372,-0.3033076,0.44670862,2.9541519,-1.2395898,1.153258,1.6743951,1.9222205,0.780919,1.3011214,1.6085823,-1.5483841,0.71563077,-1.7919697,1.6686965,-1.8181403,0.8296281,2.4607801,1.9528602,0.66885793,-1.3902874,0.08304924,-0.34702408,1.6017535,-1.1871762,-0.38035148,-0.61692256,-0.8697745,0.6747949,1.0076532,-0.05387862,-1.8340027,0.770364,1.3843753,0.748552,-1.6098113,-1.171254,-0.3382508,-1.3869283,-1.8887231,0.29530528,-1.3188914,-0.28882205,1.4035085,-1.5643154,-1.4934312,-1.0102246,0.54482645,2.3047307,0.49339956,-2.5984435,0.8465511,0.6302006,-0.973368,1.2098653,-1.7243768,0.9322599,1.4309059,-1.1936041,0.96848774,0.008045098,0.6179421,-0.9566665,1.3749967,0.60089815,0.48548514,1.5943589,-0.5921616,1.9517695,2.0900137,1.3099614,1.0364568,0.07316801,-0.3693846,0.46329203,1.4799381,2.5305858,0.9995883,0.34882918,1.8726752,1.3203635,0.9461175,-1.2196413,-2.2280412,-1.4667414,0.2939988,0.44685143,0.411549,2.7742882,-0.08395511,2.3670437,0.8032867,0.034720168,-1.4477494,-3.0461426,2.0653641,-1.3025541,-1.5653639,2.2865827,3.3921134,0.14594887,0.33159518,-1.1509091,1.5823513,1.7549399,1.2501973,-1.1540539,-1.5495441,1.8628508,-0.65662575,-0.023173017,-3.1360073,-1.5901636,1.2257175,1.9564809,0.38768306,0.61806995,2.086472,-0.4357564,-2.7019575,2.9647424
1.0217489,1.2919407,-2.0097075,0.8698291,-0.35372698,-2.4024794,2.1380496,0.3426385,-0.2363685,-0.109731264,2.4768977,0.45014358,1.2059631,0.37134844,1.6816545,-1.3473148,0.955137,-1.7381207,1.8906007,-1.7211863,0.81023026,2.8396494,1.65083,-0.47704455,0.57994115,0.18674454,0.27255183,1.007091,-0.7788558,2.7592351,1.751588,-1.2773765,2.7516773,0.9665181,-1.4604313,-1.4942417,1.7383273,0.4705385,1.4175756,-1.2923051,-0.6905527,0.97460884,0.027083412,-1.2336841,0.107814066,-2.2967343,-2.324116,2.4728315,-1.4987642,-0.13491647,2.8117537,1.316209,1.3487023,-0.37517887,-0.87919974,1.3999617,0.8613258,-0.5577185,1.2602792,-1.1844099,1.0224463,1.266798,-1.5208741,2.260026,0.65770584,-0.16866887,-0.87134475,1.4158386,-0.707794,1.40665,-0.122334525,-1.0883235,1.1685693,0.75464267,0.9065958,0.6370961,1.0743678,-2.0961387,-0.7700819,3.13805,3.2658365,0.6498979,0.5806844,2.669874,1.5085104,-0.6083609,0.61644536,-0.09033609,0.09860703,-1.385973,1.3637294,-1.3107756,1.7879648,2.077748,2.7010942,1.8366066,-0.96493703,-2.3348627,-2.17346,-0.93117493,-2.3311703,-1.1022772,-0.17269254,1.6856215,0.26721963,-1.7992389,-1.0095104,1.8466086,1.8176033,3.0894923,-0.97586113,-1.4751153,1.1242682,-0.36936545,-0.983737,-2.3096843,-0.66412914,2.5211084,2.8297474,1.5625311,0.8125571,2.0987208,-0.19456495,-2.268667,1.6957152
1.7496957,0.6300778,-1.7364117,-0.33322966,0.62453556,-1.1073328,0.880157,1.4409397,-0.089706354,1.6251249,0.70671034,0.30630922,0.96250474,1.2282832,0.8207666,-0.8910721,-0.87490463,-0.9301921,0.007148182,-1.5859339,0.73206836,1.629028,0.9324125,1.1839763,-1.3080858,1.3038749,-0.5013401,2.1114557,-0.36415833,0.85799414,1.0293725,-0.3503491,3.1511607,0.34648967,0.46389955,-0.7401001,1.026111,1.8921093,-0.65953296,0.35071605,-1.4436479,0.5749328,-0.9590485,-0.7937841,-0.36625698,-0.9875554,-0.90324724,1.3931898,-2.3834076,0.005802542,2.1580303,1.5094208,-0.058906298,0.77211905,0.13436577,0.8031563,1.1675502,-0.08304165,-0.21004239,-1.083761,2.1349857,0.737314,-1.5063442,0.33758515,0.17318371,0.48878944,-0.70569515,1.9494113,0.24667627,0.096744336,1.009575,-1.9610349,1.1663318,1.0304551,1.5900215,1.0480309,0.97557896,-1.0871971,-1.4000779,2.5184338,0.78119206,0.95073,2.0031276,1.641091,1.2956992,0.9909826,-0.24086148,-1.3867399,-0.75783706,-0.56640214,0.38151,-1.8589311,1.2132981,2.2708883,2.3048515,0.89387757,0.31386796,-0.17352554,-1.3785845,-0.64606893,-1.2237428,0.17640865,0.11839684,1.2491298,0.6022018,-1.6988989,-0.49163282,1.7055889,0.75341475,1.7382883,-1.4783225,-0.9155781,0.40610754,-0.9571056,-1.2334199,-2.1692235,-1.2505088,1.7419578,1.3709024,1.0723149,0.35390034,1.5804726,0.96020406,-0.30305013,2.0173974
0.67736787,-1.389137,-2.4874566,0.31991562,1.008045,-0.9029776,0.6219425,1.4792595,-1.1333616,2.4789178,0.015975188,2.2158313,0.08719933,2.056128,1.1178575,-2.8245084,-0.48776448,-0.06417482,0.59342104,-1.2787876,-0.28168115,0.6200835,0.93650675,0.39429235,0.63944036,0.26060778,0.7439728,1.0009041,-0.069437236,-0.5483369,-0.105294555,-0.3923839,2.36403,1.1968628,-0.22116241,0.045159563,0.99479437,1.2600269,-0.032374196,-1.1056072,-1.3505281,-0.3617591,-0.20503436,-2.2569609,-0.12924385,0.021310318,-0.046238385,-0.16348462,-1.7347226,-0.40949318,0.5162475,-0.46813658,1.4146621,0.57478386,-0.70675,-0.1269925,0.000992965,-1.918047,0.63648075,-0.46819586,1.5255014,1.5073079,-1.7137172,1.3269452,0.964718,1.1211536,-0.4002052,1.245603,0.12271498,-0.98395175,1.1737373,-0.9744045,0.13864489,1.3955865,0.16355589,1.6160499,0.7975816,-1.1467043,-0.13997568,1.3188692,1.6406578,0.6962311,1.483778,1.0064902,0.9385736,0.06559142,-0.47703686,-2.0482378,-0.35315043,-0.5920246,0.12010513,-0.30647513,0.6531017,0.85221756,0.89489126,1.1305085,-1.0535605,-1.3868771,-1.4376668,0.8429187,-1.0312903,-0.42401326,-0.26017946,1.2135599,-0.28274536,-0.20834881,-0.8464345,0.5282436,0.87235785,0.48267743,-1.0358921,-0.4866979,0.15717243,-0.29024968,-0.090561435,-0.8914899,-0.52889705,2.5782073,1.603911,0.5964903,0.04936432,1.7860723,0.6409723,-1.035405,2.1588829
0.7825758,-0.43266013,-1.3222204,-0.33511746,-0.08722885,-1.6414537,0.05382215,0.28705078,-1.1707201,0.74502754,0.16304217,0.7122659,0.52130663,-0.00081116706,1.7984746,-0.98426294,-0.46834746,-2.129674,-0.65050673,-1.3925059,0.771876,0.28005317,1.8909627,1.4602655,0.06091959,-0.07176757,-0.66648483,1.1543876,-0.115567274,0.17957768,-0.06488353,-0.4402653,2.1503627,2.2937791,0.61459327,-0.98645175,0.690872,0.8593836,0.19132431,0.7800595,-1.6125916,-0.47870877,-1.3525319,-0.96057105,-0.5666238,-1.1601921,-1.2322998,0.8947923,-1.4423887,-0.98380125,0.68335974,0.20242432,0.2876197,0.17459692,-1.5279772,0.63525045,2.2135482,0.2967894,1.1707829,-1.2765442,0.1285462,1.0953935,-1.5556962,0.859723,0.27771917,0.32047895,-1.5002365,1.3712516,-0.5807012,0.5286986,0.39948112,-0.2727972,1.430199,1.5623775,1.2183915,1.2243978,-0.122645065,-0.7838775,-1.1720259,2.0609603,1.9482677,0.78103316,0.68078375,0.7223852,0.8690811,1.3485678,0.59878844,-1.0185987,-1.2498231,0.5411404,0.120716244,-1.1653277,2.3657362,1.3924645,2.1373131,1.3271832,-0.5571085,-1.1301272,-1.3058426,-0.81325626,-1.7829299,0.13472973,1.1326377,2.2700598,0.0757547,0.10605278,-0.014138678,1.3969505,2.2173176,2.760073,-1.8970468,-0.041870818,-0.18274264,0.66684556,-0.8432486,-0.6834879,-0.7651167,0.40312636,0.9486253,0.20444241,0.07749379,1.5211452,0.7523033,-2.5042877,1.4528009
1.2497087,0.30675352,-1.705804,0.6868339,0.63380796,-1.398146,0.63215184,2.2096243,-1.1739572,1.1521941,1.3766764,0.703607,0.37095052,0.91676337,1.3214148,-1.5010678,-1.661851,-1.4247721,1.7082903,-1.8778653,0.30799752,2.1986868,0.87409854,1.6943301,-0.6213083,0.3419424,-0.16473739,1.7536187,-0.44021583,-0.15060516,-0.24920748,-1.2895381,2.8947928,2.6621218,-0.0669532,-1.0593733,1.7587634,0.58399177,0.9190162,-1.15311,-2.2224321,-0.5328751,-0.41029343,-3.3527536,0.6674567,-1.9009012,-1.247081,1.5088303,-0.26237258,0.37322816,-0.04120473,0.98413336,1.846198,-0.04844509,-0.96129143,1.2199849,1.5943625,-0.47452155,1.0897073,-1.7371293,-0.24081849,1.3229855,-2.2013094,2.6865318,1.2778482,1.1271524,-1.0348825,3.0721102,-0.20291255,1.4818918,1.1497295,-0.56023264,1.0403246,3.02275,1.562841,0.93931234,-0.6107524,-2.3529844,-0.9589197,2.4373431,1.8649558,1.8024149,1.5750909,1.1843724,-0.25719342,2.056511,-1.323474,-0.2622929,-0.6999224,-1.0243601,-0.10135726,-0.32993034,1.6559757,0.94200706,2.147298,0.6138774,-1.2496116,-1.4678178,-1.8328778,0.6010197,-3.262172,-1.4582615,1.4143642,3.1845264,-0.5142264,-0.5740339,-1.3990091,1.7720032,2.1033912,1.4102958,-2.82852,-1.1357049,0.6223002,0.7592515,-0.29977012,-1.971651,-2.502166,2.6262264,1.6769756,1.3070767,0.93082416,1.1436411,1.983952,-2.142744,3.282835
1.9792746,0.6405151,-2.8169708,0.48333314,-0.14385526,-2.3410482,1.9994937,1.0138705,-1.4841748,1.1345661,1.9818382,0.54467463,0.6006037,1.2074766,1.3527448,-1.9604186,-0.16070963,-1.4717883,-0.1831445,-3.3592281,1.3252231,1.9503524,2.0409331,1.666353,0.6192087,0.6090551,0.79681396,1.7554952,-1.7822495,1.6040919,1.404471,-0.8543679,2.311336,1.3922601,-0.04643566,-1.8323627,1.8151636,1.998208,0.09503227,-1.6444038,-0.9071999,-0.17382196,-1.2689364,-0.7684474,0.13792765,-1.7527516,-2.0899138,1.5338609,-2.2094336,-0.5783908,0.9966572,0.019625966,0.9198407,2.0377176,-0.4655765,1.7823802,1.7219625,0.13442256,0.43031493,-1.08243,2.6220274,0.50201017,-1.9277595,2.2244081,1.0736852,1.1042393,-1.4598597,1.6865728,0.65788954,0.80502766,0.918665,-0.26153794,0.873605,1.1302482,1.4721124,2.0718021,0.4626106,-1.3250217,-1.6591157,2.4911206,1.7563195,0.4516306,1.3674611,0.47573367,0.3511077,2.2622628,-0.425465,-1.2119325,-1.6370673,-0.055337727,0.94506884,-1.7991713,1.8088038,1.9717191,2.8321035,0.5755506,-1.445963,-1.4859225,-2.793751,1.001815,-2.3263443,0.02370523,0.9702017,2.5819492,1.1195203,-1.2079694,0.11256061,1.7371901,1.7482924,3.6686938,-3.5130022,-0.91870403,0.56051546,0.16680843,-1.3655045,-1.4979787,-2.1618812,1.5803831,1.2915779,-0.12668686,0.03172028,2.0416107,1.2561353,-3.9796295,1.7159683
1.5465204,0.14153025,-1.4887588,0.21412805,-1.0466081,0.37897027,0.9578874,1.895003,-1.6064218,0.90890217,2.1705754,1.2912145,0.31695604,2.246001,0.25312275,-1.4192606,-0.5731017,-1.789877,1.0620625,-2.6640668,0.77725965,2.3307834,1.0576072,1.4205991,-0.95467734,1.5415545,0.985883,0.92019224,-1.5176182,0.649597,1.3652414,-1.0515864,1.604503,1.3993566,-0.07776247,-1.2649227,1.4377933,2.052776,-0.4280609,-1.3802649,-0.9620038,-0.19777128,-0.75500077,-0.47829577,0.757127,-1.2821243,-1.2208335,1.9194567,-1.8016875,-0.24376763,0.2819183,0.9599568,1.4797566,1.3504289,-1.2934039,1.0847414,0.37668967,0.110912085,0.8151692,-0.23580739,0.36560374,0.82540685,-1.5759565,1.9446244,1.2778901,-0.21651511,-0.2319968,2.03505,0.24860793,1.4672883,0.34874916,-1.3366191,0.46919736,2.0874662,1.3025019,0.7676199,0.4579885,-1.3660284,0.72252554,0.5641055,0.6642072,1.60053,1.3557397,0.20873645,0.91465765,1.5420634,-1.7062198,-1.5060161,-0.68370396,-0.0880932,-0.3078352,-0.5218887,2.0932152,0.5960382,1.4191266,0.92026335,-0.47317997,-1.702342,-1.70224,1.4003279,-1.2015544,-0.85891855,1.0418644,1.5067558,0.52783084,-1.0648944,-1.1908256,2.049155,0.95635116,1.8164526,-0.7927454,-0.6820855,1.3412409,-1.8273538,-0.73609054,-1.6486442,-1.7571737,1.7220508,2.9132397,0.78103,0.87755555,0.8239025,-0.6855257,-1.3182617,2.2776515
0.3312401,0.8235528,-1.1779584,1.1879336,-0.28681803,0.32561353,0.47877502,0.7158934,-0.34214535,1.75863,0.52520794,0.4861437,-0.1658172,0.7875842,1.6428186,-0.9492027,-0.3921693,-1.9420244,0.62065053,-2.1356816,0.9050274,0.3975771,1.5409375,1.4253081,-0.42663634,1.2547728,-0.5386244,0.6619585,0.13555895,-0.57357305,0.44604197,-0.66629297,0.3660046,1.0249573,-0.93065876,-0.177915,1.2421508,2.516739,0.31368935,-0.43716097,-1.6727087,0.96891177,-1.3684661,-0.7756348,0.050803076,-1.619526,-1.4145205,0.8169286,-2.2902074,0.1865186,0.33843836,0.049930133,0.84303635,0.73736465,-0.9989402,0.31869173,1.1317633,-0.49136132,-0.53256404,-0.6821138,2.2287304,1.156523,-0.9882892,0.54642487,-0.49734506,0.42849627,-1.2862811,-0.09259589,0.2416698,1.5536003,1.2723584,-1.7942271,0.25092688,0.6176994,0.84908473,0.8950745,0.043330986,-0.7745113,-0.15327057,1.9516327,2.2447577,1.4014885,0.72140956,1.7196406,0.45183972,0.558094,0.15768534,-1.8834672,-0.6066181,0.07933566,0.8053507,-0.36193195,0.5418313,0.85250264,1.9536386,0.89818233,-1.2208118,-0.4027187,-1.3471168,-0.51711774,-0.9269584,-0.88922185,0.25976914,1.248607,0.9357043,-1.1022477,0.048987664,1.4489661,0.9876543,0.46091464,-1.1824896,-0.24602795,0.07291859,-0.51633614,-0.22959504,-0.7368058,-0.28624254,2.0384495,0.44890594,-0.3234445,1.3944745,1.5973738,0.15593389,-1.0942383,1.0918154
1.007587,0.98952085,-0.34530652,1.1738229,-0.87483776,0.03084082,1.0855962,0.268471,-0.53837943,0.9652402,1.1098937,0.122211516,0.14360937,0.7682549,0.4289529,-1.4717312,0.17829812,-1.5249465,1.833574,-2.1628802,0.5492405,1.0167776,1.5807095,1.2248347,-0.49139172,0.88708305,0.3204263,1.5700824,-0.47364712,0.48295632,1.7899191,-1.5528247,0.7412818,1.8028234,-1.2396235,-1.0252839,0.80515873,1.8326817,0.18246146,-0.6028238,-0.590572,1.1193184,-0.8872318,-1.2668872,-0.22594374,-1.8770096,-1.551698,1.56983,-1.4230032,0.46299276,0.48680946,0.6164828,1.2288271,0.5782669,-0.80115205,0.77107036,1.1137347,-0.058203787,1.0005164,-0.642039,1.5953963,1.4962566,-1.059128,2.048688,-0.07295069,0.65780354,-0.42963713,1.5132716,-0.53217566,1.8595675,1.2070392,-1.2173744,0.43811336,1.1930817,0.8929455,-0.056429647,0.23063351,-1.3319024,-0.78184724,1.7759894,0.9404255,0.89456874,-0.10380976,1.2242543,0.7858316,1.4352523,-0.46773997,-1.61608,-0.48686543,0.6778387,0.388057,-0.6937791,1.3268543,0.8960419,2.3139427,0.04557122,-1.135874,-0.63804656,-1.9359387,0.03759916,-0.8645506,-1.7740936,0.41589424,1.8292059,0.48109892,-1.3837789,-0.13819662,1.8605952,1.0042344,1.5084019,-0.63732785,-0.621962,0.69824344,-0.4860272,-0.3782425,-1.4828714,-1.3134003,2.0804768,1.0828074,0.4342169,-0.18003352,1.3067579,0.50189453,-2.3666902,1.1797874
0.93092537,0.66778475,-1.5087856,1.1282588,0.3833028,-0.917268,0.64604247,0.29403517,-0.46082386,1.6750631,0.41229364,1.0695165,0.5769047,0.987564,1.6793855,-1.1969506,0.18856901,-1.6937605,1.2796576,-1.7365445,1.0047066,2.4665341,1.3223546,0.7727848,-0.021630311,1.0354934,0.8950264,2.1583078,-0.96811426,1.0726104,1.2538596,-0.10576809,2.0901372,1.4911048,0.7105387,-1.6465852,0.90193695,1.7430336,0.13711752,-0.89529115,-0.2992426,0.82445145,-0.44261706,-0.37076157,-0.51026165,0.27170005,0.080063105,1.0063787,-1.4565889,-0.90311503,0.8774264,0.7025208,0.18143383,1.2009888,0.08871855,1.0895501,0.35906377,0.0377834,-0.015796367,-0.76141614,0.6953785,0.9407672,-1.8757019,1.4742723,0.6044266,0.5214694,-0.9059194,1.6366277,0.26850376,0.73829496,1.5192977,0.39337024,0.20367059,1.0366708,1.8893557,0.904041,0.98139167,-1.6538299,-0.6318149,1.4787552,0.34547758,0.95249313,1.6627108,0.16231775,-0.21122384,0.8397338,-0.83800066,-0.52812153,-0.5014761,0.1932521,0.94755405,-1.3160563,1.7277349,1.48773,1.1363358,1.143179,-1.1994153,-1.3249471,-1.1893739,-0.23481122,0.362873,-0.48217338,0.2924408,2.0959535,0.23568867,-1.0462428,-0.25731674,1.356221,0.4953951,2.0075321,-1.6162474,-1.8111682,0.20690745,-0.5929174,-1.5558406,-1.3658278,-2.097865,2.0455618,2.6913311,0.6892122,0.5743779,1.1325959,0.7733929,-2.384431,0.62202096
3.2934818,-0.8402964,-1.1937053,-0.20919015,-0.40732595,0.42424044,0.120369405,1.613709,-0.31926402,2.2794602,3.2889357,0.22975662,-1.0854185,2.7027822,2.60582,-3.633539,2.3522537,-1.9120083,2.3232088,-0.7749852,0.9497185,1.6885085,3.383313,0.12738216,0.9817287,2.752114,0.76467216,2.0136971,-0.1382829,1.6007274,2.4212785,1.7388871,2.4208992,-0.10743751,0.9966403,-0.97073555,1.0155311,2.4509108,0.85625875,-0.9452407,-1.8515207,0.65275925,1.5785599,-1.4947666,0.53280383,0.4906567,-0.82149196,0.68874526,-1.9071773,-0.8057939,-0.66121006,2.0977778,-0.36879504,0.7240751,0.10749223,0.4853914,1.873686,-0.13732567,0.4912617,-1.021512,3.293674,2.7172577,-1.4165208,1.6031423,0.22314854,-0.3033552,-1.3532345,1.101823,2.3283315,1.2133512,2.9711483,-1.6775765,1.2085065,1.0412673,0.61833537,1.451175,2.3860087,-1.1553211,-1.5916021,2.5982993,1.9234914,0.39152074,-0.18042697,1.019558,0.726362,0.5250618,-2.4237597,-2.3689048,-0.3846527,1.4466528,0.07839133,-0.9239019,3.2058847,2.8304327,4.2811384,1.5700319,-0.6137125,-1.102916,-2.1620255,1.7322687,-0.10085335,1.1148143,-1.46729,3.4796362,-1.3815116,-0.31434712,-0.092647485,3.0405192,2.2077005,2.6965492,-1.4719442,-2.2755344,0.06888665,-0.024144486,0.6837664,-4.0114284,0.036813166,2.479005,3.1479206,-1.9611703,2.1888306,3.145348,0.24137779,-0.64811915,2.166707
2.3568358,-2.435453,-0.33186182,1.0763966,0.9965394,0.9489362,-0.55521923,0.5485905,-0.09785351,1.3037577,2.7845356,0.14597547,-1.349061,1.268598,2.2370822,-2.722459,0.27101064,-0.609177,0.10949601,-0.38262442,0.43471062,1.298672,1.863731,-0.33518043,0.9221516,2.956638,0.49217582,1.5664023,-0.94827914,1.1695182,2.2612836,1.4405572,2.4559567,0.69104433,1.7879493,-0.51178575,2.0117247,3.4255977,0.41993186,-0.4459695,-1.4885129,0.8197938,-0.75527227,-0.91342896,-0.16950282,-0.35702544,-1.0127351,0.83263266,-2.2626243,-0.7889943,0.4217861,1.9284134,-1.0149375,2.5280063,0.6536253,1.3548024,0.6858525,-0.40405652,-0.32891536,0.1558995,3.2525504,1.6970322,-1.0005147,0.50094026,0.7824135,-1.3631744,0.187898,0.89474905,1.2265388,0.71051127,1.4616032,-0.34145752,0.6915196,0.4621606,-0.9670011,2.735075,1.6200271,-0.4138283,-1.4834452,2.7325962,1.8777819,0.36404255,0.5000132,-0.8972277,0.4628624,0.15461785,-1.5849593,-0.9270992,-0.52704376,1.7281032,0.70714146,-1.558759,1.3960516,1.4571291,1.7434124,2.8329878,0.9892142,-1.837766,-1.093506,0.74789435,0.29535502,1.2056593,-2.5726895,1.5186226,-0.581869,0.14137988,-0.070448555,3.156195,3.2471714,2.6024306,-2.2685316,-0.74938303,-0.9139414,-0.49157426,0.44047475,-1.7285764,1.8673128,1.9796776,2.3186,-1.0720605,1.6775885,2.7180636,-0.6996263,-0.28418496,0.980934
1.5354707,-2.0592415,-0.012144411,-1.378821,0.2591528,1.0360057,-0.1054115,1.4684799,-1.1453242,0.8090751,2.1559443,1.3862377,0.1858714,2.1533256,3.1819096,-2.87176,1.1471503,-1.8507652,1.213799,-0.4266864,1.2482659,1.507492,3.1998975,-0.057546526,1.3256226,2.9101717,1.2177105,1.953117,-0.49238062,0.28970063,1.3926892,-0.19634213,2.3171308,2.0748274,2.1821425,-0.5870198,0.9643377,2.0309901,-0.34664124,-1.0014621,-1.7910393,0.7248371,-0.99312085,-3.3898227,-0.37418723,-1.7004001,-0.41759527,1.3053464,-1.6610415,-0.95655495,-0.5029044,2.117577,0.09812959,1.0656958,-1.3892269,1.0871886,1.8384758,0.8040921,1.4037815,1.6723243,0.8567025,1.422877,-2.8272076,0.8229839,0.4956394,-0.8121279,-1.9991311,0.74937385,0.91089785,2.3984814,1.9582062,-0.950832,1.4888271,4.2565107,0.051250145,2.5975416,1.9594529,0.3679167,-0.59446716,1.5060635,2.8326185,-0.0543622,-0.048329495,-1.5385524,2.4088466,-0.8281328,-2.3952649,-1.4790117,-1.0993797,1.4337419,0.6536871,-0.49659714,3.6523485,1.2787862,3.1151485,2.2890127,0.3409668,-3.153483,-1.1910636,1.5573114,-0.740036,1.0115852,-2.1144207,3.482441,-2.6758542,2.027662,0.33204168,1.9506754,1.8415039,2.3954515,-1.2159883,-0.5028694,0.93453896,-0.23104125,0.95614374,-2.674415,1.1139197,1.8964368,3.1001048,-0.68852913,2.2359838,2.4558587,-0.1616584,-1.0696069,2.5817807
1.1294715,-0.80554354,-0.71171755,-1.5576078,0.4025278,0.7775378,0.80230236,1.6388836,-0.9987364,1.8075203,2.9979897,-0.023675408,-0.2862691,2.4073539,2.526099,-2.1879292,0.65403086,-1.4334872,0.09381599,-0.6733569,1.6435802,1.8130645,2.4546492,1.0193957,0.567342,3.278443,1.282851,1.838684,-0.8121597,0.40004417,1.5266236,-0.6014864,2.6125746,1.1401408,2.2704587,-1.9742587,1.2387546,2.0799806,0.51084596,-1.1966921,-1.9044721,0.22572228,-0.8969556,-1.7217469,0.3788371,-1.3791038,-2.0147336,0.6276023,-0.85389423,-1.5758741,-0.1760687,2.1141007,-1.3073395,2.487708,-0.25184032,0.76982915,2.023549,1.8551086,0.055619,0.15952018,1.9004079,0.8272109,-2.0415244,0.8677535,-0.22835444,-1.2828367,-2.460401,1.1378187,1.0156909,1.8428742,1.5833881,-0.036495104,0.8785861,2.7622018,0.2839829,2.8272295,0.6246558,0.29628947,-2.2256455,2.316013,2.561512,0.34860983,0.32681206,-0.6686307,2.1808474,0.6708213,-2.534229,-0.89353436,-2.1728458,1.1074668,1.099686,-0.5265717,2.6087463,1.2288767,2.159826,1.1296908,0.6000117,-2.9174185,-1.6143289,0.31916085,-0.58496654,0.9286531,-1.5001287,1.2211568,-2.021466,0.9371736,-0.09813428,3.7196925,2.9978166,1.3642586,-1.3884207,-1.1776603,0.76050067,0.05912388,0.32095304,-0.89310414,0.48015103,0.37902373,3.045303,-2.4088435,1.0678337,1.6018875,0.42787227,-1.3044889,2.8424177
2.7884736,-0.9870626,-0.84484017,-0.07169968,1.926048,-0.03414181,0.38184696,0.84323186,0.020655937,1.9735992,4.02485,0.76294065,-1.8237953,3.6229064,2.112759,-3.0249288,1.7602623,-2.3392541,2.15786,-1.0679193,2.5915277,2.434208,3.467756,0.16574863,0.7889682,3.4291868,1.9963238,2.9896765,0.29902017,1.9230404,2.3286881,0.33991507,2.4812083,1.3754789,-0.10196513,-0.5779207,1.3780581,3.3938797,-0.21259414,-0.8113119,-2.6009204,0.6702353,0.5832489,-2.678455,0.8493125,0.2659629,-0.5426463,-0.06324579,-1.4764938,-1.3764749,-1.2725965,3.5615656,0.19289552,2.610637,0.09772599,0.28525466,1.0157326,1.430844,-1.1455022,1.3135674,3.7343435,2.5327036,-2.7809732,1.5467638,-0.08778164,-1.351462,-1.738841,1.6002724,0.57171,2.1660702,2.0851831,-1.6629281,-0.14059459,2.9300916,0.8077755,3.141097,2.0443895,-0.0020972919,-1.3680371,3.1019444,2.81618,1.5857983,0.36223987,0.6525139,1.3014098,-0.59135574,-2.076922,-3.3721092,-1.3140488,2.0994546,-0.6468067,-0.14028741,2.4143932,2.067924,3.2202978,0.87690806,-0.7235358,-3.3062441,-1.1409813,0.88470876,0.18487206,0.8717849,-0.9089777,0.6844746,-2.3493211,0.16722411,1.1175793,2.3852184,2.2200327,1.8761774,-1.0931426,-1.657369,1.2894478,-1.4601328,-0.9651424,-3.0792248,-0.09148279,3.332764,2.920635,-1.4302543,1.887087,3.648296,-1.4098488,-1.0804313,1.2939035
3.6167052,-0.02326561,1.3855286,-0.3441272,-0.29204524,0.46620607,0.63198084,0.2162095,-0.34238875,-0.35079792,4.910483,-0.025062177,-0.78070307,3.098748,1.4037862,-2.199657,2.6288147,-2.5570753,1.4369981,-0.9155689,1.1951237,2.2848907,2.4678838,0.89017403,0.9273581,2.5115948,2.359885,2.3105538,-0.7048429,2.4819345,1.5999029,-0.06587642,1.8787434,0.37013832,1.2738203,-0.23604682,1.2863573,2.1421838,0.8014811,-0.39669585,-1.1972893,1.9470066,0.5012986,-2.2696671,0.556948,-0.08519724,-2.6615803,1.8825712,-2.1251822,-0.65040934,0.29750443,3.5408466,0.537032,0.6667206,-0.26861387,1.5376041,1.3276966,0.35349724,0.42925104,0.59880745,1.2357569,1.4801576,-1.3309966,1.4124115,0.06532959,-3.3353777,-1.996775,1.0786253,1.5458007,4.112202,0.7605673,-1.0867606,2.5974445,2.3016212,0.82459754,2.4954011,2.4982264,0.6401304,-1.4135891,3.2761595,5.056266,0.5450566,-0.6049859,1.1617349,1.6604842,0.9326407,-2.3387642,-3.0069818,-1.7735351,0.77700406,0.52422,-2.1270509,3.870305,2.1204739,4.0570455,2.133964,-0.26324713,-4.017807,-0.95350134,0.45835626,-1.7368057,1.7116094,-0.93166655,0.7743102,-0.15641731,0.71315616,0.19145769,4.250915,3.27971,5.2713294,-1.8813078,-3.6561325,1.2716298,-0.6122113,-0.8528679,-4.686629,0.31010723,1.3877394,3.5158372,-1.5000768,3.0796964,2.6850138,-2.023019,-1.2289816,3.4649227
3.4450812,-1.04286,0.23747636,-1.7138202,0.4793956,0.7508389,-1.2343395,2.6004422,-1.0465068,-0.035601806,2.6775913,1.3375894,-0.6250181,3.4764345,2.5651085,-1.5938336,2.59744,-1.2777288,1.0647585,-2.2513196,1.8590764,1.5240527,2.7397494,2.1547923,0.6120481,2.4041653,2.0152967,1.1970109,-0.07056588,1.0831356,1.309117,1.3877205,3.4178147,1.2631347,1.9650737,0.35255557,1.8104081,2.281076,-0.8563399,-1.043843,-2.121455,-0.38965353,-0.8236551,-2.2628078,1.8788474,0.53083426,-2.1609216,0.89020777,-1.5278473,-0.118879355,-0.1340995,2.60109,-1.1140139,1.137075,-0.44564202,2.2485158,1.490355,0.81215817,0.34419078,-0.26208687,0.6727081,1.255939,-1.1408943,0.06585922,1.1202642,-2.5176995,-1.3298188,0.8731238,2.2803855,2.2127159,1.9696047,-1.0706489,2.9348838,2.846416,0.47438666,3.7205336,2.455813,0.47406995,-0.8321819,2.4937916,3.2490332,0.46909106,0.15293671,-0.33996975,1.560819,0.948424,-2.553561,-2.673861,-2.316393,0.4482134,-0.8141045,-2.205801,3.539846,2.6965704,1.84748,1.3778392,0.84409004,-3.4148946,-1.6714915,0.92430425,-1.1100974,2.7081401,-1.2582685,1.2345364,-0.0031773597,0.6783445,-0.60347223,3.877744,1.8306078,4.055677,-2.1053112,-1.4478203,0.9662539,-0.7272968,-0.18465939,-3.2320614,-0.7717965,1.8879172,2.8674502,-0.8598926,2.6823597,2.9865882,-1.5894636,-0.043802448,1.9478421
2.463591,0.69055545,-0.5127384,-0.9712622,0.23056689,0.6565143,-0.32324597,1.5521293,-0.4135362,1.919365,1.9844939,1.5357116,-1.1705155,3.5124092,3.752913,-2.0909305,2.3534641,-1.8324867,0.32937938,-1.1609714,1.723682,2.7509925,2.7471926,-0.11576431,1.02212,1.9180135,1.3961031,1.1447726,0.33639243,0.56550086,1.1856749,1.3457876,1.6885121,-0.18544996,1.1525886,-1.0346775,1.1107737,1.2132673,0.8304872,-0.799163,-2.122294,1.0042338,-0.06978517,-1.3872656,0.18582788,0.42809868,-0.89648557,-0.5567064,-0.9635059,-1.8966722,0.7784386,1.7226648,-0.49024415,1.3068153,0.1304174,0.9708079,1.0156963,0.8878949,0.3949113,-0.8686868,1.3983411,1.5507689,-1.4901054,-0.097706854,-0.10688648,-1.2371508,-2.069136,-0.32526925,1.544623,1.1860785,1.8577408,-0.34857616,1.9704609,1.7059082,0.016957056,2.492981,2.4692702,0.17803895,-1.2088789,3.0066357,3.4559364,1.1262677,0.09909065,1.4070975,1.9260228,-0.25984907,-1.4149661,-1.9009321,-1.4424963,-0.34623188,0.92549217,-1.0110704,2.3763738,2.065543,-0.36447704,0.97024095,0.34319508,-3.0305407,-0.22420974,-0.17952332,-0.06309218,1.661651,-0.24723017,1.2262348,-1.2579046,1.0870625,-0.23944983,4.4025207,2.461201,2.1792536,-1.2767874,-2.1938581,0.87963605,-0.6159413,-0.4561704,-2.8868437,-0.47021037,1.449022,3.2053993,-1.4244258,2.4102006,3.021546,-0.43512002,0.14738618,1.0970026
2.7521708,0.9791395,0.7377611,-1.4051199,-0.32192954,0.19051395,0.90443784,1.4179993,-0.4161059,-0.63748974,3.5560153,-1.2454145,-0.19526218,1.4153627,1.4488335,-1.7429447,1.5643215,-0.9847542,1.82124,-0.7571526,1.0683367,2.033393,3.0630724,0.70969975,1.3539407,1.353278,3.3060443,1.2007407,-1.4131018,1.8729597,2.145996,0.03804049,3.221841,-0.49678817,1.3005086,-0.5399705,1.3560584,1.196602,-0.120916516,0.22265384,-0.5413451,1.357723,0.9043501,-3.1994514,-0.19423701,-0.37493902,-2.0000176,1.9835032,-1.7037218,0.22053061,0.77098775,2.5967984,0.29397276,0.46492094,0.77045655,1.1473625,1.8406781,1.600585,1.1992873,0.6907071,-0.0048484504,1.8802338,-1.3184004,2.3605773,0.6960123,-1.5346133,-2.8858457,2.1234765,1.6640415,3.3938446,2.2420025,-0.68221384,1.9700418,2.7789416,0.31210047,1.2855921,1.1281626,0.49364161,-1.6764966,3.2036142,2.317942,-0.5055051,0.49723873,0.1693753,0.2996703,1.3325794,-3.1661572,-1.3404766,-1.9982482,-0.025752567,-1.0030482,-1.3031149,3.9447248,1.892311,2.6237013,0.99021447,-0.4701852,-2.5710168,-1.2873216,0.9871199,-0.6007781,0.92021036,-1.7828645,1.7469454,-1.3886772,0.24079563,0.13366881,4.278223,1.5705523,4.3554115,-2.667495,-2.2108736,1.2507745,0.41727534,-1.0160816,-4.356396,0.44600898,1.1284096,3.6688209,-0.8603288,1.668943,2.299185,0.3446328,-1.494022,3.1104617
2.8974154,0.075829856,0.06944546,-1.6713765,0.8146475,0.06480592,1.5889274,1.445015,1.0155494,1.104441,3.7844975,-0.07382739,-1.3062174,2.523117,3.0335145,-1.8542172,2.17231,-2.3347454,1.3393235,-0.49928734,1.0211769,2.9156675,2.4489799,0.5859108,0.7848176,1.9155965,1.7859626,1.3953159,1.0483805,1.8466558,0.94486743,0.14270966,2.3165317,0.99684834,1.2452179,0.1701541,1.5134634,1.4930705,1.0911798,-0.67234266,-1.8052648,1.214039,1.2538205,-2.6839788,0.26597887,-0.18414207,-1.5274726,0.114497386,-1.0495454,-1.7218299,0.9953383,2.8463278,0.27773157,1.0564077,0.8182808,0.89507115,1.4953685,0.6211209,-0.0636702,0.87587774,1.7477013,0.9397146,-1.2746999,-0.14149508,0.7373942,-1.7388808,-1.8064077,4.760921e-06,1.1675596,3.3476288,1.1770747,-1.6723331,1.325595,1.709405,0.81916726,2.181102,3.621357,-0.47789988,-1.4840088,3.1529484,3.7056386,0.67836934,1.0618792,1.4931015,1.6582069,-0.63482624,-2.3589196,-1.5144053,0.0057818964,-0.11423127,1.0103152,-1.0914824,2.5056229,2.9522622,1.5793302,1.5383055,0.3938037,-3.6308532,-0.38020688,-0.2794274,-0.8920279,1.5258462,-1.3391132,1.7005397,-1.868493,0.05401367,-0.052772164,4.7538586,1.7909689,1.786873,-0.8500995,-2.2226498,0.9974699,-0.39897794,0.85472065,-4.229691,0.18395536,2.8666306,3.630537,-1.3979663,3.2720444,2.6762066,-0.27811432,-0.8012681,2.7176673
3.5971215,0.6159851,0.7010576,-0.1232162,0.73912126,0.44495523,0.6384498,1.619452,-0.21054985,0.3277507,3.1468847,0.14638829,-1.1348994,1.6751783,2.5258222,-1.8012785,0.74424773,-2.111201,1.179196,-1.6104516,0.93856514,2.170338,2.702313,1.9085641,0.22386032,2.4965556,1.9160792,0.6649495,-0.232436,1.5608008,2.6602447,0.36710402,1.9366528,0.5459051,0.7127049,0.06833848,2.7162673,2.217853,0.19069754,-0.25744715,-1.2761438,1.4933248,-0.5152301,-3.1156118,0.64437205,-0.12956321,-1.197939,1.6901824,-1.6045874,0.3899117,-0.3448165,3.0183933,-0.3455825,2.6131153,0.9294697,1.9459641,1.4738898,1.6114255,0.46033084,0.81867576,1.1649662,1.024681,-1.6694813,0.99143034,-0.24406359,-1.1690068,-0.90702033,1.3646212,2.181126,3.517828,1.709209,-2.0040264,1.4410868,2.6031427,0.3708484,0.952915,3.3390152,-0.097603746,-0.9291932,1.913307,2.661825,0.2238324,1.22071,-0.54001224,0.7271221,0.12608102,-3.6407955,-2.179243,-0.5317766,1.4404173,-0.12572129,-0.93386173,3.0007272,2.913388,2.3178089,0.6904527,-0.3152535,-2.6819956,-1.0741339,1.450196,-0.48631105,1.5573066,-1.64851,2.882505,-0.734143,0.0047358153,0.022897406,4.1851425,1.0828927,3.0226378,-0.9317079,-1.602238,1.066114,0.16710116,0.2655072,-4.2845945,-1.5447772,1.4629692,3.2360435,-1.2424515,3.1479757,2.5979948,0.09625761,-0.45268524,3.6187136
3.1390488,-1.444279,-0.21662499,0.45893648,0.50061965,0.86954063,0.365606,1.0715637,-0.60391366,0.8743125,3.8236842,0.013184728,-1.2513402,1.5040039,1.7317829,-2.0838702,0.7194823,-1.8860865,2.0846863,-0.81323665,2.9902241,1.1699436,2.5586822,0.017250724,1.2221694,2.7620733,1.0080082,1.5851433,-0.56314874,2.1768577,2.6811008,0.48200193,3.1434414,0.05717118,1.2223918,-1.0787007,1.2638985,2.846992,-0.035356846,-0.93204355,-0.58149695,1.0635443,-0.22949676,-1.3486109,1.5466594,-1.2376173,-1.2162704,0.9425854,-2.3828344,-1.619593,0.502511,3.0084372,-0.1868476,2.233077,0.46603826,2.322292,0.8475699,0.6800365,-0.95826185,0.5876502,3.9003077,1.2570211,-1.7818893,1.0152065,-0.13833734,-1.1450663,-0.5432623,1.803231,1.3431613,0.8960843,0.85135525,-1.4394592,-0.32850415,0.7262864,-0.45778435,2.5182383,1.8844391,-0.14375457,-0.6887004,2.4726815,1.7047974,0.48264763,-0.0045149606,0.2919422,1.447424,-1.3148291,-1.9651133,-1.3112425,-0.16136526,1.1297339,-0.109819114,-1.061322,3.181323,1.9294274,2.8778055,1.4951054,0.54069704,-1.4874908,-1.965898,1.7105316,0.7312692,0.6156767,-1.7832958,1.8579867,-0.4990335,-0.6319238,-0.907063,2.0835805,3.1452796,3.3485518,-0.8915309,-0.56527066,0.16463906,-0.76380235,-0.50387037,-2.8715937,0.9833941,2.0032098,2.7990806,-0.75588155,1.4079071,3.0811205,-1.4629345,0.10158369,1.1270491
3.5557508,-1.0165848,0.60096323,-0.15770654,-0.44043174,0.708415,-0.4790456,1.6532435,-0.9453966,0.648184,2.7567632,1.0427221,-1.2962992,2.6550758,2.031045,-2.1259096,3.0407033,-2.48382,0.039314136,-0.6538631,1.3783816,1.4672441,3.7096167,0.65564054,-0.60739493,2.9884613,0.2559816,2.8742316,-0.18335995,1.064477,2.1607296,1.7141213,2.585192,1.7995491,1.738317,-1.7564279,0.88663423,2.956566,0.80415267,-0.7359233,-0.49223268,-0.2925534,0.058375105,-1.2778182,1.2456305,0.39936975,-2.6378362,-0.18347207,-1.7674669,-2.135559,-0.049944777,2.0809994,-0.24987645,0.51938623,-0.15789302,1.6599106,2.07743,1.8052334,-0.7875221,0.15897448,2.9231985,1.1867439,-1.8364638,0.6299527,-0.2284077,-2.1773021,-1.2699666,0.2620495,0.64083564,1.5086079,1.4423527,0.13836743,1.2387654,0.3438444,0.2604402,3.4993105,1.4334815,-0.06884896,-2.365294,2.939785,2.9767704,1.1806374,-0.98475355,0.4398161,1.6685505,0.72877604,-1.988768,-2.5852833,-1.7526072,0.56727695,-0.30977038,-0.8919326,3.421416,1.9812864,3.0742326,1.1180384,-0.20679401,-2.7873144,-1.6566339,1.7025654,-1.0547259,1.8467702,-0.72202605,2.4004872,-0.5396107,1.878927,-1.3209717,2.1738884,2.3118184,3.2047284,-1.2514769,-1.6611432,0.31135443,0.22346935,0.8476483,-2.673367,-0.6510979,1.2240692,1.9211259,-1.8298788,1.2547953,3.141906,-0.06795391,-0.97268075,1.9253873
3.4764447,-1.3781536,-0.6100036,-0.028322926,0.22458696,-0.3322002,-0.23330325,-1.2119963,-0.0548044,0.88692987,2.1676664,0.54946256,-1.5836363,3.002365,3.0319784,-3.299429,1.3273898,-0.9675229,0.29632786,-0.41443592,2.0922933,1.4762377,3.383686,-0.24506754,0.78243816,2.4915376,-0.35420007,3.7228837,-1.8405106,1.7976478,2.1929963,1.5358127,2.689417,1.5299575,2.9015994,-1.3601029,1.4005507,3.4919338,0.5755252,-0.21700355,-1.8673981,-0.023725264,-0.503363,-0.99946946,-0.25171313,-1.4256855,-2.284467,0.67834145,-1.6494188,-2.231526,-0.3514727,2.495053,-0.6604695,1.182446,-0.106322385,0.87648124,2.6316803,1.4861026,-0.51281697,0.73250175,3.0193515,1.9222815,-1.6345596,0.7698181,0.6387398,-2.3580494,-1.1461717,2.0016894,0.54275185,1.4674515,0.6244736,-1.0233173,1.8679471,1.752099,-0.03783813,3.7336667,1.1320372,0.62848157,-0.87737805,3.6463437,3.4608564,1.3225024,-1.374803,0.6283717,0.96270645,0.8938927,-1.1037496,-1.6900008,-2.5870645,1.2694674,0.90112597,-0.577895,2.2320771,1.5309526,2.2443287,2.6141896,0.60051954,-3.2738154,-1.4992068,0.6355302,-0.7540159,2.6219563,-0.82090336,1.2158931,-1.4606466,0.28424746,-0.09323871,3.1789887,3.2058034,4.0415387,-2.4627163,-2.12408,0.03277413,0.49195358,-0.08120451,-2.0954425,0.47659418,1.7170458,3.1448011,-1.1988657,2.1421447,2.945589,-0.90834725,-0.89547324,1.6041687
2.5194428,-1.3164601,0.99280286,-0.564851,-0.8450316,1.0806446,1.0997584,0.98570657,-0.3401168,1.6978236,2.760719,-0.16703334,-1.6831388,2.4403944,2.3617942,-2.6172247,2.1520236,-0.5369521,1.4886814,-1.2501172,1.915513,1.6544627,3.612932,0.18537283,0.808998,3.867867,0.63502526,0.7082958,-0.54197717,1.1989831,3.3743694,0.82016957,2.0762615,1.5290295,1.527767,-0.032899342,2.2014914,3.577756,0.1145764,-0.839746,-2.2559917,1.0574634,-0.7082519,-1.2182318,0.6233535,-1.4907234,-1.4647243,1.3629025,-1.1765786,-1.750193,-1.0746628,1.9242706,0.47459477,2.3153443,1.289857,2.1289992,1.7625495,0.49993074,0.7596621,1.5668277,1.6494526,0.1991096,-1.7682327,0.9043808,0.28527632,-1.6158872,-0.2449423,-0.066129796,0.8686628,2.5120325,1.4262053,-1.2320056,1.8963723,1.6777968,-0.30817276,1.3931189,1.5202498,0.18258971,-1.7510042,2.2596955,1.318352,0.4524732,0.1508967,-0.5448137,0.5169255,1.9282894,-2.4790747,-2.3001916,-1.3339515,2.2658145,1.2914411,-1.4022423,3.1411417,0.88819045,1.7933266,1.277976,0.7939557,-0.52299875,-2.1589124,1.9173266,0.70419085,2.0546038,-0.095126644,2.7445724,-0.4314806,0.8309234,-0.45592722,3.7531083,2.1262805,3.194638,-1.3675506,-1.8455063,0.8843776,-0.8191576,0.9778776,-2.1629465,-0.23993915,1.6020802,2.6843793,-0.7602721,1.0960637,3.0113049,-0.2753305,-0.71338457,2.932446
2.615438,-0.7729203,1.7255106,-1.0142424,0.3201517,0.3361944,1.2471102,1.2043726,-0.5462176,1.1691782,3.217539,0.7682227,-0.005520286,3.5214643,3.063504,-2.6661072,1.6753098,-0.75369155,0.5696313,-0.6415997,0.9051603,2.5710192,2.6223629,1.5592737,0.17563961,3.6853852,2.403079,1.5770003,0.3338443,1.3818868,1.7426682,-1.2893593,1.9688631,1.0686752,3.4286895,-1.6086313,1.8848995,2.8380177,-0.5165658,-0.5607531,-1.467938,0.30001834,-0.5707481,-3.2743406,-0.44142765,-1.4655163,-1.748284,1.1871998,-0.48369244,-1.2542951,-0.1695137,2.5033772,0.55935526,1.1231569,0.3659203,0.91533214,1.938256,0.73292875,1.3906246,1.0291063,1.1393213,0.13318823,-1.4701064,2.1134756,-0.28229752,-1.6146408,-1.7203296,1.9695852,1.301969,3.7230647,1.0764252,-1.9759648,1.8797876,3.6471605,1.1867054,1.8115011,1.8148885,-0.28202972,-1.4326936,2.603396,3.825917,0.65980095,0.12603188,-0.41195467,3.0260108,1.3294393,-2.7937102,-2.3467703,-1.0832275,1.4963896,1.4782503,-1.3887734,3.1558475,2.3395247,2.8673897,2.4645813,0.2696973,-3.2053049,-1.5210942,0.9836615,-1.2203124,1.5893196,-1.6233944,1.763251,-1.9354161,1.1258618,-1.035874,3.746017,2.3735888,2.5034475,-1.9128067,-1.3109564,0.5703206,0.32080036,0.9703895,-2.8746397,-0.8742178,1.6405514,2.9221778,-1.1216615,2.16092,1.5474715,0.69886357,-2.020027,4.6277537
3.8372984,0.8051987,-1.0577712,-3.1610625,0.1353254,0.78039825,0.82089365,2.5990036,0.7086002,1.4184358,2.5834575,0.7993794,-1.4426405,4.0025344,3.6641583,-2.9686065,3.9091222,-1.3473703,0.27835098,-0.37699872,0.60880077,3.2481956,3.0478883,0.75719845,0.2848403,2.7873645,0.9305286,1.6184734,0.6578363,1.2494894,1.8020912,1.4029107,1.8413099,0.80314016,1.3273886,-1.5385219,0.84567857,1.9621469,0.92197865,-0.2557633,-1.0406299,0.2193561,0.28344822,-1.2818366,-0.1976578,0.1491837,-2.097577,-0.93078816,-1.2316531,-2.5380228,1.492086,1.3845236,0.6993214,1.1634748,0.39251634,0.9308749,2.8899534,1.9268713,0.061956517,0.013345789,3.102273,0.4475915,-0.4902686,-0.18152432,0.91410863,-1.2068062,-0.98212606,-0.31332538,0.54187775,1.1559553,1.9291819,-1.1398821,2.8101888,0.9988735,0.94475466,3.4556262,2.5908828,1.3511872,-1.9541113,2.9323065,3.6390772,0.13866872,-0.3559169,1.7398111,1.054538,0.3630512,-1.6051723,-3.153047,-2.2026353,1.4238547,0.8605403,-1.5120621,3.311093,2.8531544,2.3273032,0.97377944,0.25801262,-3.1036868,-1.5879979,0.803325,-0.2640988,2.3687027,0.3222241,1.8292521,-1.7286031,1.9121484,0.41457534,3.3114376,0.8692175,3.1282315,-1.5421548,-2.1958241,2.363645,0.10956522,-0.1182945,-4.0467215,-1.3815805,0.90820694,2.3279183,-2.3058543,2.231884,2.2366517,-0.5650087,-1.4178182,1.4647076
2.842809,0.95658135,-0.3126336,-2.2306747,0.41626856,0.24541,1.7997549,1.7402301,-0.2750343,0.24162075,3.3900359,-0.5012262,-1.9335222,3.0029676,3.2628791,-1.8746154,2.5517178,-1.5264287,0.1985111,-1.581618,0.4583118,2.9186697,2.8377342,1.8489327,0.6926993,2.44483,2.6533105,2.2465596,-1.113149,1.8280951,1.981796,-0.6837067,3.0357318,-0.0066487677,2.0090852,-1.2798268,1.1690648,1.3617235,0.68088424,-1.2936631,-0.8722402,1.101191,-0.15857281,-1.6713002,0.37564757,-0.54798335,-2.209757,0.7771385,-1.4672792,-0.9143029,0.55824697,2.832009,-0.6224887,1.700272,1.8525081,0.98333544,2.215354,3.3113072,0.3550523,0.78869665,1.372556,-0.35000464,-1.110509,1.3099096,0.5988264,-2.0233824,-2.4843874,1.2743324,1.300647,2.5681639,2.0844839,-0.9734725,1.1216414,2.7712138,1.1450746,3.546412,1.2821562,0.99073434,-2.578906,3.3504663,2.8189242,0.35217795,0.67458063,-0.010566538,1.0689468,1.1264868,-1.927494,-0.720879,-2.4938502,0.2168593,1.2121862,-1.4414186,3.1441288,2.8264773,2.586246,0.47305062,-0.22515352,-3.5140753,-0.71960783,-0.2347613,-1.173275,3.6746202,-1.0092323,1.2246261,-1.3492581,0.9740133,0.4866489,3.5399365,1.3709596,3.0093422,-3.1185665,-2.1970541,0.82482314,0.50618345,-0.63313293,-3.105027,-0.85943335,0.1442168,3.4721565,-2.35243,2.4258432,1.2077086,0.52857137,-1.4118398,3.4855545
2.2272222,-2.16629,1.3796992,1.3442358,-1.0986406,1.396365,-0.4269162,1.0253416,-0.8621494,2.0356467,3.4006753,0.061245546,-0.705148,2.3709948,2.3991263,-2.623303,2.7107406,-3.894298,0.7301699,-0.5637695,2.2616403,1.3280364,3.245025,0.7719613,-0.10739934,2.7447546,-0.37076062,2.3960214,-0.35261396,0.19958174,2.0398512,0.49873242,1.4726784,1.4047369,0.6436091,-0.5986132,0.973649,3.4990551,1.2334912,-1.5059096,-1.2240003,-0.39459154,-0.6151992,-1.3454487,1.1958424,-1.0289797,-2.2483678,0.54794973,-2.64094,-1.4845132,-1.3469785,0.41243574,-0.26889968,2.3466644,-0.6958175,1.7055799,1.0266879,0.67990124,-0.6980224,0.9940275,3.6543038,1.593194,-0.91060317,1.2136203,-0.9809624,-1.8598905,-1.6929734,-0.7926529,1.4184757,1.8559778,0.84616965,-0.41841543,0.5014486,1.5660571,0.12881762,1.2912254,2.3085828,-0.4993597,-1.9071623,2.5365698,3.7059562,1.0589191,-1.0060716,-0.21733293,2.7727757,-0.06401244,-1.827977,-2.634731,-1.242043,1.6638582,0.7717881,-0.23370267,1.9560505,1.496997,3.9591312,1.4883751,-0.6735986,-1.8950685,-1.39772,1.4944054,-0.18438037,0.48566854,-0.42666447,2.7558935,-0.20711035,-0.1588519,0.52583796,3.3710124,2.987467,1.7988431,-0.56988496,-1.4837646,0.45488244,-0.31353816,1.5547585,-2.9394913,0.21558635,1.9347638,2.357617,-2.811776,1.5358208,3.4247932,-0.6211415,-1.1856804,2.4928787
2.5364172,0.21949926,0.21476108,-1.4302086,0.3277591,-0.8506541,2.1986222,0.35514268,1.1225715,1.027742,2.3577106,-1.024819,-1.5570178,1.2873149,2.5037074,-2.1622415,1.2438514,-0.582996,0.83476126,-0.4954822,1.9996023,0.97403735,2.6686642,0.41140163,1.9066492,1.8903308,1.3547256,1.045741,-0.026122294,0.78197336,1.4954554,-1.2705091,2.1315463,-0.10918546,0.77604276,-0.2833733,1.3638902,2.2852738,-0.36674267,0.788719,-2.0286195,0.1435879,0.22769973,-2.7884665,-0.8676765,-1.8909017,-2.1329093,0.43689206,-0.6393457,-1.1199716,0.6832048,1.8045069,0.14243658,1.3083498,1.1921046,1.0007148,2.4102933,0.9047358,0.60711694,1.0388583,1.3631066,0.6346697,-0.85164875,1.004732,-0.03321786,-0.5634567,-2.2276773,0.2041992,0.41313103,3.0524123,0.6352469,-1.8888022,1.1232855,2.25885,-0.23203042,1.9595617,2.4365466,0.10117393,-1.682443,3.728918,3.3479323,0.5021736,-0.02008778,1.0292746,1.0695636,0.94840616,-1.1957438,-1.4389747,-0.65178305,-0.034679633,0.43475857,-0.70437473,2.5523307,2.584162,1.738435,0.32567668,0.23734877,-1.7681537,-1.6936326,-0.88707775,-0.8209701,1.4090765,-1.3370649,0.7471098,-1.5786284,-0.57684124,0.30122018,3.7778802,1.8399796,2.4055362,-2.2196214,-1.270012,0.026499845,0.30627808,-0.14400625,-2.6568167,0.2247824,2.2262688,3.4559438,-0.6275028,1.4754157,4.055533,0.44422022,-1.4624084,2.4738717
2.2212272,-0.70269126,0.8995084,-0.41225383,0.82807016,0.6399437,-0.3742089,1.0300353,-0.5192487,1.276006,1.615655,0.14464334,-1.0406804,1.8410945,2.4646678,-2.249215,1.2826333,-1.0917965,0.9154764,-0.38909772,0.93284583,0.33176738,2.2591226,1.1384008,0.43232614,1.4386226,1.5043912,1.3487645,0.43903545,-0.57705486,1.5963447,-0.29665068,3.5998223,0.48344958,1.2590612,0.1513775,0.33379653,1.8962697,0.3687443,-0.10435449,-0.9569069,0.17767788,-0.7804317,-2.324629,0.6028375,0.7318645,-1.5548985,-0.005071651,-1.7915922,0.0025098734,0.5102591,0.7269614,-1.283143,0.9253363,1.4315597,0.9640785,1.7973502,1.816394,-0.23071674,0.37324134,1.5974165,0.45768204,-1.687531,0.5847491,-0.6548674,-1.2506725,-2.171358,1.1107367,0.479133,1.7037816,2.2687583,-0.6912586,0.72424513,2.1925807,-0.61254996,1.8077759,1.1041743,-0.3906427,-1.6351203,3.226582,2.9402757,0.5276231,1.0551193,-0.3651097,1.8454007,-0.09781612,-2.313846,-0.97263557,-1.221544,0.81787777,0.41103035,-1.4758314,2.7382293,2.5642924,1.4532315,1.2312309,-0.022100883,-2.4036791,-0.11681269,0.19840434,-0.03954336,2.2857838,-2.2449782,1.7913721,-1.2427092,0.76823425,-0.42426026,2.949699,2.1275477,2.3289592,-1.2511678,-0.6799763,0.23075888,0.57989687,-0.5243859,-2.604549,0.31152803,1.8885316,2.4429631,-0.95196104,1.5904683,1.7440242,-0.7592304,0.75940967,2.5265324
2.569019,-2.4599965,-0.032771245,0.45457074,0.8962545,-0.34828192,-0.599759,0.20350406,-1.3306681,0.91047037,2.8310733,1.364758,-1.3878732,1.3744842,3.1951687,-3.204137,2.0686007,-2.4674103,1.2411195,-0.89270437,0.92451143,1.8102987,2.4125881,0.049405523,1.0580722,1.779789,1.1441293,2.1255517,0.17110744,2.9434147,1.8462815,1.2456625,3.3192377,0.9792212,2.1527512,-0.3304703,2.0831835,1.3019179,0.59461415,-0.3691424,-1.4837615,0.37500674,0.23361735,-1.8691999,-0.73694736,0.87353164,-0.4114922,1.032702,-1.194871,-2.18356,0.1263656,2.3329372,-0.9775756,1.3840035,0.72924834,1.0984848,0.6485206,-0.09602581,0.79849625,0.21895088,2.5371745,1.0879611,-1.3213172,0.4585586,0.3023347,-1.9493486,-0.74795246,1.1093513,2.1539211,0.6246053,1.5377339,-0.4605307,0.69998586,1.3906149,-0.13138267,2.0681012,1.9715401,-1.1639888,-2.0903106,2.472195,2.4186826,-0.14082521,0.27193168,-1.2461672,1.2619686,0.36504105,-2.0304966,-2.0334084,-0.7030174,2.0063486,0.9652375,-1.6760358,2.7686398,1.7475916,2.3640106,2.600672,0.7474903,-1.5053148,-1.0052466,1.9114851,0.017413808,1.7418811,-1.8419255,2.8667626,-1.5157521,0.6294333,0.20833448,2.3561754,3.153974,2.8062232,-1.6692488,-2.468011,-0.8513266,0.43661866,1.203446,-2.499744,0.10403804,1.3830286,1.970503,-1.2474391,1.6770457,2.6606095,0.33851674,-1.4549588,2.0968118
3.0121377,-2.1990752,-0.54239976,-0.9907567,0.24519065,0.42646906,0.030030593,2.2803588,-0.8065798,1.2394679,2.2972798,2.3104634,-1.802674,2.1525154,2.1827197,-3.9561071,3.0601137,-2.6594057,1.4389946,-0.6552432,0.79893076,1.8762646,3.927082,-0.49015427,0.9138436,2.4773104,1.714172,1.8352715,0.256569,2.252428,1.4189467,1.3450886,0.9158407,1.6250309,1.4780991,0.036502153,1.5190974,1.7939065,1.1413391,-3.1332154,-2.4015546,0.13920386,0.041390143,-2.03752,0.607949,1.0493653,-0.21536562,0.07542218,-1.9766494,-2.5664995,-1.4065685,1.8272096,-0.46089044,1.7145237,-1.1734405,0.6153027,1.8271452,-0.51341105,-0.5196739,-0.25100124,2.7986133,1.0906485,-2.0985467,1.2677441,-0.016429748,-1.9291841,-0.7874509,-0.6656064,0.8170082,1.0019635,2.1494014,-0.6579683,1.6096607,1.3674704,0.6777423,3.4469142,1.9421545,0.19978425,-1.1369191,1.3940535,3.1068618,1.3021865,-0.47670114,-0.170865,0.7182025,0.3936874,-2.047509,-2.9778488,-1.7226256,1.9219043,0.77356315,-0.2955214,3.5339134,0.99269015,1.9852067,1.1335013,-0.09413128,-3.1576982,-1.6070056,2.5327935,0.29970032,1.6227981,-0.76389956,3.0365474,-0.6297273,0.34175768,-0.38765416,2.4168832,2.2531722,1.9580886,-0.7915867,-1.8619806,0.6193912,-0.89900964,1.7233571,-3.038468,-0.5374767,1.5454246,2.496914,-1.1017609,1.9852829,3.8448799,-1.4183596,-0.45136273,2.7080102
1.8974197,-0.9006663,1.0084629,-0.7598646,-0.7426339,0.23529987,-0.036177,-0.06627654,0.2137927,0.5389142,3.2336476,-0.48696548,-0.075573966,2.5810354,3.4364996,-1.2294446,2.4415064,-2.1290536,0.089742005,0.2542853,1.6802229,1.4193937,1.4283495,1.8347632,-1.103308,2.750863,0.15203555,2.8028975,-0.6004719,1.2832416,2.196068,-0.092597164,3.4773088,0.58950186,3.197683,0.52749914,1.2177055,1.8675978,1.0007039,0.3243462,-2.0460172,1.5633849,-1.5869267,-2.6421912,0.5628325,0.06384121,-1.4333426,1.8044324,-1.2517015,-0.5481937,-0.54760396,2.7550762,-0.9386421,1.3111724,0.6669674,2.8958795,2.1409702,0.28512582,0.3035832,1.0197558,1.6240989,0.78541845,-1.0713681,0.372688,-0.4154751,-2.4878902,-2.621761,1.4074229,1.9248385,2.944908,1.1520027,-1.0945525,2.4685876,3.4706929,0.5844881,1.0728855,2.9407456,-0.22703472,-1.9256396,2.853118,3.061471,0.17178923,0.4718747,0.46056965,2.954118,-0.035610363,-3.8284597,-1.847986,-2.2228696,0.46073225,1.0952654,-1.6088034,3.7275357,2.5927289,3.9352632,1.3477827,0.59284914,-1.6162106,-1.2027285,0.52672786,-1.6235932,2.6522307,-1.5684255,2.9060752,-1.2552011,0.47317252,0.35554555,3.938946,1.853359,3.3037832,-1.5453094,-3.9421904,0.67558587,1.0732937,-0.0022570193,-4.506031,-1.097703,1.8986125,2.6020303,-1.012374,2.4682665,3.3198237,0.6568103,-0.30598062,3.6363657
2.457633,-0.11253645,-0.83651036,-0.6244084,0.46621487,0.680475,-0.3672733,0.92118007,0.012468785,1.8941423,1.2268168,0.42159185,0.37448308,2.794393,3.0051033,-2.4173605,1.2428144,-0.9994113,1.6204753,-1.2385244,2.437828,2.6113818,3.0893822,-1.0707656,0.98436546,2.2859876,1.4133562,1.6458172,-1.6883034,1.1679678,2.3434887,2.0677545,2.2457607,0.6930187,2.3784785,-1.7988149,1.017922,3.2524788,-0.20434137,-1.1115835,-1.0741417,-0.51784027,-0.5163204,-1.3260305,-0.46042696,-0.39940998,0.5242328,0.24487366,-1.4956441,-1.3002774,-0.5694752,2.384043,-0.19911562,2.3877437,-1.2736866,0.60838795,1.8386155,0.8967579,0.098756045,0.04449758,1.8563802,2.4337075,-1.6926823,1.3677561,0.09662835,-0.37168902,-1.2187006,1.2977178,1.8864617,1.0319796,1.6920561,-1.0105422,1.3799891,2.470427,1.7039454,1.7192774,1.7703874,0.85451645,-0.5014476,1.578053,1.7370261,0.1888628,-0.537489,0.5369869,0.3125098,0.77577007,-2.3278353,-1.7934566,-0.7558262,2.2709413,0.62804604,0.015029421,2.3977494,1.479936,3.3679965,1.5860919,0.26768845,-1.9095026,-1.5933366,1.8176917,1.4177294,1.0187988,-0.8002737,3.2107315,-1.2479465,0.11853319,-0.73288137,3.3842967,1.5338551,1.9784625,-1.8997905,-0.99814767,1.0826081,0.18325399,-0.6154624,-3.0913875,0.5313048,1.7759511,2.9283612,-1.2510895,2.233443,2.8629787,-0.1620516,-0.57188284,1.0603951
3.4698148,-1.5696099,-1.0608556,-0.1212743,0.7084539,0.15382004,0.46712488,0.7116292,0.25466517,1.6186854,2.5776021,1.5820822,-1.5504153,1.9529794,3.695708,-3.4256277,0.9089692,-1.985645,1.219652,-1.0008283,1.3120487,2.7683299,2.3324735,0.442921,0.14412153,1.9518644,0.42974463,1.2842221,-0.71356493,3.5273895,1.5658143,1.5537723,2.232387,1.8059357,1.9097513,-1.2040714,2.6219313,2.3351889,0.74132353,-0.7371828,-1.8037083,0.25723758,0.92880493,-2.1636956,-0.18141203,-0.36625952,-0.79361415,0.78297466,-0.13473366,-2.2167165,-0.14238563,2.9434829,-0.15260741,1.6746745,-1.0284622,0.957078,0.63868636,0.42948163,0.33517018,0.13951099,2.8705328,2.4290695,-1.8044193,1.8073684,0.42132977,-2.0358758,-0.099509224,2.334651,1.4077618,0.42234302,0.28125998,-1.660389,1.8744699,2.2666788,0.58251274,2.1454318,1.9563919,-1.1261219,-0.4423343,1.4633846,3.3889194,0.26140684,-0.3474406,0.23197085,1.1504261,0.25393808,-2.2718909,-2.580222,-1.5043708,2.6370397,0.97233313,-0.35010532,3.2429273,1.1067598,3.4837942,3.2559948,0.038641617,-3.4042733,-1.6031023,1.557886,-0.06043882,0.27870226,-0.61617625,2.6723154,-1.3198496,0.47353417,-0.15166345,3.2659326,3.3993402,2.3297918,0.2764238,-2.0539398,0.50619876,-0.13893086,1.2985826,-3.4635289,-0.6260183,1.682852,2.7652953,-1.256697,2.2472496,4.117994,-1.189351,-1.3110346,2.4353056
2.0781329,-1.7281966,-0.1061917,0.36497787,-0.27337298,1.0522606,-1.5244238,2.630437,-1.2075816,1.7365017,2.8556125,1.8863171,-0.15961623,3.1977575,3.3317046,-2.5724308,2.2538483,-1.6526631,0.9733073,0.22299704,1.4451616,1.8695338,2.3844867,0.14365608,-0.17117791,3.9349473,0.9566758,1.7507575,-1.0261556,2.180922,0.800482,1.3951588,0.84488,0.4020117,1.9145436,-1.0745355,2.2720516,2.688635,-0.0061346814,-2.5591745,-1.9149923,0.085334,-1.2826533,-1.6315576,0.7906547,0.09972526,0.38681117,1.4686594,-1.7307727,-2.3644836,-1.4863688,1.8606915,-0.51251876,3.7492855,-1.0548565,1.5638114,1.0547258,-0.69766945,0.28149277,-1.0066466,2.4128377,1.181876,-0.77896994,0.033729393,-0.3061295,-1.0154874,-0.4064732,0.40804037,2.3793802,1.2555876,1.6820049,-0.6691234,1.0676517,2.4936504,0.41452572,2.8468642,3.3513486,0.09334573,0.33132356,1.6079664,3.2425463,0.5681016,-0.6485542,0.0872267,1.6519141,-0.7053157,-2.7957034,-1.846428,-1.2143449,1.8841814,0.097961664,-0.9518211,1.7687149,1.3851191,0.87372327,1.8063344,0.15692538,-3.34597,-1.0832475,1.4561328,0.34341592,0.91773283,-1.3314114,2.1435785,-2.1800327,0.043071162,0.095204614,3.6772184,2.228816,3.1445203,-2.0019307,-3.0056486,1.0030131,-0.88783896,0.66780424,-4.6651554,-1.0558722,1.9136734,3.5151613,-0.692209,3.0736334,3.594096,-1.1276083,0.107626796,2.0770192
2.5968723,-0.80412257,0.67843777,0.11386426,0.21973056,0.8287431,-1.078914,1.2336664,-1.2166786,1.5850316,2.522557,1.8312157,-1.4783556,3.0188298,2.3998487,-1.9789369,1.7706089,-2.1671622,2.4022846,0.19145343,1.0298747,2.0108824,2.7978294,-0.22203705,0.05174394,2.1964629,1.7479492,3.2050092,-0.2784752,-0.34599274,1.1664454,0.32463652,1.4710474,0.654987,1.1756943,-0.55257684,0.046653993,2.252173,0.17254926,-0.6944253,-1.1591262,0.47861403,-1.1839564,-2.565464,0.40820548,0.6569132,0.22428674,0.7190872,-2.321201,-1.8542589,-1.287865,1.5874139,0.03294459,2.1402857,-0.4150925,-0.20961978,0.02992152,-0.60264516,-0.10514981,0.61173654,1.4168547,2.3060873,-1.5988435,-0.60226375,-0.7053295,-0.8823726,-1.9949075,0.58598286,1.1411446,2.076873,2.0418956,-1.16364,0.18319042,2.4682171,-0.72459346,1.287065,2.9467344,0.19850534,-0.20686428,3.1771214,3.3952358,1.7469705,-0.03113306,0.8450448,1.7916564,-0.41204438,-2.7494798,-2.0159042,0.041355614,0.86044955,-0.92228085,-0.07060491,2.209236,1.8626411,1.8368157,0.516665,-0.070992954,-3.1552842,-0.9254176,0.6878919,1.3713753,0.50036174,-0.5486596,1.688303,-2.1067379,0.3086165,-0.9941957,3.2159162,1.8898557,2.7613368,-1.6000102,-2.7136388,0.89525676,-0.82894075,-0.30227053,-4.506171,0.7041803,2.4752975,3.678539,-0.33801436,1.7128842,3.3246162,-0.70816064,-0.15271427,2.0375617
1.9411337,-1.4695756,0.45566222,-1.1896558,0.147468,0.24919184,0.051368028,2.1984594,-0.6479056,1.2337444,2.677451,0.6214873,-0.9108255,1.6272224,2.019935,-2.3054512,1.5587891,-1.3546796,1.3550521,0.46646422,0.7330278,1.613308,2.7943647,-0.1654146,-0.35259226,2.4680738,0.22285667,0.7351622,0.9478995,1.684598,1.2891256,0.74913025,2.6776562,1.579735,2.4978728,-1.0107207,1.2646425,1.4024845,0.16909747,0.14533997,-0.87874055,-0.10264878,1.2244352,-2.6493375,-0.15758993,-0.070234105,-1.0288633,0.90430516,0.02980863,-1.9852884,0.21243075,1.6502022,0.65094084,0.11845593,-0.8275844,0.7612444,1.9077108,-0.70390904,0.9559845,-0.29857346,1.1201231,1.1244116,-1.3363835,1.0482776,-0.10370582,-1.5065724,-0.7235959,0.95978874,0.88991934,1.9724532,1.6914409,-1.2673569,1.9595103,1.4292101,0.6650826,1.2471856,1.3498561,-0.81302017,-1.2361219,1.5796702,1.7922665,0.1008686,-0.07052045,0.024281321,1.1813807,0.7345319,-3.832174,-1.9032326,-0.26021212,1.2507718,-0.11408712,-0.6789175,3.8627164,1.2656996,1.8688077,2.150081,0.41866606,-1.914009,-1.2141075,1.7780619,-0.5566965,0.5694473,-0.9213505,2.7914033,-2.491193,1.3503618,-1.3662405,2.2317958,2.407994,2.0199852,-0.38413522,-1.2519209,0.8674109,0.49096668,0.9780843,-3.3154118,-0.64506054,1.2563663,2.3217804,-0.49447086,1.0994611,2.4795663,1.0222028,-1.5576015,3.2580605
2.9757335,-1.3564503,0.7850595,-0.34732142,0.045824412,0.70194346,-0.69169915,0.5678975,-2.0202646,0.31121808,3.0755713,1.4125838,-1.2410307,1.7435681,2.387526,-2.0340052,1.8201938,-2.362665,1.393653,-0.3562031,1.5380917,0.72667736,4.076814,0.10464962,1.3061783,3.3515134,1.6672055,1.5104998,-1.1194577,0.751747,2.8708467,-0.1960973,3.1050637,1.1518034,2.0677567,-0.6896232,0.48571366,1.3540407,0.20448735,-1.2014908,-1.689186,0.56417257,-0.8379631,-2.2153146,1.0316013,0.0021901615,-0.96227205,1.9877584,-1.9868003,-0.8664403,-0.28568047,2.625072,-0.30728194,1.3849115,-0.30421224,2.1601696,2.0343509,0.43844697,0.5116187,0.8324169,1.5320019,1.7376356,-1.7667711,1.5020349,-0.5659672,-1.4137942,-1.4370733,1.6974981,0.10662112,2.6095505,1.544958,-2.1099954,0.5736777,3.4609327,-0.043228198,2.020152,1.8557466,0.63836604,-1.443719,2.2406337,2.527033,0.38898483,-0.42612773,-0.19830026,1.9803891,-0.0069072247,-2.7974653,-1.3527609,-0.6861322,0.577151,-0.6208265,-0.50406134,4.930431,2.4102764,2.8693395,0.20503926,-0.42655587,-2.4571235,-1.8405885,1.0690428,-0.026931573,1.8359126,-1.6893767,1.9961691,-1.6677349,0.7548046,-1.4095083,2.6272235,2.9765651,4.0088677,-1.3402507,-1.115004,0.9586817,0.10462104,-0.56189525,-2.6934793,-1.1635048,1.3885729,4.2584386,-0.22326213,1.9530592,2.865314,0.001145985,0.45733815,3.198689
2.9632,-0.6689661,0.89378,-0.891842,0.7643744,0.91701007,0.21183054,1.2982135,-0.20026298,1.2484794,2.4639764,0.044979475,-1.3308029,3.469665,2.4145432,-2.809919,2.6601155,-2.7744646,3.276179,-0.69876164,1.0352857,2.6697798,3.4982858,0.7346897,0.5865179,1.7010229,0.71158355,1.5528948,1.2577108,1.0961125,2.539161,0.50817305,2.2737064,2.0081482,1.4939528,-0.8572976,1.1914707,1.541928,0.98242974,-1.233376,-1.5131996,1.0061077,-0.48338667,-2.207911,-1.2315863,-0.6677413,-0.30023202,0.54178154,-0.5708902,-2.31487,0.08541752,2.3003938,0.87087107,0.9090989,-1.4283701,0.96601444,1.7319293,0.17133701,0.79784775,0.59626484,2.287101,1.1115068,-0.23707947,1.5277456,0.025932755,-0.2909807,-1.3710833,1.7764996,1.000458,2.369055,1.6138191,-1.4757409,2.0632803,2.683798,1.5436707,1.3439373,2.8318741,-0.4203739,-0.92207456,1.9202709,2.0145745,0.77608967,-0.9581731,0.7150991,1.6117073,0.7022564,-3.1599545,-1.9256631,0.15144904,2.3627276,1.110637,0.43261495,3.6853006,1.7329907,2.3228116,1.3225911,0.56538707,-2.3413274,-1.0454588,1.8851913,0.6158695,0.62369287,-0.46944314,3.421815,-1.8208961,1.0359168,-0.82690203,3.502145,2.0355082,2.0553567,0.07238637,-2.167007,0.99338007,0.3802701,-0.0608368,-3.7353354,-1.5179129,1.9146576,2.1673627,-0.6425998,1.6840141,2.2107754,0.27592555,-0.9833264,2.9058928
3.059641,0.31727958,1.0628325,-0.8550451,1.6182669,0.5826316,2.9727817,0.71537817,0.6545481,0.50059104,3.6960413,-1.227113,-1.050951,1.4241834,1.8787422,-2.1631694,1.154719,-1.8597758,1.6523788,-0.9998344,1.3118478,1.9964744,2.1558685,1.060203,1.5536622,1.6345907,2.6647642,0.39006612,0.8466266,1.0463742,1.4446545,-1.2381743,2.02464,0.67403805,2.2111652,0.86461484,1.4169488,1.0466061,0.7326349,-0.14703053,-1.156444,1.9050828,1.0311828,-2.567869,0.66475356,-0.3780559,-2.8691316,0.85625666,-1.5566876,-0.81557107,0.8722479,3.0395112,0.35315883,0.40950224,2.559076,1.8838644,1.73752,1.1839762,-0.32242748,0.9677148,1.3770283,-0.78436846,-0.9636247,2.102397,0.3231629,-2.058331,-0.63498753,0.9166856,1.0104715,2.9044845,1.4208047,-1.5753428,1.366723,1.6244596,0.7942247,1.7215216,1.2752767,0.061433636,-2.1143217,3.1954553,2.4218285,0.3371052,1.3345432,0.6140872,0.47704917,1.0329728,-2.2953286,-1.7343018,-1.2986968,0.26558974,1.2177063,-1.5428284,3.3433807,2.5389993,2.1451046,1.1745985,0.5711233,-2.271022,-0.46021554,0.6244763,-1.1209657,2.3655555,-1.0547216,0.6664867,-0.56352586,-0.066168725,0.22823763,2.8633635,2.4298534,3.0339127,-1.6932511,-1.4757357,0.46145934,1.0070903,-0.94069624,-2.7123268,0.24499747,1.482239,3.112818,-1.1463165,3.4410822,0.4721176,-0.28663033,-1.3368589,3.8094099
2.492954,-0.19745779,0.68508226,0.17327848,0.8304554,0.6188334,0.36016482,0.47313124,-0.857812,0.6647169,3.7325222,0.006010413,-1.0781767,2.262053,2.5008976,-2.404049,1.2710624,-1.5409272,1.4965585,-0.59508884,1.2863944,1.0704353,3.5829322,0.7340783,-0.206475,2.7230284,0.92687106,1.8060331,0.37521,0.92544264,1.7040048,-1.2469089,2.6432803,1.0023556,1.2438091,-1.8154895,1.5415952,1.6316489,0.37216693,0.0026628375,-1.3382994,0.4189082,-0.59633297,-3.3946497,0.18420252,-0.8970725,-1.8812239,0.8769177,-0.7391408,-1.6319973,0.5424316,2.9519331,0.073792435,0.62270874,-0.612003,1.3387488,1.3838629,1.1634278,-0.32861158,0.23227237,2.4292715,1.8597687,-1.0494916,1.2005894,-0.1307121,-1.0396128,-1.577383,1.6738949,0.53419024,2.7347364,1.7977957,-1.7075492,-0.06767973,1.8461429,0.03609506,1.0970176,1.881919,-0.4050023,-2.0602293,2.6719615,3.2526689,0.9026768,-0.22403106,0.5942316,2.223927,-0.07413674,-2.856927,-2.342238,0.49604556,1.6970148,-0.497945,0.040427253,2.640085,2.3864267,3.228748,1.5249438,-0.34095553,-2.6908176,-2.4829555,1.3339243,-0.51214546,0.67979413,-1.4842448,1.8657821,-0.8544875,1.4819046,-1.3720877,3.6218407,2.0306408,1.9564162,-0.76204765,-0.69316125,-0.028891481,0.5295058,0.63080126,-1.9214579,0.006359558,1.9930152,1.6071087,-1.6578894,1.7614875,1.5593939,0.40377194,-1.5615194,2.7838995
1.3884947,-1.0272843,0.52469826,0.44867775,-0.34197432,0.74676734,-1.4277357,0.7040467,-0.43696693,0.4378483,2.8872638,0.2091997,-0.036445446,1.9153435,2.6069224,-1.8851373,1.7305955,-0.7609314,0.95996493,0.6810317,-0.42355162,1.0042028,2.065138,-0.30818865,0.56026715,2.516799,0.11912663,2.5655332,-2.4147868,0.72729623,1.5446873,0.30827326,2.071654,0.96393085,0.96885115,-1.050807,0.60723597,2.2679062,0.8747583,-0.79196227,-0.9563978,0.97822,-0.45920715,-3.20563,0.16756374,-0.71679324,-0.9076823,2.790337,-1.5087976,0.4955541,-0.39348766,1.6112221,0.32977262,1.533647,-0.43945792,1.712154,0.65216887,-0.36914453,0.98397344,-0.05546631,1.2226771,2.5761263,-0.3820033,0.866525,0.2038774,-0.9178555,-1.0485063,0.5617003,1.2017064,2.1115346,1.8595482,-1.1047491,0.727173,2.2544556,-0.22719666,1.5354071,2.6658216,0.18537092,-1.0420656,2.5635474,3.8545132,-0.58905476,-1.4836597,0.37956965,2.0009868,-0.25522554,-1.3739423,-1.2091099,-0.17558388,0.41286922,-0.21936555,-0.7776131,1.8282261,1.3215855,3.424534,1.4403546,-0.67614716,-3.3120294,-0.8204192,-0.15325916,-1.005252,0.68765944,-2.3128161,1.8807316,-1.6622336,0.8405718,0.57661235,3.5427783,2.2352338,3.386169,-2.1694329,-1.9285864,0.9958577,1.0986416,1.0694643,-3.856477,0.65974545,2.0897691,2.9046195,-1.2465069,2.4831846,2.8475444,0.53336567,-0.25337523,2.8248637
2.576836,-1.8378615,0.721049,0.7326519,-1.3454561,1.4303819,-1.0802561,0.63134694,-1.1070601,1.7568223,3.6547022,1.5470098,-0.15107739,2.33525,3.2497947,-2.1208735,2.633027,-2.8228323,1.0406181,0.04191726,2.1187289,1.227555,2.753952,-0.7868069,-0.8351239,5.320451,0.3910294,2.3454156,0.24978545,2.666364,2.0521734,1.8468553,2.1719892,1.109832,3.646589,-1.6645035,2.1747153,4.134655,-0.21430945,0.09864957,-1.3547603,0.4571243,0.69308764,-1.4602039,-0.046445616,-0.5716071,-1.3381916,1.3117096,-1.5513657,-2.641769,0.178814,3.0132995,-0.9606554,1.3646773,0.0046526217,1.3300397,2.3714793,-0.35307306,0.6765553,-0.27148527,3.0044305,1.3672645,-2.0837252,0.6509039,-1.2254708,-3.6412835,-0.6817606,0.13234138,2.3599489,2.4142523,1.1975654,-1.6172149,1.2467047,1.699395,0.18923083,2.5572884,1.4673986,-0.7387385,-1.2664769,2.6256273,3.6923923,0.60272324,-1.0263383,0.22482127,1.9012417,0.68733364,-3.1762006,-3.1519532,-1.6272697,1.5329927,0.8879314,-1.8268778,3.270011,1.6542901,2.755437,2.8221943,0.20110312,-1.3154724,-1.9104223,1.3498905,-0.24967799,0.33664095,-1.6935474,2.3344665,-1.6097472,0.36768478,-0.9121221,2.6783202,3.4313524,2.8078833,-0.9056225,-3.0612454,-0.30409536,-1.2073694,1.3978263,-2.7998397,0.40970653,2.7365003,3.064764,-1.0172071,2.0918868,4.1577797,-0.24934238,-0.74350387,1.5739684
3.2083418,-2.0959744,0.9160726,0.5189596,1.9424263,-0.08298361,1.3924105,-0.58545446,-0.38642713,1.4713258,2.8602796,0.18585065,-2.0370457,2.0832143,2.4313805,-3.3932326,1.7431883,-1.7408866,0.36790988,-0.2885321,0.7996266,1.5708265,3.0947745,0.6519181,0.6235421,2.3636577,0.9850114,2.8546367,-0.17474224,1.5637065,2.9885101,0.34219605,3.952916,0.8162904,1.9642204,-0.029119879,2.1210265,2.965394,0.10052052,0.19986176,-1.5036305,0.7706735,-0.30334723,-1.4513025,-0.14958328,0.39339286,-2.2280905,-0.16193236,-2.3810236,-2.0804834,0.8793678,2.703313,-0.44213593,1.6843482,1.7498658,1.4681252,2.013804,1.0008125,0.02523214,1.1658484,3.1400187,0.22333004,-1.4597187,0.94935656,-0.90046656,-2.8099577,-1.3315821,1.9528538,0.65401506,1.6208589,1.2522717,-0.0057209544,0.7331009,0.9402874,-0.32573852,2.06213,2.018449,-0.42723688,-3.3826172,4.174792,2.3473864,1.3110675,0.28302595,-0.23151398,1.8422879,0.67175734,-2.0719001,-1.4970372,-1.8390515,1.7503586,0.6208989,-2.0694818,3.3959696,2.9984121,2.810246,2.3963516,1.0907289,-1.7979722,-0.9464772,0.63679975,-0.6812576,3.0792663,-1.6860942,1.4629345,-1.3101147,0.65345323,-0.18088293,2.4700856,3.1602502,3.8061376,-2.6503131,-1.9464126,-0.54118574,0.8958544,-0.25408006,-3.3042185,0.185495,1.6127859,2.888979,-1.4261969,0.9489892,2.6337497,0.5737546,-1.9055357,3.0384934
3.0541117,-0.8713542,0.029553177,-1.0477625,1.0496827,1.269247,0.17460021,1.0414319,-0.78335047,2.2928033,2.2212605,1.0804666,-0.75397086,2.2007444,2.6298807,-2.9527707,0.6912522,-2.1620882,2.3611538,-0.9419367,1.6056507,2.0112405,3.8225877,-0.2858733,2.2155893,2.8631744,1.3869123,0.5612539,-0.24438281,0.42812297,2.994471,1.2871935,2.3215702,1.39242,1.6322068,-0.40408096,0.9336595,2.1503963,-0.09890154,-1.2483011,-2.2712345,1.440902,-0.60166883,-2.5859332,0.6499529,-0.20212585,-0.8680424,1.8462329,-2.9127352,-1.0029417,0.31971455,2.1106408,-0.32905185,1.5908375,-1.1676391,1.807718,1.250745,0.23388818,-0.50940835,0.6427411,1.7822233,2.6557527,-2.8147976,1.2176336,0.4596613,-0.5490583,-1.2811102,-0.08700968,0.85956997,2.013189,2.0956142,-1.1956475,1.2481618,2.005909,-0.12640539,1.1446649,2.742886,-0.22046372,-0.5407668,1.2572553,2.7354767,0.6394711,0.5129186,-0.24376109,1.2670574,-0.2814443,-3.0452068,-2.233413,0.6436867,1.4298881,0.008530248,-0.4650215,3.860461,1.642723,2.7778144,1.5874327,-0.055476792,-2.97252,-1.2639912,1.3836944,0.90248895,0.84420633,-1.7986301,3.4063327,-0.9364874,0.6408706,-0.8349631,3.723698,2.2708595,2.7691982,-0.5135913,-0.7115006,1.159819,-0.09224228,0.27745524,-3.1551297,1.0481642,2.1237094,2.778856,-0.9612474,3.2451985,2.6544998,-1.0612065,0.94531554,1.7165655
2.4167697,-1.986815,-0.56781125,-0.029475836,-0.43169364,0.6284887,-1.2186635,0.7160502,-1.1385195,0.9333037,2.6971571,0.40395874,-0.46223798,3.4012887,1.8103706,-3.0019774,2.0921633,-1.8700372,1.95335,0.24110705,1.0849034,1.0914582,2.191381,0.33988386,0.7503814,1.8152351,0.43785524,1.7665201,-1.1386194,-0.285285,2.841654,1.6870073,3.3819745,0.8309152,0.4712323,-0.52203554,0.75263745,2.8906994,0.82748777,-1.2020755,-1.090433,-0.15340666,-0.9623712,-2.5907915,0.8553613,-0.6110907,-1.7661191,1.0493821,-2.725947,0.06971671,-0.30202717,0.45421147,0.18524833,1.3846848,0.043141283,1.2321314,0.9025951,-0.14451846,-0.016706793,0.87980735,2.4780583,2.1949708,-0.58654034,1.7134688,0.6750804,-0.90184593,-1.2886472,0.45986786,1.784089,1.2172369,1.5543444,-0.6745709,1.0639054,1.9294941,-1.1542871,1.2194152,2.043273,0.42206025,-0.9220059,2.78329,3.1881123,0.16045049,-1.5141736,0.23769599,2.5166678,-0.4712346,-2.0540812,-1.7884419,-0.7659322,0.43472978,-0.4448548,0.14119504,2.2061577,1.6687454,3.0689502,0.8316804,-0.4369559,-1.93317,-1.7622626,1.4853512,-0.5103819,0.9945174,-1.8088199,1.8559526,-0.8781026,0.08037502,0.052824855,2.8222487,1.4791547,2.06562,-1.3136998,-1.8421081,0.87967575,-0.041949786,0.75177085,-2.8139179,1.1263006,2.0783877,2.7265365,-1.3010951,1.6508135,3.19018,-0.060232416,0.32315946,1.761345
2.2584782,-0.65924895,0.6555849,-0.00626931,-0.071551405,1.4833819,-2.0892112,1.7214355,-2.095803,1.5396448,3.003754,2.4064708,-0.5812465,2.4591475,4.007391,-2.7574317,2.0337784,-3.598707,2.0628476,-0.11656886,2.3137755,1.316331,2.9367576,0.6366915,1.0820745,2.9967577,2.9774396,1.5236757,-0.82838184,1.3838714,1.1300876,0.13703996,2.1262457,1.0815289,2.7867885,-1.7621162,1.1840451,1.292476,0.62933177,-1.4120581,-1.7263806,0.7127407,-1.1931216,-3.793314,-0.036014926,-0.35296875,-0.4824434,2.0738895,-1.4560704,-2.1536384,0.43132892,1.5953902,-0.58923763,1.2775409,-1.3673909,0.94895136,1.2016128,-0.1339441,0.47142422,-0.79113734,2.0610611,2.0069773,-1.4930016,1.0398937,-1.2203408,-0.61829334,-2.566959,0.8213867,2.5120552,3.7953053,3.1346896,-1.8731623,0.3361714,4.1014233,0.014509419,2.1690502,2.0284917,-0.24287167,-0.47543788,2.8276546,5.0301557,-0.019882433,-1.0114033,0.3885858,2.6644378,-0.3377933,-3.3055713,-1.675629,-0.5481176,0.7860322,0.23409939,-0.7991785,4.1378384,1.7740442,1.8558924,1.1165628,-1.2572165,-4.472757,-1.0686715,0.83198464,0.30007854,0.06792327,-3.150588,2.6318908,-3.2805953,0.8509718,-1.0537407,4.794149,3.3046079,2.764437,-1.757393,-2.5285506,1.2939059,0.5077784,0.16599223,-4.489465,-0.20879874,2.0363023,4.1015515,-0.8987545,4.4592423,3.7698116,-0.0049812887,0.066641204,2.9673843
2.8011708,0.42402405,-0.77930707,-1.7329288,0.74109036,-0.41388413,0.53011006,2.2945979,-0.097106785,0.86168265,1.2607441,0.5531171,-0.24762753,2.440236,3.1491516,-2.1230788,0.9260054,-1.3238486,1.0673457,-0.30903372,2.204427,1.8622264,1.8938789,1.4518343,0.59598434,3.0433333,1.4411656,1.507395,-0.3233388,1.0315901,1.2548257,0.40576902,2.4564502,0.34821987,2.0370538,-0.56544256,2.030718,1.2538183,-0.058362212,0.5101626,-2.2924097,0.9759601,-0.23784955,-3.9114118,0.63280725,-0.99218524,-1.4434118,0.8328786,-0.66573226,-0.76171964,0.09553091,2.5062962,-0.5185218,1.0239301,0.33375302,1.5961782,2.5307224,1.4064727,0.059179567,-1.5314317,0.6795537,0.9052189,-1.9405415,1.3895081,0.77690977,-0.99480474,-2.3670163,0.92928445,1.7164128,1.4426043,3.2021031,-0.6952389,2.355956,3.1636865,0.6457434,2.4166858,2.2439542,1.0569627,-1.2713461,2.8275588,3.971484,0.852222,0.82621604,0.73313093,1.0898603,0.41473165,-2.3013706,-1.7241783,-2.2217906,0.61944765,-0.50300074,-1.4580795,2.9390917,2.247873,2.5762722,0.6578058,0.061458737,-2.8364108,-1.0409999,0.23398328,-1.5501312,2.0230274,-1.6483489,2.283408,-2.0040748,0.55970526,-0.16164193,2.633366,1.1941648,3.0223312,-2.5952635,-1.6792659,1.088007,0.98223543,-0.58092827,-3.4610763,-0.3028997,1.5587374,3.5391235,-0.88337654,3.5666888,3.2023935,0.6886695,-0.13326225,2.3950655
1.6530445,0.29473704,0.01589857,-1.4579707,1.5771623,-0.19321212,0.653077,2.126268,1.369223,0.77870864,2.294191,-0.21273294,-0.9568203,1.5488179,2.0053122,-1.9151366,2.0329027,-0.28427583,1.7099452,0.96889275,0.49636742,2.2965384,1.8546553,0.87314856,0.13727391,2.1187582,0.6574485,2.1836855,0.2737898,1.2332424,1.1330997,-0.7456132,1.5632509,0.9451958,1.5687634,-1.9281291,0.68010485,1.3858365,1.5718286,0.03953713,0.13718423,-0.32911572,0.12787266,-2.4521258,-0.9344988,0.18509898,-1.5480605,0.15497726,-0.12097576,-1.4564152,-0.53422064,2.024967,1.3873736,0.628566,0.82762676,0.6492467,2.0650487,0.6429462,-0.42467126,-0.033431113,1.1196357,-0.607918,-0.8838399,0.8595278,-0.59521055,-1.4480212,-0.22707784,1.1343023,0.16310266,2.2854254,1.3253071,-0.56002563,1.1398892,1.7742178,1.1994361,1.9055878,0.92502195,0.7848845,-1.6434479,2.1737735,3.5778587,0.13349617,-0.10366297,1.3593996,0.49878567,0.8971248,-2.5401537,-1.0762123,-0.5503169,2.0800252,0.7844338,0.21852139,2.7546046,2.0255816,3.0001738,1.5188451,0.08237449,-2.6007288,-1.6959016,0.9773672,-0.1916376,1.2599866,-0.9673193,1.0477158,-2.1222541,0.7983238,-0.26457122,1.433228,1.0747752,2.166015,-2.029034,-2.4555914,1.8518916,1.6544076,-0.36480105,-2.677568,-0.8154511,0.35672003,2.822002,-0.578168,2.5507233,1.3323082,0.14205673,-2.0425384,3.6792414
3.677925,-0.69555974,-0.21054214,-1.1130438,0.08665205,-0.33962646,1.6772734,0.23680176,-1.1225479,1.5786384,2.9469068,-0.25716,-0.75824827,2.5705183,2.4524195,-2.4766524,0.2139255,-1.9795909,2.699087,-1.5017282,3.5468097,0.25992572,3.203193,1.811328,0.9986729,3.3137581,1.8328317,-0.122860536,0.23941022,1.4400439,2.9454024,-0.35750994,3.317008,1.5936372,2.0070903,-0.42577207,2.055062,2.3717377,-0.84160733,-0.781046,-1.9263682,1.6868653,-0.45347837,-3.982591,1.2877115,-2.7750502,-1.7180613,1.6231567,-1.6665597,-0.4588706,1.2979507,2.4584036,-0.4117254,1.3524333,0.44454214,1.9396213,3.143119,1.1139259,0.0100806225,0.25377795,2.9643757,1.3686692,-2.2408106,2.1964889,-0.5757996,-0.18385631,-1.8674124,1.685686,1.6926507,3.1856456,1.7325824,-2.7340736,1.1404244,3.5790987,0.08682695,1.7239457,2.0545425,0.2557636,-2.1589015,2.196506,2.9830592,-0.13293678,-0.39265877,0.427954,2.259972,0.40292266,-3.170357,-1.5927719,-0.5521938,1.0458512,-0.35106644,-1.3054743,4.310446,2.832223,3.549815,0.16561544,-0.16373847,-1.9182363,-2.6210268,0.6574728,-1.4197806,0.97184664,-2.3276298,2.8839934,-1.048767,0.22787492,-0.6355602,3.0860755,2.030697,2.7791133,-1.079194,-0.92711455,0.47123408,0.14755164,0.23925108,-3.3400588,-0.4561099,2.5261004,3.2560294,-1.3150764,2.143939,3.5813162,0.8953144,-0.6471741,3.378024
0.75745845,-1.6669946,1.2259603,-0.8526509,1.8034207,0.74513495,0.62645185,1.4258578,-0.2060754,2.0468874,1.7610973,0.37650755,-1.4182804,2.380342,3.208806,-2.6121159,1.0267,-2.043326,1.8839408,0.35514358,0.058770906,1.5301774,2.8215826,1.4490495,0.38690093,2.9647765,0.9576827,1.7473321,0.97125196,0.2062106,1.079996,-0.5144776,0.8665625,2.3145366,2.94681,-0.4073838,1.7838666,1.3961023,0.10426262,-0.794104,-2.28361,2.270194,-0.9519206,-3.9853485,-1.32649,-0.8847618,-0.6486086,1.9258956,-0.97311604,-1.313247,-0.7415373,2.5645,0.52858645,0.88187665,-0.82208276,1.5225817,1.0494201,0.23140189,0.96070915,0.47590363,0.30247015,0.49068254,-1.2251916,1.6849202,-0.07626404,-0.9949549,-1.142058,1.2260798,1.1708252,3.7161639,2.8576467,-0.8863077,1.261018,3.540725,0.7622895,1.7277837,3.0160239,-0.14783475,-0.7715677,1.7443545,3.3042135,1.0721976,0.9502519,-0.71147525,1.6088581,0.7364077,-3.5668774,-1.9250859,-0.47445,1.5502357,0.30623084,-0.15542625,2.9663012,1.7834231,1.7652985,2.0408885,0.30090457,-3.9066043,-0.7379711,0.20256238,-0.37597296,0.77163076,-2.1596236,2.193362,-2.4959784,1.5522103,0.29565874,3.1947508,1.54926,1.0674068,-1.1535873,-1.828405,0.5799501,1.55058,0.041931164,-2.8094308,-1.1895741,0.98016155,3.2747738,-1.314657,3.3090312,1.425823,1.2347397,-1.8864982,4.573892
3.1968722,-0.26765603,-0.122097716,-0.55682355,0.22029161,0.6530389,0.47955203,0.3839991,-0.847552,-0.23647486,2.5719633,0.33560708,-0.9933931,1.8965956,0.94978386,-2.401595,1.115929,-1.3765607,1.7454078,-0.87502885,1.4876772,0.91052884,2.886663,0.15656687,0.5662063,1.6187893,1.4624825,2.0115886,-0.43595228,0.9982554,1.679376,0.38017544,3.884967,0.06798525,0.33594596,-0.20800033,1.3078223,2.5274096,-0.63481206,0.50348157,-1.4409316,0.7514635,0.29831597,-2.6126568,0.3047148,-0.027607255,-1.2244965,0.1880993,-1.8702345,-1.0777727,0.5140694,2.381163,0.3470879,0.23482677,-0.41513056,0.5518423,1.672501,0.5766348,0.46263248,0.7949977,1.2727038,2.104733,-1.8833144,0.90733504,-0.14515837,-1.6761796,-2.428178,2.0503974,0.5694147,1.3234456,1.2896272,-1.1548756,0.9867715,1.8470982,0.14519535,1.9588517,1.0335217,0.9024612,-1.1994015,2.9609053,1.8009826,0.22490168,-0.35948652,0.5904452,1.1079148,0.15213403,-2.2022069,-2.7350268,-1.4214065,0.6399911,-1.1664557,-0.7064682,3.5662007,0.9210766,3.1925342,1.2416044,0.4285759,-1.5015309,-1.4538606,1.5141107,-0.50878125,0.8796871,-0.6095301,2.0738742,-1.1021291,1.0268316,-0.75808,2.3109841,1.6411188,2.8215349,-1.3057985,-1.3770945,0.2035218,-0.6758575,-0.24811283,-3.2599719,0.85327846,1.8137751,2.3971875,-0.6658945,0.15347338,2.705885,-0.59899074,-0.7271547,1.9684783
1.9060965,-0.72952384,0.13270965,-0.6348932,0.90837747,1.8411433,-1.0987927,0.26494783,-0.8054723,1.4675213,1.3515434,1.3582793,-1.7843213,2.1398623,2.2952373,-2.8299415,1.0671161,-2.211775,2.4314113,-0.5425334,1.0808954,-0.36056268,2.8109555,0.8921479,0.4778552,2.1498394,1.3581223,1.5662898,0.4109892,-0.13836516,1.1465733,-0.92348695,1.756755,1.4933726,1.5337794,0.1590645,0.4147404,2.2990887,-0.41077214,-0.19357023,-2.2817426,1.2682462,-0.9777691,-2.7002575,-0.25572634,0.55943406,0.17039499,0.91623944,-1.6184194,-1.313333,0.11815605,1.5912483,-0.5399679,1.4864976,-0.3840854,1.0971814,2.1765132,0.98020416,-0.035710335,-0.84520066,1.1492064,0.79762,-1.3490248,0.12912326,-1.1877254,-0.8376358,-1.5382696,1.4476186,0.5674026,1.8781337,2.5395393,-1.6462723,-0.009303153,3.0778964,0.71806556,2.2410676,1.3427699,0.6210536,-0.60351276,1.3575013,2.3868256,0.74510354,0.17569266,-0.51156914,0.88220114,0.43889913,-2.6344004,-2.0788913,-0.37110856,2.5048373,-0.2024317,-0.89505863,3.7454534,0.91577524,1.5665398,1.0340482,0.1637224,-2.6407712,-0.47915486,0.1798203,0.7516023,1.3252449,-1.3375142,2.1293526,-1.7307111,1.2257621,0.12515226,2.719652,1.8108909,1.9360733,-0.52016836,-0.93097115,0.9898188,0.18735519,-0.35166982,-2.9122741,-0.16118817,1.6019356,2.882403,-1.5410494,2.1253233,1.4018264,-1.1917813,0.26406282,2.797614
1.8001435,-0.5059259,-0.39972913,-2.2932785,0.24249831,0.5001088,1.1598532,0.99495244,-0.26715243,1.9290792,1.7268902,-0.0036338451,-0.35163558,2.2329476,1.9008987,-1.834214,0.09709057,-1.4265321,1.1384637,-0.12380809,2.0778143,0.66759336,2.2814593,0.31712398,1.1449633,1.8052132,1.3972316,0.5809974,-0.27684858,0.2439611,2.0630193,0.40076113,2.490504,1.5304763,2.254908,0.34295595,1.0161937,2.1757207,-1.0653391,-0.38689673,-1.947284,1.2236164,-0.26140112,-2.171209,0.42774713,-1.1417111,-0.8486153,0.90894145,-1.5072728,-0.49843317,1.2308875,1.0342312,0.041575413,1.4978967,-0.06503643,1.0287763,2.9764597,-0.10165542,0.08906564,0.07847378,1.5231049,1.1134434,-2.2332358,1.3609856,0.64017653,-0.5065102,-2.7156377,0.44904438,0.82765734,1.6929564,1.8814473,-1.5180856,1.0635078,2.5003655,0.060711,1.856962,1.8224423,0.41479403,-0.61176753,1.9397812,1.9049776,-0.025359444,0.3051583,0.2323662,2.0612793,0.15954372,-2.0969105,-0.73079395,-1.060403,0.28497556,0.03945098,-0.8935835,3.6452034,1.0346768,1.645266,1.3004727,0.27793536,-2.8002048,-0.2341994,0.035227723,-0.0413337,1.0829272,-1.7471261,2.0687468,-1.9110818,0.19597422,0.47526798,2.6029775,2.3504324,3.4442694,-1.1280259,0.44725,1.2934662,-0.043729857,-0.5075154,-2.9068713,1.5816896,2.296828,2.948508,-0.2966532,1.9357363,2.8785768,-0.2363798,0.12136567,1.8083938
3.4087508,-0.7317045,-0.31815907,-1.0698214,1.2052054,0.17592907,0.65298754,0.911545,0.012104392,1.4658346,2.7144325,0.643626,-2.5979443,1.1420295,2.856956,-1.9546278,0.51112324,-2.0026152,1.0277431,0.080099225,1.1300155,1.6720035,2.6324184,0.5409204,1.10678,1.8871319,0.11826916,1.2300636,-0.28203595,0.011741735,1.1817935,0.5345517,2.4810946,0.9694613,1.3001337,-0.1905812,1.268836,2.0793316,0.40197712,0.35539636,-2.2987764,0.38248137,0.5555358,-2.2602186,0.5430744,-0.2760614,-0.8964207,-0.038688906,-0.9548071,-1.8796788,-0.65950763,2.5947542,1.0947983,1.1215044,0.9809882,1.0772654,1.8061758,0.27498507,0.28459147,1.0215546,1.2398562,0.71726024,-1.3639157,0.6618699,-0.8910733,-1.558995,-0.68391263,1.2139187,0.35567075,2.3524978,1.1253287,-2.4136107,1.3192813,2.1844933,0.4322255,1.7014735,1.4431967,0.7649278,-1.033226,2.7341251,2.6547315,1.191995,-0.012610545,1.2637457,0.619878,0.24406084,-1.5664468,-1.8395007,-1.424143,0.26704887,-0.16750701,0.15348825,4.100023,2.100069,1.5142555,0.060739577,0.10755029,-1.6469153,-1.0370941,0.29690373,-0.6545588,1.6797979,0.7331668,1.478234,-1.9647042,0.4065178,-0.15793449,2.0651639,2.6992986,2.5055127,-1.7945272,-1.8039776,0.89529264,0.119658075,-0.16108608,-3.3434312,-1.5450324,1.4766076,4.0145836,-0.529721,2.551893,3.0485442,0.39730188,-0.5950745,3.274116
3.691051,-0.32433966,-0.23798783,-1.0316701,-0.038354874,0.28994772,0.31074664,1.2448237,-0.589914,-0.22429062,3.396818,-0.6489104,-0.06698823,2.3612816,1.9338021,-1.8702258,1.3223202,-2.2723324,0.5186359,-0.13431057,1.2141535,1.3465205,1.4314662,1.7001735,0.81407803,2.5561543,1.2978423,1.7947323,-0.33310646,1.2321594,1.9678544,0.37233314,4.2371182,0.009915456,0.35864848,0.6793348,1.0185778,1.9413022,1.4939183,-0.5329985,-1.7014291,0.7183691,-0.52310145,-1.9795972,0.5654886,-1.0146941,-1.6160121,1.3175274,-2.5350194,-0.18178093,0.76094085,1.4751923,-1.3940697,2.4074929,1.962899,1.3309768,2.045654,1.8566027,-0.17553562,1.9419334,2.2638903,-0.2598615,-1.1465088,-0.53546196,0.5850476,-0.7745372,-2.113278,1.0801716,1.4380368,1.663386,0.13958207,-1.6224397,1.1474977,3.0139697,0.099153474,2.7315166,2.5944285,0.6490138,-1.4918649,3.3866024,2.883814,-0.7963303,0.5983933,-0.3655592,1.9676117,-0.71655375,-1.3372902,-0.84693575,-1.7310793,0.12857457,1.381359,-1.958523,2.7885573,2.8619308,2.612121,1.0588225,0.45098358,-1.6280262,-0.28755775,0.46530133,-1.2077196,2.3833153,-1.7504486,1.5855153,-1.2247074,-0.32991862,1.1404436,3.431212,1.6835543,3.2511873,-1.7726718,-2.5388434,0.7521677,-0.5580167,0.23860064,-3.5960302,-0.1716642,1.3932366,2.7592769,-1.0689863,1.8546634,2.294707,-0.43783477,1.1233578,2.9068763
2.9649172,-0.21800481,-0.10540542,-1.8673011,0.11531502,-0.05222989,0.16667451,2.206153,0.13225798,1.5359092,2.4162197,0.46858925,-0.45429227,3.0030322,4.3295727,-2.5331178,2.86015,-1.9318748,0.5770977,0.2365543,2.2123744,3.3515716,1.7334472,0.038149644,0.10823919,3.4043152,1.4802575,2.5635314,-0.2745602,2.83096,1.7981421,1.1092958,2.525653,0.6809201,3.0782294,-0.96748185,2.1848135,1.7718791,0.7890244,-1.2030706,-1.4970188,0.40185654,-1.2837902,-1.8001348,-0.34792122,0.3102313,-0.61445546,0.797001,-1.3448448,-2.9162705,0.5835598,2.216111,-0.6581493,2.255207,0.9777181,1.3665718,2.1772697,0.6706709,-0.24606434,0.19053243,1.8731428,0.11066448,-1.5010008,0.42198008,-0.037655436,-1.8222803,-1.7645246,0.0026373155,1.5249445,0.973667,1.0076437,-0.9066195,1.5882561,2.8558419,1.2074004,2.7467532,3.3015447,0.37763733,-2.168187,2.637483,3.7423337,0.1493212,0.121728726,1.0430708,1.613496,-0.21798512,-2.049678,-1.7374442,-2.1600945,1.0510743,0.8318723,-1.053001,2.7169516,2.0524042,2.534336,1.8515012,0.8160021,-3.5513766,-0.91295487,1.0226192,0.31769025,2.2966232,-0.98835206,3.0663645,-2.3440888,0.019979244,1.181655,3.5659695,1.1028525,3.7226238,-2.6072872,-4.144527,0.951169,0.56982404,-0.007962126,-4.4994645,-0.49853197,0.9112394,3.6457899,-0.7256846,3.004672,3.9944632,-0.008966031,-0.5653689,3.2348945
2.689192,-1.3167281,-0.69788456,-2.0355122,-0.20811003,0.7818043,-0.40281966,2.8694558,0.90028185,1.0607283,3.1017516,0.79391426,-1.1294901,3.0081975,3.6901782,-2.9642856,3.5024858,-0.6628444,2.3298454,1.4595098,0.44729474,3.247608,3.4626114,-0.13182738,-0.36367333,1.8105708,-0.5825506,1.8446368,-0.59058774,0.45727912,2.0116591,0.9509159,2.9680915,0.5264474,3.1413598,-1.5626082,0.11473669,1.9644837,1.3046751,-0.7378487,-0.9534458,-1.2639123,0.105887555,-2.2272122,-0.8230843,0.33894518,-1.0454831,1.0699631,-0.84098226,-2.35975,-0.5647243,1.1172107,0.4974488,-0.0953977,-0.6538014,0.9895258,1.8644425,0.20843655,0.21305086,0.10578235,1.3650659,0.6973481,-0.45300314,1.0035119,-0.13101938,-1.5384462,-0.36149958,1.1713071,0.85164315,1.1065327,1.2255123,-1.2661637,3.123561,2.564401,0.91385794,2.3443093,1.0578308,-0.033294424,-0.22845939,1.8310204,2.6937408,0.61922914,-0.6591721,0.4716052,1.4140222,0.93188494,-3.5849066,-1.1470616,-0.84114,1.0267006,0.4283978,0.6985988,4.956968,1.7435141,2.1170726,2.426385,1.0211449,-2.3440604,-1.5153502,2.3483503,-0.17132585,1.7301583,-0.7063847,2.9163454,-2.3219502,1.7424922,-1.2701834,2.396993,1.7595501,2.0659413,-0.70549065,-3.1037488,1.5487002,0.99417925,0.6549687,-4.953235,-1.3911746,1.599812,4.267778,-0.32359764,2.4931064,2.4257197,-0.6628339,-0.30438182,3.8677762
5.2994647,-1.1661174,0.77431005,0.43445235,1.0693555,0.49308103,-0.07366677,0.042008534,-0.063725345,1.1014719,2.1514125,0.23571658,-0.88591117,2.3863993,3.6179893,-3.3001752,1.6025608,-3.2529275,0.7142009,0.07031129,2.1311285,2.2115803,4.0850453,-0.10493467,1.5108956,3.2984881,0.8206951,2.3956187,-0.424689,1.8409878,3.7968023,2.0580313,4.0258007,1.9902232,2.7216728,-0.66678935,1.8728546,3.4603968,0.41471428,0.68274266,-1.607354,0.16917446,-0.44804817,-2.688819,-1.2339575,-1.4609953,-1.977355,0.9928606,-2.5564475,-1.6107423,2.265578,1.9195697,-1.0406005,1.8599958,-0.34844455,1.5358864,3.0870774,1.0479091,-0.0028762817,1.2557,2.6551654,2.6112616,-1.7865133,2.313212,0.712005,-1.606664,-1.7548015,1.2329054,0.6545982,1.2115043,-0.3609717,-2.1784925,2.4414003,2.7319527,1.0527005,2.6497185,3.2557657,0.52021486,-1.794609,3.339872,3.9001503,0.46120423,-0.9834741,0.28605968,1.3673258,0.27170306,-1.6344242,-2.4240892,-1.3850768,1.70965,0.6002206,-0.67533326,3.5463805,2.9129992,4.2904615,2.6733465,-0.3763234,-3.2173262,-1.082235,0.59256816,0.18349393,1.2656308,-1.8089169,3.2824266,-0.75375545,-0.08957485,-0.25125477,3.9377446,2.7720788,4.2955256,-1.3192866,-1.158986,-0.051655114,0.79792285,0.099281736,-3.6763375,0.18237628,2.6710885,3.1934083,-1.1781951,2.3930016,4.474726,-0.012677895,-0.0086889,1.642086
3.4717045,-0.7991056,-0.103560485,-0.8421613,1.0404098,0.9020284,0.96792734,1.7992203,0.58919734,1.053132,3.2173715,0.091933325,-0.53733873,1.0219646,3.1227818,-2.8187435,1.0623448,-1.1880455,2.6956108,0.48385072,1.0840807,2.352826,3.0266082,0.8762888,0.7543635,2.4228952,1.3507311,0.5457451,-0.08109921,1.2623572,2.102735,-0.13916764,1.9542769,1.321516,2.5657039,-1.1862497,1.595058,2.2032309,0.4436712,-0.61871684,-0.92456985,0.6618668,-0.04848674,-3.7945483,-0.24060518,-0.9805497,-0.6014789,0.9313624,-1.0259161,-1.590784,-0.150502,2.1548123,0.8120338,0.8886513,0.113217086,1.2298702,2.0076208,0.15322673,0.06737552,0.14027715,2.3424742,0.92066455,-1.178933,2.871695,-0.70336765,-0.627441,-0.16273934,1.9506568,0.9668207,2.2370906,2.0229366,-2.0131583,1.8186086,2.781197,1.2870841,1.0402141,0.66800094,0.112973504,-1.3083452,1.0529923,2.2733004,0.06239054,-0.08561034,0.34848356,0.97417605,0.26739582,-3.2135918,-1.4476595,-0.68227017,2.5683558,0.09558892,0.2985438,4.45102,2.061098,3.1594942,1.373235,-0.37626252,-2.0519302,-1.9330944,2.0390089,-0.17516443,-0.009764083,-1.3531255,3.3982239,-1.7822546,0.5771881,-0.4460718,1.9683472,1.5531209,1.9840817,-1.1121209,-1.5509062,0.9883119,0.7278417,1.0210285,-4.3598347,-0.89467186,2.2869084,3.2410016,-0.6838752,3.0715363,2.2204387,0.3575269,-1.6116184,3.1959403
2.213407,-1.3355057,0.27831858,-0.45045397,-0.016978264,-0.067849316,0.3888017,0.7170371,-0.47724175,0.50534236,3.0000107,0.23137444,-1.1107969,3.2006018,1.6426375,-2.7478895,2.4991584,-0.81975067,1.399696,-1.2824142,1.1873677,2.1318705,3.1147783,0.941364,1.3449708,2.033754,1.7297815,2.4184556,-1.1208264,1.7450013,2.3409073,-0.29585344,2.7821574,0.46083325,1.2042536,-0.5885562,0.63480294,1.9866405,0.41808888,-2.6943252,-1.015726,0.45884377,-0.70174867,-1.2519455,0.6367932,-0.26907536,-0.9763463,1.1256245,-1.4213619,-0.69476455,-1.2868929,1.6084901,-0.619198,1.7162536,-0.105648205,0.5688275,0.7008869,0.41343963,-0.18902431,1.5295881,1.993754,1.1294254,-1.1519355,1.6645855,0.4612945,-1.3363833,-1.6930523,1.4803746,0.87432957,2.2196336,1.3539815,-1.3531799,1.1540208,2.7609406,0.7801991,2.3109753,1.6487888,0.018598832,-0.74655,1.9676828,1.5761641,0.4552816,-0.33896998,-0.56231415,1.7592168,0.04580645,-2.2217185,-0.9858641,-0.9877614,0.9387192,1.2107754,-0.36716276,2.3369794,1.5431114,1.862044,0.93579614,-0.49374458,-2.8541818,-1.0295258,1.1450368,0.1715242,2.4268064,-1.393018,1.2896217,-1.0463182,-0.36508906,-0.004512836,3.2941232,1.6418214,2.4633799,-1.037139,-2.2975156,0.5310985,-0.96870106,-0.075031735,-2.4105487,-0.8787953,1.7124221,3.559697,-0.46188226,1.1701535,1.7377523,-0.98589903,-0.1414429,2.8742902
1.4855359,-1.7188148,0.65944016,-1.0506681,0.24062401,0.8880738,0.4009969,2.1595373,0.1561333,1.6654705,1.8488454,1.1105552,-1.7718422,3.0514812,2.5987644,-3.4439437,2.2498934,-1.1349621,1.7654308,-0.66091967,1.3397676,2.0911248,3.3070757,1.0393537,0.6194663,2.0345008,0.4289934,2.1742337,0.75004643,0.39708605,1.0746478,-1.6017978,1.8924469,0.52970576,0.7494691,-0.49078393,-0.035729025,2.174076,0.029408783,-1.0739827,-1.8803229,0.31488666,-0.47371396,-2.8136592,-0.26230907,-1.0510967,-0.9213811,-0.018241974,-1.3720574,-2.0501337,-0.72172785,0.7466165,0.9130035,0.8890712,-0.46388516,0.2353428,1.0954033,0.44480652,-0.4385015,1.1805917,2.3127923,0.45930097,-1.1703532,0.009570073,-0.65995336,-0.94609123,-1.9366112,0.3753154,0.04805318,1.5645891,1.4971437,-1.7054429,0.8006649,2.6376786,0.5967664,2.4833074,1.1428525,-0.4298904,-0.7894128,2.3485646,2.3699458,1.7187792,-0.32675406,-0.0071722046,2.6899076,-0.22457117,-1.8229,-1.9477532,-0.53948313,0.95435673,0.8150374,-0.2383301,3.0058794,0.4972174,1.3646567,1.4955583,0.73541546,-1.9847099,-0.6340986,1.1354097,-0.2627726,1.7112932,-0.883416,1.601151,-2.4144216,0.86715835,-0.013554616,2.274911,1.8787526,0.83612907,-1.2712373,-1.3744876,0.8046937,-0.23085675,1.0958117,-3.3238904,-0.44347024,2.4387503,2.4327228,-0.5037282,1.1734593,2.129416,-0.44353902,-0.4149487,3.5816817
2.1124535,-1.9203799,0.9069806,-0.8094625,0.29097795,0.78014374,0.045120113,0.40175185,-0.35135746,1.8623034,1.4110832,0.4741512,-1.5836325,1.4815099,2.012682,-1.8075645,0.69227004,-2.2528875,1.6999642,-0.9077285,3.059319,0.78394246,2.5019372,0.31911355,1.5129325,2.3477392,1.1259761,0.8891152,-0.5896438,1.0382615,1.6909189,0.85242224,1.4976425,2.601363,3.332005,0.16537666,1.9286355,2.6831203,-0.56568515,-1.1604171,-2.4278429,1.1415646,-0.9069544,-1.3807598,0.3116412,-1.8685575,-1.0261248,1.2631271,-1.0301076,-1.8052851,0.54277074,1.8912438,0.6461189,1.2963618,-0.49130064,2.295586,1.6777333,-0.9043552,0.438406,0.35874128,1.0106443,1.0570067,-1.3475822,1.6718248,0.16098388,-1.3798136,-1.3500526,0.76290417,1.2549387,2.5366306,1.0624107,-1.3601122,1.7883806,2.3976145,0.092886254,2.3580496,2.0457392,0.41525233,-0.76248187,2.22703,2.536816,0.34860113,-0.71635544,0.34992895,0.9248873,1.2431467,-1.5972291,-1.5222063,-1.5609828,0.58828866,0.8299852,-0.57914877,3.4750476,0.51951116,1.8149375,1.4029349,0.8446799,-2.8888218,-1.9715102,-0.049456187,0.8838351,0.4076668,-0.7742712,2.013832,-0.74134976,-0.28954035,-0.6548915,3.391738,3.4502409,3.511177,-1.2787629,-0.6711514,0.9011991,-0.15698786,-0.34192172,-1.9546714,0.5158971,1.1575345,3.7765446,-0.33782625,2.0083249,4.180779,-0.6795866,-0.72148037,2.8540072
2.618611,-0.6681416,0.31624794,0.47952083,-0.19590917,2.614638,-0.023205448,0.92384607,-0.11351879,1.7655214,4.790666,-1.5064256,-0.76070166,2.7904356,1.4835827,-2.368067,1.2647653,-1.8819844,1.5116236,0.28896457,1.40539,1.5826638,2.3518116,0.64552534,0.48595983,3.9689028,0.21691525,2.8633716,-1.1703025,0.72058254,3.4290206,-0.5150772,2.6863852,0.4661611,1.5678358,-1.460303,0.2193327,3.3829057,1.8802198,-0.90410507,-1.1977402,1.2170234,-0.96617895,-0.68757945,-0.18980338,-1.4395858,-1.5469363,2.0641863,-2.471755,-0.85723954,-0.10345844,1.603578,-0.53724396,3.1947963,0.28273493,2.326917,1.3268976,1.2421771,-0.18985501,0.99416447,3.3054326,0.7406679,-1.2378308,0.975019,0.7561863,-0.91206163,-1.13409,1.362676,1.2666178,2.243704,1.2234172,-0.57964754,0.39054126,2.1987002,0.06405623,2.0132382,2.1587224,-0.21375611,-0.8393904,2.0203843,1.9662771,-0.35950536,0.34886885,-0.8082159,2.2473273,-0.023633033,-3.5290701,-0.90390635,-0.06679126,2.5679927,2.1490335,-0.48249018,2.8032908,2.0415828,3.1459737,2.6781402,0.25442818,-2.4581835,-1.2779164,1.1996976,0.7307626,0.73114926,-2.0311139,2.215875,-1.138679,0.24423505,0.08811187,4.2563977,3.27289,3.256289,-0.93563116,-1.4651262,1.2374488,-0.8126318,-0.03885346,-2.9280217,1.2237177,1.6496744,2.7800152,-2.0048296,2.4590373,1.2210518,-1.6255206,0.13562107,2.0860825
2.0272965,-0.56936353,-0.6870952,-1.1569724,-0.49571946,0.79056793,0.5086509,1.9858758,0.53071916,0.40449893,2.6579912,0.8085411,-0.25559825,2.2868218,3.6240113,-2.774021,1.6944835,-2.1741183,-0.03262056,0.031795852,1.9277327,1.8945444,4.0297337,0.9885842,-0.9400654,3.6611145,0.9430905,2.3994853,-0.5573889,2.1896589,1.7219496,0.08879358,2.3223984,1.6148313,1.693939,-1.4921012,2.3894465,3.2025554,0.20436744,0.0053923205,-1.8750836,0.6006748,-0.30516386,-4.166435,-1.3301995,-2.5013914,-1.0078001,0.38987935,-0.65268755,-1.3944062,0.40626687,2.7206748,0.6137798,1.3623794,-0.37539724,0.51620674,3.326086,2.1027567,0.84218466,1.4886935,1.7788748,1.2218118,-2.8361535,1.053106,-0.57758707,-1.1751091,-2.600594,1.5204887,1.3700693,3.4270363,0.9757118,-2.345699,1.0830952,4.718895,0.97944146,2.846685,1.6130012,0.47568348,-1.9164389,2.306603,2.6736696,-0.13777402,-0.4102648,0.13073488,2.918574,-0.38076204,-3.0507808,-1.6619289,-1.9471439,1.1725454,0.44435984,0.50849754,3.7401326,1.6194149,3.3687794,2.0020795,-0.579556,-2.9157689,-1.7276913,1.3832947,-1.6981833,0.6984977,-2.2556338,3.0917842,-3.2168822,1.6398869,0.7074091,3.3248928,0.5312844,0.815441,-0.99328697,-1.6988956,1.3267654,-0.18260156,1.8460786,-3.8823256,-0.39654744,2.231422,3.9283526,-1.0412527,2.2400308,4.4400945,1.3929496,-1.8071741,3.6236076
2.192683,-0.6405752,-0.2936959,-0.53771514,0.10409561,-0.60151756,0.32151738,-0.42661774,-0.80774665,0.9970212,2.0251338,0.1621711,-0.9159912,2.5209274,2.4358857,-3.2668545,1.5515525,-1.7220583,1.3568163,-1.0863224,1.68573,0.8257386,1.957571,1.8215718,1.9779443,2.6713703,2.176665,1.8106188,-0.8531743,1.382661,2.8079157,0.13870116,3.6170611,0.010020524,0.8893068,-1.1509163,1.2856485,3.330061,0.13575464,0.021421075,-0.7929138,0.78625804,-0.35311776,-2.2234328,0.16006741,-0.9718486,-1.8355964,0.962517,-3.0780041,-0.55450046,-0.2590274,1.6609433,-0.5963698,1.6396928,0.5876327,0.03535607,2.4434414,0.5330921,-0.32545826,1.127973,3.389972,1.5580654,-0.716289,0.5380067,-0.5246184,-0.66636896,-2.4584272,1.1195829,1.8412058,3.3783708,2.8686378,-1.0802641,0.57236236,1.8529294,0.08173518,2.6483536,1.8318034,0.7200522,-1.0076061,3.9486036,3.9851038,-0.0373813,-0.83940107,-0.17154436,0.95914626,0.060399413,-1.4577309,-1.6218066,-1.1820103,1.284317,1.1253282,-2.4592304,3.4815283,2.6543748,3.6193879,1.527679,-0.6975843,-1.6484112,-1.8440602,0.03121285,-0.57320786,2.4435644,-3.459046,1.2915921,-2.2036989,-0.597725,0.311587,2.5186214,2.058241,3.2451687,-3.67579,-1.7550651,0.23924614,0.62729686,-0.48231304,-2.9075298,0.59482056,1.4219333,2.8928647,-1.7946024,2.1406343,2.9330602,0.7616088,-2.0860026,2.4379938
0.95935047,-0.15985915,1.099566,0.020682232,0.15509245,0.83522373,-0.42640895,1.5676565,0.7604948,1.3633215,2.5700765,-0.49939528,-0.7642808,1.87457,2.291989,-2.0455344,2.2421553,-1.3745556,0.6316402,-0.50937504,1.5613006,0.6343116,3.1490626,1.4303496,0.08987329,2.8596306,0.16864686,1.2884531,0.9762699,0.62060195,0.49938545,-1.2962961,1.9189694,0.45775944,0.2986365,-0.61087877,1.734215,1.8395709,0.626405,-0.17098649,-2.2753003,0.101800725,-0.15151186,-1.9043876,-0.08910515,-0.7885722,-1.9653257,0.6585744,-0.3354467,-1.2938746,-0.20383413,1.894146,0.05551625,0.8681744,0.84471893,1.636852,1.7063917,0.95306516,-0.27201906,0.20877218,1.9554863,1.2406693,-0.326618,0.32646167,-0.36905077,0.020691741,-1.8511076,0.43454674,0.3819719,2.512795,1.4059889,-1.1801775,0.8077247,2.0224993,0.011957414,2.002103,2.1023326,-0.83020747,-1.840773,3.4472022,2.8133082,0.07781805,-0.053017683,1.0374506,1.6389558,0.18252525,-1.4463782,-2.13815,-0.5134628,0.76634353,1.603684,-0.02351959,1.0774564,1.6144401,1.3250488,1.2687361,-0.28596273,-1.6769506,-1.454843,-0.21092492,-0.16708842,0.6943729,-1.315152,1.0816985,-1.2041339,0.42376798,0.17585036,4.323433,2.1127481,1.2605642,-0.27386028,-1.6002676,0.26149726,-0.1406294,0.4983816,-1.1148677,-0.6953047,1.6475221,2.2437608,-0.90324783,1.7483207,2.891197,-0.73124474,-0.27506438,2.9207296
1.9029198,-1.1819794,1.1292138,1.6451875,-0.34342018,0.8658098,-0.8984123,0.2034888,0.10637483,0.83598614,3.212366,0.51502365,-1.1977408,1.4136207,2.656128,-2.419469,2.0759292,-2.5716279,0.74452776,0.019734122,0.37030154,0.9681587,3.454181,0.7245965,-1.2549884,4.012967,-0.45629272,2.3592792,-0.0014857426,0.41966227,3.1714683,0.21622674,2.672483,1.9190855,-0.12276147,-1.0632875,1.0056596,3.2671645,1.1127849,0.16025272,-1.3136039,0.3930828,0.02619523,-2.6462955,0.37280858,0.47468695,-1.383081,1.4168645,-1.7496727,0.054216377,-1.6234938,1.4730111,-1.1211761,1.2996942,0.62436295,1.4029899,1.9626461,1.1608386,-0.73570967,1.3027896,2.5410352,2.1525447,-1.89683,0.34046242,-0.5829482,-1.3854288,-0.14726417,-0.25927684,-0.47282907,3.5511339,2.3457174,-1.1605896,-0.6014376,1.8428788,-0.25684485,0.96146625,2.1986086,-0.8530167,-1.7688074,3.0955422,2.3796406,0.74892646,-0.25587124,-1.1132089,1.7313453,-0.14062873,-2.7471733,-2.147751,0.5878848,1.9298096,0.15178037,-0.7736757,2.3086185,2.2159219,3.1030538,1.3328332,-0.6206744,-1.3542445,-0.72424424,0.9245391,-0.5527193,1.2415097,-2.4234107,2.9957573,-1.6772273,1.2966131,0.31192464,3.2689552,1.5924482,0.723068,-0.31317887,-1.1277645,-0.5243716,-0.23993449,1.5746095,-1.9227891,-1.0957572,3.2178342,2.7104735,-1.1431704,2.1230443,2.362052,0.19927692,-0.49751666,1.9690737
3.0703967,-0.8020328,0.8582113,-0.23573536,-0.84874666,0.5179911,-0.2257124,1.1082628,-0.61594844,0.97679335,2.4707716,1.5032464,-0.20519228,2.9602945,2.2419317,-2.0215213,2.6582623,-2.4784582,0.26993746,0.15340543,1.9893897,1.8158758,1.6969781,0.39841017,-0.43026984,3.6003613,1.7710915,1.6399292,0.9990139,1.7700999,1.4540983,1.3294712,1.6871684,0.4030748,2.5487986,-0.13682342,1.5756092,2.3969352,-0.006140616,-0.7333454,-1.0408037,0.047026582,0.06734079,-0.99020565,0.9889129,0.628547,-1.1037004,0.29523084,-1.8411703,-1.4845049,0.548149,1.2076852,-0.84484357,1.0756822,1.0137817,0.9902884,1.8654422,0.22761226,-0.31215662,-0.58454835,2.0318358,0.37377492,-1.5858271,0.8992491,-0.6224264,-1.8635867,-1.4056453,-0.3432396,1.5475067,1.3147808,0.8328393,-0.26876402,1.1370381,1.0687039,0.04653226,2.7587516,2.1617322,-0.21356937,-1.6821826,2.2923903,3.0451167,0.7124531,0.32558542,0.03536012,2.0142548,0.10881743,-1.4416301,-2.3290546,-1.2912943,0.2024975,0.7737825,-2.2090588,2.601285,2.4621768,1.7466686,1.8044782,-0.20170385,-1.8754507,-0.029998291,0.4032664,-0.5023433,1.2352264,-1.1656969,1.5844332,-0.49951723,0.2898814,-0.7532529,1.9373041,2.0261936,2.7305486,-0.808041,-2.2736812,-0.09421415,-1.1683185,0.6296673,-3.2731602,-0.23723818,1.2373774,3.3978443,-1.1256166,1.9228728,3.185134,-1.1329881,-0.16169085,1.4922303
2.5312152,0.35147032,-0.19070582,-0.7961498,-1.3493693,0.9075699,0.2879756,0.96369255,-0.8024146,0.15081915,3.014963,0.5028813,-0.9984554,2.1732848,3.0097547,-2.7986176,2.1586263,-0.09236433,0.7607361,-0.53547245,-0.088798225,1.3051491,3.2946537,0.8691415,-0.028570661,2.1568751,1.2623459,1.1546226,-1.6487987,0.6484632,1.6642119,-0.9069031,2.0960736,-0.5976126,0.3863033,-0.80048275,0.8862872,1.4936649,0.3568685,-0.3847663,-1.6491902,0.20939818,-0.32601964,-1.5604261,-0.797232,-0.31754535,-1.343776,1.3838396,-1.2417414,-0.7845836,0.029202498,0.051199332,-0.52855825,1.2851802,-0.03700086,0.51275957,2.27696,1.3549575,1.3519925,0.56078696,1.7568085,1.237355,-0.41341743,-0.3925568,0.20690827,-0.5565464,-2.0090766,1.5990746,0.026680108,2.4602776,1.8834181,-1.1956967,1.4872198,3.3437629,-0.37418488,1.6861413,1.2175815,0.46688238,-1.0500848,3.0530705,2.5097058,-0.4197823,0.02168568,-0.62061185,1.124285,1.3466746,-2.8583376,-0.8025269,-1.9315788,1.5634468,0.10484323,-1.5922045,2.97589,1.4809792,1.6386652,1.5384434,0.49374396,-2.11336,-1.305088,1.1323463,-0.61239195,1.5373158,-1.1902552,2.0908866,-2.570856,1.7633635,0.45184532,4.4283714,1.5680027,3.1597652,-2.393692,-2.0115843,1.059779,-0.1679983,0.16230235,-4.058749,-1.3113126,1.6686487,3.121836,-1.1526549,1.0300738,1.5470064,-0.39443308,-1.0928855,2.6471033
2.4989293,-0.5524848,1.2989155,-0.20465802,0.12527695,0.47414622,0.6226707,0.41541177,0.030525595,0.32200757,1.871963,-0.3362405,-1.4248867,2.6848273,2.3874605,-2.093585,1.6748888,-1.1818455,0.8259775,-0.39102918,1.3006511,1.9877728,2.4325159,0.8921856,0.08621025,2.655907,0.77260125,1.7605834,-0.6399464,0.77828735,3.3124046,0.6070658,3.2750332,1.0539098,1.6991994,-0.23637742,1.4750522,3.3402636,0.37212992,-0.12143979,-0.74449337,0.7171957,-0.91863894,-1.6916755,0.09227651,-0.8341247,-1.7047324,0.5961559,-2.042569,-0.80574805,-0.60552657,0.95713794,0.5672126,1.1332089,0.818586,1.2468075,2.1985157,0.50951564,0.108387485,1.94577,1.8601309,0.6084992,-0.6360619,1.2954125,-0.4492273,-1.6492975,-1.201754,1.2092537,-0.020849422,2.8624213,1.4586388,-1.0059769,1.5011472,1.5469844,0.662777,1.6770189,1.6714754,1.1766753,-1.259582,3.6390471,1.8427697,0.87365824,-0.58502406,0.19680977,1.1818447,0.80977505,-1.8765745,-1.6274283,-1.9242002,0.8642349,0.5771516,-1.1521178,2.6666298,1.8550338,2.0781384,1.433492,0.95421046,-1.3972222,-0.19166175,0.816699,-0.26937225,2.0935843,-1.0441388,2.2044857,-1.4746159,0.30082366,-0.27967122,2.8534837,1.3026309,2.495679,-2.4549477,-1.1680689,0.23958158,0.7783876,-0.2316195,-3.0512486,-0.920418,1.1872451,2.8224158,-0.80331653,1.1662313,2.516593,0.92163664,-1.4881517,2.9446602
1.715698,-0.22902389,-0.6132916,-2.667176,0.22787851,-0.4107427,0.5677534,2.0693035,0.31291023,1.3231715,1.8550214,-0.78018636,-0.46622828,2.5494275,2.9315856,-2.5541284,1.5347611,-0.46247035,0.6595751,0.35357928,1.1214972,1.6659664,2.640646,0.8726997,1.0618273,2.2297285,0.9694975,1.7357788,0.13324791,0.6791851,1.327011,-0.3224109,3.5613058,0.90487456,0.9761116,-0.9445489,0.66208106,1.0177009,0.20219854,0.27152288,-1.6558399,0.48995245,0.25662872,-3.6915061,-0.96007204,-1.3483473,-1.1875207,0.6995746,-0.40503123,-0.38718712,1.2082568,1.5163895,0.46046078,0.03393937,0.60083234,-0.05101427,2.2524202,1.5124048,1.1127458,1.1611764,0.849254,1.8045295,-1.3285352,1.3806136,0.45698598,0.5271785,-2.7276487,1.5248983,0.60903275,1.5783694,1.3740742,-2.1936405,1.4770564,4.0936437,0.7365035,1.6409783,1.692681,-0.14846227,-2.6376595,2.4649577,1.8564516,-0.6750643,-0.12779644,0.92158616,1.5290955,-0.36099118,-1.62027,-0.9035021,-0.9528981,-0.24980263,-0.6609127,-0.08426306,3.1869354,2.147886,2.8533752,0.6729485,-0.8155702,-2.113459,-1.5194354,-0.2239527,-0.9637851,1.1747876,-1.442847,2.0099142,-3.2897007,0.7264308,1.3494427,3.1219244,0.13220125,1.8373524,-1.6296751,-2.249253,1.2122307,0.83283985,0.26535925,-3.430984,-0.2356779,1.3959957,3.1717792,-0.6146264,0.81042933,2.8940334,2.2524118,-0.8212732,3.627807
2.6939657,-1.5085851,1.1461197,-0.62108237,1.657134,2.4197595,-0.66957116,-0.96142614,1.365803,0.91321003,1.5735466,-0.0017597079,-0.6236211,1.5860255,3.1962767,-1.7780216,2.7502978,-1.4792218,2.7803972,2.4845123,2.0758796,1.2012898,2.5433853,-0.023284309,1.260676,4.6150875,1.5470546,2.2535596,-0.4165458,0.61077905,1.796992,2.4129913,1.5600138,0.8180885,4.206678,1.9911548,0.25683683,4.0983963,0.50437075,-0.8361895,-0.80923015,0.6093421,-1.2975137,-3.2238154,0.5216843,0.8284154,1.0946717,0.8496904,-1.8959067,0.15550677,-1.1409584,0.3467813,-1.4810746,2.0266132,-0.19403891,0.3370096,1.3291701,0.9975198,-1.9022788,1.8078258,0.7201219,2.286263,0.5476063,-0.4133949,0.67786384,-1.164106,-0.4481121,0.21613069,2.3526402,0.8121195,3.1553197,0.30852857,2.5154078,3.7701356,-0.042372543,2.810351,2.877627,2.5245192,-0.44033965,0.28454202,3.6906428,-1.075875,-1.384639,-2.0866373,0.65116554,-0.79079056,-3.3193786,0.5606027,-1.7770733,3.418999,1.3675088,0.57842004,4.616345,-0.5281562,1.0597172,2.1196406,0.12419157,-2.4038267,0.41828817,1.0103347,3.2342646,1.8340404,-3.4994533,2.9189534,-1.9965634,1.4689933,0.6491252,3.955892,2.3865361,1.7840863,0.14062054,-1.6112187,1.9843913,0.983617,0.66655535,-4.750798,1.7896978,1.826032,2.4921436,-1.8738518,3.302877,3.065729,-1.4641632,2.1235912,1.0679826
5.404591,-0.008679641,1.3601898,-1.3084671,1.7955074,2.6297915,1.9165096,0.08554816,2.8020375,0.06640462,4.8715286,-2.0309198,-2.8192456,1.7117743,2.835288,-2.5749211,4.3014345,-1.3785049,1.8299961,2.2562408,1.736754,0.8540203,3.4277058,0.9459666,1.7338053,4.519426,2.056199,2.1874983,1.4715295,1.2355725,2.4854388,0.46968198,2.8598902,-0.9683182,2.2529335,1.6023564,0.70088714,3.891589,2.1228468,1.8720453,-0.02532639,-0.584424,1.8914824,-1.828466,0.06684324,-0.27773353,-2.398851,-1.2729433,-0.71970665,-1.4301287,-0.41919795,1.5821443,-0.9418411,0.8699255,4.600274,0.57569176,2.82359,4.2096386,-0.8720876,3.7778635,1.615772,-1.2068127,1.1331847,-0.52014744,1.7452604,-1.600641,0.8778985,1.2749851,1.1549686,1.8587327,1.8241525,-0.082944505,1.6020412,4.0108085,-0.96003276,4.0201173,2.5447736,1.7876871,-2.1056352,3.4873726,3.9271028,-0.73913443,-0.5676709,-1.313714,1.0946345,-0.13445246,-2.2334526,1.5522139,-2.8588269,3.2657888,2.318926,0.48067102,4.669501,1.9269189,-0.3073956,2.6275702,0.7408405,-2.0393295,0.27680013,1.4306172,1.6383777,4.179113,-2.868069,0.5200002,-3.2660065,1.7093914,2.5380325,3.8349893,2.3960042,3.2755177,-0.3755568,-0.91365725,1.5870806,0.19499005,-0.04200001,-3.117963,1.793134,1.3376951,2.5681014,-2.0303595,2.8882236,2.7511692,-1.7092507,0.51998717,1.9957417
3.6791387,-0.6332218,1.5979422,-1.0657144,2.5824807,1.5064157,2.7447407,0.6542621,1.3460852,-0.15561065,3.5161777,-0.77016217,-1.5860913,1.8687929,3.4095242,-2.268272,2.8366594,-1.9521,1.931158,1.9706903,2.7438874,0.09877375,2.1606698,1.6273856,1.3682677,3.5498228,2.7001586,1.5516604,1.6516982,-0.18941924,0.9818979,-0.8588849,3.3286965,-0.5590615,2.564044,3.0079446,0.71806395,2.5680237,0.55595267,1.6115623,-0.40555292,0.9640385,0.19609678,-6.00499,1.5269424,0.57009906,-0.9134947,-0.51141053,-0.0139386235,0.55966437,-1.3642046,2.3697968,-0.6739429,-0.21662317,2.395189,0.34710836,1.2200698,2.1715097,-0.2651956,3.106124,-0.6967045,-0.2860621,-0.14654967,0.8485956,0.7413822,-0.7132274,-0.9053562,1.5488936,2.7320912,1.330759,2.5203412,-1.6048696,1.896245,5.91769,0.05320414,2.3208,3.3219595,2.0768359,-1.6714978,1.7770292,3.8853228,-1.0934901,0.2336827,-1.4285371,2.3615398,-2.424491,-3.8851156,0.2784249,-1.2513828,2.0249395,-0.03184329,1.0179232,5.5141735,1.0091811,2.5977511,1.1136734,-0.12694088,-2.1010907,0.38053638,2.0435236,0.07996378,4.122266,-3.6269157,2.5255744,-3.70296,2.7624743,1.5870376,2.5442805,1.174797,1.6798422,0.81949884,-1.0735936,1.2439637,1.8937517,0.18523477,-4.925855,1.6744965,1.7116576,2.2725427,-1.6599095,3.3098245,2.103613,0.83978,1.5812716,4.931289
4.151233,0.7422304,0.80873483,-1.3883713,0.16857582,0.6297596,2.1117337,-1.5277514,1.3305141,-1.3901253,3.7725184,-0.6532561,-1.306113,1.5374732,2.7199688,-2.3462846,3.4944627,-0.8865852,2.302397,2.325558,2.654438,0.32774964,2.5721643,-0.17276056,1.3814809,3.0852692,2.251397,0.7330541,-0.4723273,2.1690884,1.6428524,0.12242174,1.9713852,-1.8099854,2.7379603,1.4265472,0.7646671,2.2574186,0.9763594,1.8552418,0.12386237,0.5249366,0.847664,-3.619413,0.51283854,-0.4051751,-1.5823933,0.42494088,-0.24764015,-0.50716686,0.6570946,1.7110763,-0.054725472,-0.3923617,1.2566674,0.29849276,2.9229643,2.3891754,-0.12822743,1.7416607,0.7445389,0.48243508,0.96591467,-0.29766318,1.3019378,-1.1558228,-1.0709406,1.1508478,2.1977923,2.5425313,2.1031065,-0.4231053,3.1080086,3.0726588,-1.2009193,2.7866054,2.5392098,2.544005,-0.6307801,2.2380972,5.3930163,-1.684938,-1.6146069,-0.4193539,1.546911,-1.2039441,-3.1870983,0.7672522,-1.6304152,2.0472894,0.8635807,0.03672255,5.5606556,0.48225656,1.5775107,2.1551518,0.55678463,-2.4236937,-0.63389546,2.0488327,-0.11763802,3.3410597,-4.107472,1.9035962,-3.4190755,2.8767247,-0.0019663796,3.1994648,2.2979658,3.9794621,-0.022897651,-1.114006,2.3084106,1.7353175,0.38000926,-5.4472885,2.1955686,0.8382025,2.0391672,-1.9709988,3.460641,2.5674443,-1.0541291,0.9695161,2.5124142
2.1113887,-0.81703246,0.62182385,-0.21186492,1.9076159,1.6818491,0.30053675,0.3029718,0.56884253,0.83969396,2.8204217,0.32921657,-0.84351593,1.3850677,1.6683981,-1.5095549,1.9297272,-1.5050987,0.95087445,0.8397057,0.68587506,1.6033199,2.9113445,0.39516565,1.1569822,4.2081304,0.7425354,0.6585934,1.1516035,0.55942994,1.5696944,1.6350743,1.14883,0.4628842,1.8596206,0.83818334,0.49283308,2.6187363,1.542749,-0.08648359,-0.81553394,0.52829707,0.67386514,-0.9712438,1.1525856,0.91631305,-0.39320597,-0.06956261,-0.44324425,-0.889467,-1.7955536,0.83443695,-0.18369299,1.3469088,0.11202413,0.74869686,0.37570614,0.546141,-1.472444,2.2993374,0.7522055,1.1003423,-0.30087578,-0.75502557,1.2778367,-0.6816324,0.1871216,0.50725406,1.2026881,1.0552014,2.2072284,0.45989263,1.7797807,1.8843514,-0.22225752,1.4699215,2.1742578,1.0293441,-0.5037626,0.9570532,2.1495328,-0.44160172,0.31053045,-1.7614955,0.1829433,-0.73793536,-3.2215075,-0.32414275,-0.70895225,2.966528,1.9603742,0.33355,3.2715127,-0.14913496,1.359462,2.490109,0.040122308,-1.4424307,-0.45023048,1.8915353,2.255008,1.9616882,-1.1985099,1.6832203,-1.8494401,2.4150214,0.058361232,2.8165638,2.7636092,1.9859791,0.90261495,-0.3867259,1.8325673,-0.07431837,0.056964464,-1.1096777,0.8418162,0.15393054,1.1218504,-1.8082852,1.4456184,1.1109555,-0.97770244,0.5470191,1.8257538
2.3382716,-0.9848879,1.3848702,0.055591546,2.6929939,1.4177839,1.3893669,-1.1611682,1.5326058,0.43566608,2.7574258,-0.4255571,-1.4059541,1.6693484,2.88647,-2.5472736,2.3181052,-1.0156833,1.6187458,1.3569566,2.3763447,-0.34222504,1.0131747,1.7493609,2.5329607,3.5376284,2.3818548,1.0511342,1.2245241,1.1383028,0.46527755,0.48760724,3.508374,-0.7092753,1.6129465,2.9603794,1.199139,3.0142732,0.5585537,1.307759,-1.0420963,1.2917564,1.6402067,-4.7532268,2.80433,1.1164765,-2.2869592,-0.36303404,-0.42054293,1.0454816,-1.2624868,1.4078386,-0.2297325,-0.12041268,2.1975293,1.4780984,0.15140997,0.63875216,-0.98506767,2.565275,-0.27294835,1.6970559,0.36024424,0.38351396,1.4987811,-1.8582199,-0.64472324,1.577781,2.198238,1.6446521,2.4430969,-0.26396084,1.326998,3.2663038,-0.9725031,1.8391792,3.5586505,1.3793044,-0.7229298,3.0714898,4.6484427,-1.1764387,-0.35883698,-0.47063237,1.7724981,-2.4326231,-2.8306584,-0.94086164,-2.269065,1.1942456,0.33393127,-0.80711454,3.466744,0.43749183,1.9616739,2.3485134,-0.47173235,-2.374428,0.1931714,0.2994889,0.2808555,2.9547799,-3.5677903,0.2912786,-2.8088274,0.9680637,1.6878725,4.042329,2.107024,1.6634861,-0.07975877,-0.99286187,1.4053621,2.0739355,0.054973193,-3.0017772,1.7337623,1.7792224,1.833981,-2.5128052,2.885778,2.666309,-0.56926537,0.60151356,2.5175984
4.6686473,0.8573802,1.4915576,-2.0446234,0.95932263,2.8248084,1.6361048,0.80218226,1.9819735,0.052708127,4.487943,-1.6852499,-1.3693165,2.1373487,3.4671247,-2.632101,3.7512167,-0.23222467,0.6634487,1.8446499,2.1633883,0.40089938,3.496212,0.56214696,1.5436534,4.082721,1.4146444,1.6887664,1.1196408,0.8815693,0.39970097,-0.38609618,2.8642182,-1.6463395,3.5008047,0.8018861,-0.849175,2.5142598,0.86285704,2.3936288,-0.029250026,-0.50629336,1.4524194,-2.9273927,0.43646318,-0.25844082,-3.0361352,0.039901856,0.049849287,-1.3376164,1.0379857,0.8477594,-1.3164971,-0.11648996,2.258298,0.7627415,2.0007243,3.004152,-1.0080984,1.9806397,0.12218489,-0.3908054,1.2388484,-1.3046862,2.7555628,-1.5750681,-0.15772462,-0.014548553,1.6574411,1.1610004,1.8577253,-1.9241916,2.0910301,3.1824632,-0.1150127,3.9718502,2.7409034,1.6821122,-1.1823769,2.6374128,4.0490193,-1.9215064,-0.22994164,-0.8860769,2.7531075,-0.70672244,-2.6992676,-0.6232607,-1.5960294,1.5750163,1.4904709,-0.03758706,4.622398,1.1468618,0.09965384,3.3753066,0.6735933,-3.5775583,0.31133404,1.2290933,0.83742267,4.5668235,-2.6972814,-0.026903253,-2.967308,2.8614905,1.7812359,4.7838383,2.7324836,3.7922537,-0.113930814,-0.27938595,1.560375,1.1472746,-0.01100672,-3.2819746,2.014926,1.0196339,1.8626378,-2.419364,3.90268,0.491176,-1.8478024,1.1735332,2.4402592
3.9149063,0.12259407,1.4426371,-1.0378251,1.7010796,1.8799616,1.627837,-0.31881455,1.035594,0.7976868,2.7713325,-0.7271306,-0.43352613,1.8284208,1.5618922,-1.5399461,1.855031,-1.4681001,0.31178895,0.67270225,1.1402206,2.1121624,1.0115964,0.7720843,0.47844815,4.2182217,1.8580937,1.9273591,1.3438916,1.489524,1.5653484,1.3728726,1.3001504,-0.016110715,3.7398264,1.5632267,1.3242598,2.3909945,0.24941605,1.1927955,-0.3343205,1.4451051,0.6020653,-1.551613,0.80743,1.2921484,-1.1454413,0.12058596,-0.78255135,-0.7340862,0.37635967,2.247662,-0.9032732,1.4184155,2.0646315,1.1333752,0.8952254,1.6412728,-0.71815866,1.5155795,0.53365475,0.5998346,0.006202749,-0.48179093,1.5920919,-1.5561779,0.19700709,0.78060406,2.2689517,0.05223942,1.4782851,0.57478553,2.1446748,1.89049,0.20206803,2.0463986,3.6564078,0.8037716,-2.1001184,0.89091873,1.816687,-1.1370058,0.70151275,-1.3743863,1.1233554,-0.13066414,-3.1386335,-1.2859228,-1.8075664,1.944693,1.2333664,-0.73926204,2.9794536,0.3927294,1.1469598,2.0898805,1.2424309,-2.261267,0.6075289,1.5389023,0.9459363,2.6162293,-1.5533794,1.8200569,-1.8068842,1.5960569,1.2693667,3.084932,1.7557445,2.9438593,0.30138358,-1.6828997,1.210836,1.0053585,0.096204154,-3.143539,1.2491771,-0.07512324,1.1191382,-2.2972536,2.134952,1.1680171,-0.3413131,0.13126072,1.7600026
3.0888805,-0.43049017,0.8249796,0.08365709,1.4808891,2.0307915,-0.35408878,-0.9297595,1.6261649,-0.4258016,1.9117768,-0.295234,-1.0993807,0.07256026,3.5364826,-1.2860498,2.0346026,-1.4066254,0.5886579,2.153815,1.2482415,1.3847643,1.610738,0.7484786,0.85609233,5.555879,0.6488891,2.3752272,-0.28893158,2.7406404,1.2405094,1.7814002,1.4926578,-0.2821778,4.098054,1.010802,1.8371959,3.636325,0.82035506,1.4621019,-1.0247011,0.36357594,0.078001484,-1.831024,-0.3738646,-0.4871375,-0.9332233,1.3946255,-0.3922651,-0.18338948,0.39247376,1.364648,-2.4231846,2.0408175,1.30845,0.35706377,1.6448337,1.9113605,-0.7848638,1.286014,0.10526672,1.4832067,1.2214289,-1.0939759,1.5240251,-2.0546813,-0.14843157,0.95839393,2.2830687,0.14958595,1.0604995,-0.28943676,2.7608387,2.9912,-0.06384326,3.8110158,2.8744726,1.5093112,-0.48506483,1.4515082,3.9369338,-1.5730283,-1.3986866,-2.159897,0.23151405,-0.5324316,-1.7202352,0.81205237,-3.0334117,2.5998561,2.584189,0.029475955,3.1963599,-0.22678268,0.5377979,3.5789568,0.53712857,-2.6007507,0.23926726,-0.47595295,1.7174008,1.9380237,-3.51189,0.9689924,-2.3079119,0.43409246,1.4709213,3.7806764,2.8165762,2.5091245,-0.25506318,-1.4970528,0.80248904,1.2274573,1.2723434,-2.6550999,1.2637995,0.30510908,1.9107589,-1.9987205,2.9794335,3.2465951,-0.9231364,1.0447809,0.8260555
2.9239104,-0.6911594,-0.12745532,-0.4679139,0.531251,1.7639706,1.3598398,-0.35725516,0.582435,1.4523968,2.960699,-0.55360615,-1.3745831,1.3061398,1.9063784,-2.768916,1.3416722,-1.1058724,0.32864943,1.0408403,1.1538408,0.3165523,2.166459,1.1172457,0.75751454,4.2233562,0.51142627,1.249978,-0.012662146,0.63254356,1.6994482,0.9249447,0.8012956,-0.40955558,1.2128108,-0.2096674,0.31209534,3.3436985,0.48691344,0.322244,-0.5546681,0.6378397,0.45292348,-2.1819978,2.0053096,-0.037683353,-1.2344731,-0.37793204,-0.48975676,-0.19777697,-1.3651894,0.78136927,-1.0620935,2.0802064,0.14445029,0.035605583,1.1863481,1.559722,-1.2521183,1.0421281,1.8718159,1.8059933,-0.08295759,-0.1946595,0.7265614,-0.62948495,-0.054853834,0.21336748,1.6403848,1.2571839,2.7970438,-0.4522808,0.90438336,1.5666071,-0.4576405,1.1050745,2.5100584,0.9409592,-1.0020565,0.46042693,2.051576,-0.435042,-1.158952,-1.4162456,1.7444373,-0.9404012,-3.1207674,-0.6846356,-1.5341249,2.907947,0.5999405,0.09383218,3.8403397,0.0641838,1.9068965,0.71350336,-0.89683986,-1.8352737,-0.9864722,1.4936602,0.76745296,2.0612113,-1.9444565,1.5915576,-2.0191627,1.2858528,1.3073452,3.4334576,2.1577578,1.1826427,0.4490677,-0.11704233,1.4484448,0.538906,0.82277405,-2.8158362,0.460258,0.8979178,1.2721059,-3.0782049,1.6955587,1.9709313,-0.153889,-0.13108273,0.6710272
4.589189,-1.7407693,0.782377,0.13215426,2.3535764,0.68584245,1.1176409,-1.6431245,0.66268057,1.2468956,4.5386953,0.21160468,-2.0668945,1.9395087,3.412839,-2.8243077,4.167507,-2.5708702,1.6641332,1.9315639,2.3843298,1.2587702,3.1481757,-0.98398274,2.1836696,3.7417386,1.1154703,1.907415,1.1097919,3.2881582,1.7613052,3.2834065,2.6538267,0.3141748,3.6200597,1.5820092,1.2251973,2.8151438,2.1984816,0.34975907,-0.97533035,-0.28220865,2.2823877,-2.2840807,1.1955901,1.1679217,-0.3163499,-1.271456,1.0541776,-2.5924194,-1.6859415,1.9838766,0.5677825,0.30420756,1.5095644,0.9416126,0.96842074,0.8683163,0.3103053,2.7389884,1.0058316,0.41844472,-0.1464162,0.5263063,1.6394842,-2.4685223,0.8862241,1.1649934,3.4379292,0.9955484,1.8603772,0.028764527,2.3230517,2.509903,-0.5260068,1.7260327,2.8445969,1.1943144,-1.7572956,1.8318039,4.2770147,-1.2171532,-1.5974679,-0.4378043,1.9456542,-1.3671271,-3.201998,-0.7721395,-1.8065866,3.3922257,2.1120005,1.1257409,4.481159,0.33489615,2.1479478,2.8346593,0.18147378,-1.874325,-0.70145774,3.2090013,1.4292533,3.6648016,-1.2484498,2.9811385,-3.471078,3.06373,0.60741276,3.371095,4.2888203,3.3653681,0.5242779,-1.9077204,1.8243123,1.3587314,1.5471177,-3.1520681,1.5345954,0.8098079,1.0977213,-3.0042462,2.9475303,2.780435,-0.15423937,0.40191263,2.7875888
2.181443,-0.62500787,0.70520306,-1.1054899,2.5217717,1.8511128,-0.61009616,-0.37503836,1.3141923,1.3409524,1.1857623,-0.24801621,-1.6693139,1.5010847,2.963114,-1.620534,2.218148,-0.46627557,0.8398504,0.9305844,1.4515352,0.93029636,1.6692632,0.2958614,1.5241934,3.3935552,1.0548373,1.3259835,0.48057598,0.87447387,0.9652549,2.1333606,2.160344,0.40482804,3.2881598,1.7649966,0.74170095,2.6604595,0.7303825,0.60801363,-1.3369802,-0.1606963,-0.21806091,-1.620788,1.0451049,1.1062621,-0.5582786,-0.22034015,-0.21620756,-0.46525994,-0.38473445,1.0158807,-0.9701192,1.6960825,1.5245564,1.3461026,0.5530044,1.3712713,-0.9245278,0.9431566,-0.5922645,0.66143864,0.8983653,-0.8601154,1.3676982,-2.0423286,0.5429641,0.30460957,2.3587046,0.03777224,2.347816,0.2031792,1.6305853,1.8185779,-0.6467828,2.1923501,2.4377537,1.4856764,-1.3962407,1.3924186,2.747011,-0.71142936,-0.0025684536,-0.91824615,0.36919713,-0.43506953,-2.0244012,-0.61373204,-1.810367,2.2198937,1.1170138,-0.16551752,2.6533608,0.68155897,-0.08350098,2.027568,0.6608606,-2.113453,-0.040685274,-0.3401924,2.5238156,3.2549157,-1.3960958,0.27580062,-1.455274,1.0927122,0.69754636,3.99197,2.283033,2.2476683,-0.6068596,-1.0170643,1.7518431,1.2274951,0.014290178,-1.8171631,1.629872,-0.17204086,1.8055178,-2.4297135,2.6188202,1.8131039,-0.9573165,1.0447102,1.5718178
3.0023346,-0.5637214,1.8800373,-1.60689,2.8591917,2.0754,-0.012922667,1.1595852,1.4812496,2.1926548,1.6058319,-1.0196015,-1.1662332,1.7499758,2.5814638,-1.4398999,2.2187572,-2.233894,2.0820148,2.3768358,2.07687,1.988418,1.3472922,0.579098,1.4546095,4.8291874,1.9347537,1.8425401,1.638549,0.8250729,0.4434171,1.6598808,0.68476146,1.3604044,4.3961954,1.5704588,1.1896834,1.9039996,0.9785946,-0.28659537,-1.1832765,0.687917,-0.16529137,-3.5718122,0.60721105,0.5776649,0.2274566,0.0191077,-0.37424,-0.7394827,0.65358555,1.5895205,-0.36579752,1.2587752,0.562989,0.41768616,1.0247304,1.0780736,-1.3636974,0.60443324,-0.6686113,1.5988961,0.85689634,0.18140604,1.2370894,-1.0060612,-0.33161974,-0.57471,2.6344197,0.43323135,2.6882672,0.3304517,2.706664,3.2497709,0.63894075,2.8669424,4.347839,1.4608239,-1.8808472,0.28980517,4.599784,-0.7587459,-1.006325,-0.3275132,0.79642487,-0.6524962,-2.3566933,-0.32623726,-1.713625,1.8280407,0.7017718,1.3086714,3.7914639,0.10674945,0.39414346,1.4774824,-0.08241976,-4.1519246,0.2629862,0.06293088,2.3293238,1.3750304,-2.4282155,1.9909828,-2.0216615,1.0624657,0.88854444,3.965182,2.3389015,2.162144,-0.03911472,-1.691701,2.1958218,1.9531223,0.3042236,-3.9723318,1.3661096,0.50341785,1.9770553,-2.1170325,4.079693,3.20593,-0.40991643,1.3298235,2.6336555
4.4858346,-1.6916422,0.9088764,0.34177196,3.602696,2.2306318,0.44559503,0.07653656,0.11672136,2.497249,3.8918796,0.41639763,-2.1880956,0.86985743,1.9351838,-2.5789025,2.549542,-3.4774551,2.5889645,1.2739656,0.46111926,1.5532014,3.5039093,0.55844903,2.400755,4.0850053,2.2040718,2.2843955,1.3075787,0.93509257,1.302817,2.8933508,0.9760165,0.4232944,3.4419785,1.1499468,0.46344143,2.7017167,1.246448,-0.502803,-1.3540698,1.1580324,2.1238155,-2.249605,0.8711578,2.843773,0.61065227,0.17493828,-1.4352431,-1.9720354,-2.2023559,2.673201,-1.6875668,1.592409,0.18312854,0.16711481,-0.38099828,0.99665487,-1.2892228,0.7712436,0.74224526,1.6670598,-0.2108711,-0.07991513,0.69003284,-1.605578,1.1599233,1.1515576,3.6728065,0.64181507,3.955837,1.0290327,1.3874227,2.9622102,0.5340921,2.906831,2.8465838,0.6903084,-1.1692885,0.26785532,3.1595304,-0.12291537,0.33527073,-2.5265045,-0.2034863,0.26768354,-4.302627,-0.7707327,-0.9371219,3.492359,0.38220084,0.57148015,5.4930406,0.020076454,0.99799067,1.8785962,-0.39992747,-3.096159,-0.04566916,1.9645339,2.6367795,2.205993,-2.141197,1.9413785,-2.8181043,2.3205724,0.8712565,3.3035367,4.600914,2.5350878,0.18286107,-2.4236846,1.2700189,0.6840723,-0.06016445,-3.878239,0.50714487,0.7280472,2.7276106,-3.35834,3.5120783,0.99735576,-0.79933155,0.6044283,2.8246667
4.990487,-0.5667886,1.3498378,-1.5214149,1.3496494,1.4857724,1.4489368,-0.9207513,1.5045501,-0.95693725,4.4306636,-0.053719774,-2.4514434,1.7711494,3.8583095,-3.9751005,4.3311143,-0.609843,1.6364745,2.3686018,0.62445295,1.3735446,3.4262214,0.29464623,1.5207995,3.7315798,2.0666664,2.8127193,0.34226987,1.5699399,-0.101188734,-0.022138713,1.3089523,-1.6515266,3.6391897,1.1565578,-0.1573105,1.8535488,1.9640572,1.9608159,0.23552164,-0.0025423663,1.262551,-3.8300726,-0.018632587,1.0584931,-1.9128857,-1.013683,0.04812473,-1.421805,-0.16410027,0.984068,0.34057567,-0.6432512,0.8934327,0.17554258,1.9316896,2.1761568,-0.31547368,2.1365073,0.23446386,0.6966117,1.3426653,-2.1347747,1.880564,-2.1968586,-0.8445545,1.3137221,1.6379126,2.6270669,2.9793806,0.55182487,3.4837837,3.1369994,-1.0909734,3.6466033,3.7736754,2.6577306,-2.1221166,2.9214146,6.862026,-1.0820091,-0.9875015,-1.0371064,2.2215662,-0.4219088,-4.05779,-0.5092035,-3.0277545,3.1400461,1.1272259,-0.09137492,5.1920176,0.84796596,2.697247,3.33925,1.1956315,-4.3130407,-0.7211028,2.696562,-0.11296925,4.0672507,-3.0974135,2.0320544,-3.8192267,4.774408,0.70345205,4.19956,3.08343,4.0399656,-1.6544967,-2.089367,2.2729259,2.6589608,0.4854366,-5.4049864,1.0786163,0.2668363,2.3675146,-3.8990853,3.6529317,1.724798,-1.4090202,-1.2670295,3.5336273
3.1015892,-1.1178828,1.3321158,-0.35450023,1.6526217,2.9304588,0.4604538,-0.017073127,0.38405252,1.1624291,2.7443976,-0.2644054,-1.0963176,2.1518734,1.6230729,-2.6772656,2.0880218,-1.6167363,1.8633144,1.7333727,0.4015275,1.3028665,1.9108691,-0.4444628,1.5760152,4.40158,1.1968486,0.9618487,1.2270411,0.3155437,2.0363443,1.3148804,0.9765693,0.6694315,2.6722634,0.79230195,0.5521387,2.6982758,0.5388596,0.40477598,-0.55741507,1.0513057,0.75434124,-1.3067986,0.63314193,0.83225965,-0.934078,-0.08616501,-0.85999066,-1.0082526,0.24706417,1.7746428,-0.018444367,0.9496831,0.6542962,0.7030121,1.469876,0.5743696,-0.17737599,1.0149814,0.7348832,1.0272025,0.7174292,0.5441068,0.866522,-1.1504889,1.1114019,0.81132394,1.0918874,0.61636597,1.7500619,0.13007776,2.1527,1.5065053,0.02701033,1.831557,2.6698956,0.69012094,-1.0920502,0.6093953,1.6945617,0.14281327,-1.3370467,-1.0322156,0.55546236,-0.23180391,-2.4575925,-0.43046504,-1.2685565,2.6770604,0.80492496,-0.19534199,4.4122133,0.17276204,0.6531273,2.1406734,0.5234132,-1.7023901,0.23849997,1.4683541,1.5142227,1.6501845,-1.7320422,1.175084,-1.938034,1.6921893,0.5641979,2.361335,2.8132656,2.9417634,0.6450609,-0.78132886,1.3386291,0.7091697,-0.2904161,-2.6298661,1.0473809,0.65166074,1.8643434,-1.6328878,1.9590666,1.240711,-0.6958052,0.57811445,1.1860899
5.0969915,1.7470579,1.2270799,-1.7896917,2.1209981,1.4964643,2.6151574,-0.6451126,1.279675,0.33475134,2.9418843,-1.0649375,-1.7875968,2.0178201,3.0603814,-2.5501254,1.7330749,-0.74158937,2.0601919,0.5748646,0.6605278,1.6528506,2.3839052,0.768116,2.8269074,4.152286,2.8282125,0.90620524,0.60956895,1.5817864,1.3312194,0.81533253,1.4352392,-0.41019493,2.2335095,0.3677393,0.6897381,3.3929677,0.9411205,0.93138105,0.3525214,1.3595114,0.9299256,-2.9136431,0.52388746,0.41018677,-1.3140756,-0.007596994,-0.6570292,0.25570577,0.060200796,2.0323167,-0.36572996,1.4181703,1.2651098,-0.9727683,2.1571858,1.7513981,-0.5577701,1.7892461,1.0486544,1.2950454,0.8149538,-0.16031656,1.1276925,-0.42303124,-0.4772344,0.707242,1.951449,2.4247556,2.5839753,-1.1173866,2.4735067,1.8307976,0.19064903,2.6717968,3.6171517,1.7345318,-1.1879842,1.7804439,4.719059,-1.3027986,-1.7228383,-0.27932304,0.6184511,-0.21469374,-1.9911139,-0.29719937,-1.0279125,3.2621925,1.6909504,-0.33678758,5.0557027,1.4795424,2.4556744,2.2322357,-0.32849467,-3.162961,0.22847483,0.6771281,1.4296091,2.7289665,-2.8597686,1.5633857,-2.0836627,1.7561878,0.9381366,3.9463766,2.7505717,4.4685163,-0.88239187,-0.7513021,1.282814,1.5794976,0.5024971,-4.368836,1.6359919,0.23342884,1.0894982,-2.6945405,3.3474383,2.1097791,-0.19874689,-0.22150117,2.1395986
3.9008327,-1.304961,2.4082942,-0.6087693,2.3112695,3.0388758,0.9734175,0.004133635,0.5454835,1.8480599,4.6427293,-1.1223172,-1.191689,1.252061,2.1912076,-2.0881398,3.9064364,-3.5762029,2.369593,2.0966735,1.7861078,1.363269,2.5251234,0.36406887,3.253935,4.831682,2.0651152,1.3314874,1.3964097,1.5145127,2.0729175,1.5266901,1.1136566,0.5289231,3.8051307,1.3641098,0.3742975,1.5552458,2.2191665,-0.8077146,-1.0203648,0.5895462,0.48176953,-1.4319613,1.9913623,0.66557705,-1.2718958,0.6849813,-0.95213306,-2.3544593,-0.9954953,2.0827723,-1.5101056,0.987972,-0.027512792,1.811383,0.9073847,1.6985105,-1.0538404,1.6685392,0.37623116,0.22883606,0.33892253,0.66891307,1.4570363,-1.9860052,0.9062325,-0.29848024,2.7673118,1.0219185,2.1310093,1.2230617,2.0805144,2.8998368,-0.052289337,1.9048028,3.1735196,0.597169,-1.0885756,0.17596042,4.517033,-0.50837076,-0.93385744,-1.7546057,0.6107247,-0.64652735,-3.163184,0.12442754,-1.0518403,3.8388207,2.0439148,0.028589267,5.6598535,0.30337754,2.1700847,2.2319381,-0.61161244,-2.9221592,-0.5073487,2.0720525,2.7142403,2.793923,-1.8563861,2.53632,-1.561883,1.9392216,0.39942998,3.8337915,4.547493,4.199878,1.0464965,-1.687784,2.0211418,1.4852434,-0.3432741,-3.094616,2.010768,0.22366033,1.116704,-2.820888,4.064994,1.041833,-2.7269554,1.6109948,1.6734314
4.5408297,-0.721098,2.0498366,-1.0286063,3.191392,2.0399895,2.4743152,-0.35263255,1.2355863,1.0110232,4.5736723,-2.1709042,-2.2235923,2.2304006,2.0613077,-2.2458072,2.3174095,-1.8961976,2.146869,0.20872141,2.2227726,0.9152297,2.4059546,2.2387948,2.5541377,4.72698,3.3366816,2.715733,0.7459585,0.8572877,1.8391774,-0.23535556,2.3868449,0.33870122,3.6387365,1.8782971,0.69591695,4.078575,0.3121263,0.20757078,0.2303433,1.6817966,0.7848049,-3.2215226,1.9483919,0.598699,-2.2337346,-0.0962622,-0.89578366,0.4834642,-1.0626221,2.2781124,-1.47924,1.0205607,3.646343,0.7395269,1.448955,3.623462,-1.7703547,2.6479788,0.990105,-0.45428574,-0.077891015,1.5839695,0.96553063,-2.082615,-0.29536575,1.9559358,2.551988,2.1378415,3.4194224,-0.58966005,1.4675897,4.5159183,1.1345104,2.506788,2.4033794,1.8434142,-3.106288,1.99087,3.335807,-0.26690266,-0.52555424,-2.016206,0.4724505,0.48667827,-3.2282891,0.8617495,-2.9001825,3.7842343,0.80838096,-0.6068774,4.46396,0.95709956,2.35309,0.90630096,-0.32097006,-2.9182737,0.7456915,1.3329353,1.3185762,4.3945985,-2.4454725,1.628398,-1.8106903,1.0186754,3.124739,3.9682763,2.1553385,3.3099086,-0.66180027,-1.4551096,1.28953,1.5245694,-1.1153738,-3.3121169,1.6138154,1.1982007,2.160485,-3.0154636,3.0078464,0.9786789,-0.2524,0.55666065,3.4477508
2.619286,-0.5086262,1.8434649,0.1940012,0.61875683,3.6270165,-0.35615903,0.480653,-0.14395541,0.7354811,4.423081,-1.4551101,-0.9520111,2.0292146,2.194476,-1.7607226,3.2541432,-1.8174901,2.8212752,2.266229,1.7122282,-0.7051843,1.6045545,-0.17001602,1.3175173,4.3078027,1.5364692,1.1412021,0.45174164,0.5185188,0.3778234,0.76234007,2.1145906,-0.29655316,1.5604683,1.290595,-0.24983458,2.1006453,1.1379106,0.27908313,0.1262857,0.1072354,1.2512583,-2.5648725,2.8476512,0.8779862,-1.3943262,0.4375933,-0.6922035,-0.70203966,-1.2602767,2.2674975,-0.70886356,0.97172165,0.54765844,1.1143461,0.35505724,1.4872953,-0.18183635,1.8287311,-0.58483714,1.6313484,1.2872752,-0.92419523,1.8005211,-1.7601777,0.8893608,0.15516336,2.1661108,1.8511845,2.4427125,-0.540635,0.9949758,2.5301309,-0.675096,2.125874,3.9765887,1.1941473,0.73405516,1.3416466,3.846844,-1.0962859,-1.7467386,-0.19243348,1.482843,-2.0623107,-3.2768266,-0.8656857,-1.6425161,2.0465286,0.10289638,0.40493986,3.9165483,0.60480934,0.32236162,1.7162817,-0.62366647,-3.3470838,-0.10895617,1.4937785,1.7388766,2.1063325,-2.4973466,0.3645475,-2.4649553,1.5368779,1.0519272,4.115639,2.9174492,3.290378,0.91651887,-1.2960817,1.9131058,0.7497529,-0.76938874,-3.6005468,1.5650268,1.6122673,1.9273621,-2.1926973,3.8472457,1.5413381,-2.5982463,1.5281057,1.0215479
3.3076982,-0.6446799,1.5217377,-1.0429403,-0.0617394,1.6011506,0.10014807,-0.02538816,0.70789087,0.2391122,2.7432597,0.42282367,-1.193098,1.962682,3.370031,-1.7138505,4.453843,-1.6718804,1.5811572,2.0305495,1.0925858,1.110392,2.4974923,0.4480178,1.1066334,3.3748908,1.745443,1.7850281,0.718784,2.0874817,0.14086498,1.682395,1.1517978,-0.19689037,2.4903266,0.885717,0.35494745,1.9548331,1.3976954,0.03763275,-0.15196308,0.31186983,1.3847666,-3.1636658,1.0383135,0.41336563,-0.2456134,-0.6266336,0.023302056,-1.5093244,-0.68871707,1.1677377,0.540378,-0.24846105,1.1739869,-0.22383274,0.4314434,0.6718647,0.22687328,1.8110354,0.047335945,1.3676099,1.122536,-0.46867606,0.96114564,-1.7909242,-0.4615283,-0.07381458,2.3670292,1.2597857,1.9729105,-0.5685742,2.2004812,2.7833748,-0.12267446,1.888373,3.004498,1.4191079,-1.3508962,1.3793443,4.6449504,-0.96419144,-2.1122231,0.48582608,2.5789013,-1.089477,-1.4036434,-0.4504629,-2.2261724,1.3597319,0.99532634,0.60346687,4.0505,0.3108221,0.8692271,1.522446,-0.9556612,-2.3389387,-0.40769735,0.978656,1.0501974,1.9891466,-1.5238926,1.4560153,-2.23377,1.6446508,0.9160262,3.5835273,1.8307794,2.119951,-0.06333226,-2.5147874,1.8200632,0.6268003,2.0123472,-4.1985846,0.6169734,1.183995,1.6861783,-1.9331095,2.6114345,3.543866,0.10576829,0.15339042,1.8357596
5.3761153,1.5406432,1.9324827,-1.1651592,0.88313913,2.2632318,1.8480096,0.3952343,0.64404666,-1.168641,4.3233385,-1.3935294,-1.0818648,2.0124674,1.7328421,-1.8860958,2.8143406,-1.4954973,1.9377227,0.3284567,0.22788106,1.7867588,3.2566829,0.6117823,1.3387417,3.635025,3.2231398,2.0519233,0.022880124,1.301194,0.65380484,0.72973174,0.7980412,0.0106616,2.0845482,0.50466853,-0.055254668,1.9227393,1.8316742,0.39167207,0.9235811,1.4239638,2.1599092,-3.5448585,1.1707273,0.6500034,-1.5528189,0.09954265,-0.36538592,0.59521556,-0.6184363,3.5493727,0.07954998,-0.41351008,1.9590595,-0.44384786,1.2860411,3.7142794,-0.40200981,2.4034579,-0.2704326,0.88747406,0.22397517,0.580271,1.7325307,-1.512326,0.14044702,1.2197545,2.11345,3.0064123,2.648739,-1.1860716,2.3126483,3.1899643,1.0527182,2.1610646,2.4152904,1.6077724,-2.1382751,1.2834842,3.4437308,-0.68242556,-1.526877,-0.421048,0.49236616,0.6544178,-2.4565313,-0.41050708,-2.1502645,2.1062891,0.35795635,0.39939675,4.994506,1.192194,2.3795,0.7763427,-1.2719195,-3.1754458,0.17778854,2.5736904,-0.014363039,3.132921,-1.4873873,1.4660722,-1.0571637,2.4503145,1.2684673,3.7720542,1.3905798,3.660194,-0.43337432,-1.8790239,1.7536774,0.98296124,0.2882459,-4.296921,0.5765015,0.7515527,1.4138043,-2.20464,3.6703944,0.7392619,0.14221935,0.19449548,2.8415778
3.3236756,-0.11782853,0.5685552,-0.6227145,2.0494776,1.8322397,0.44331098,-0.57808375,0.97549033,0.82042974,1.7122369,0.79547477,-1.4112617,0.61548615,3.101511,-2.5113208,1.5520723,-1.2585082,0.9633655,0.5978714,1.4898298,1.3465613,1.744592,0.6341764,1.5813099,3.3085327,1.5129783,1.2687905,1.2614028,1.0624672,0.28834155,0.46248952,0.73987657,-0.48959377,3.4725194,0.57995945,1.2306011,1.9018294,0.5886108,1.3111844,-1.18156,-0.11855327,0.7972633,-2.014487,-0.33449277,0.67821646,-1.0040503,-0.78046376,0.14549209,-1.004385,0.21520612,1.6653293,-1.354641,0.0063508675,0.48314446,-0.05421342,1.1668139,1.1425257,-0.26453644,0.5270723,-0.025743835,1.1550263,0.2228187,-0.46123707,0.4622462,-1.6354792,0.06943445,1.0190332,1.9937937,0.6499991,1.4678282,0.16399364,2.9108992,2.5351796,0.10439191,2.5569477,1.7863811,0.9168473,-1.2455224,0.6167256,3.8150442,-0.25419885,-0.46755418,-1.3411301,0.57618827,-0.14220384,-2.1129894,-0.6918756,-2.2575002,2.4202232,1.8516306,0.29795164,3.6841187,0.36495566,0.51711214,2.833271,0.78571653,-2.1076093,-0.8570189,0.8082849,0.98124987,1.47918,-2.0320692,1.1387979,-1.6264502,1.42537,0.42724016,2.9164317,2.599281,1.3355292,0.12591834,-0.98380107,0.69076455,0.800834,1.1707525,-1.7808634,0.74519473,-0.23919815,1.4927922,-2.5621002,2.643632,1.7186334,-0.7072064,-0.3964513,1.8444924
2.78988,-0.44915006,2.1584525,1.2140449,2.1284993,1.1984831,0.2719219,-0.6005472,0.6657207,0.26060843,2.4214342,-0.09795967,-0.71360445,0.91583747,1.8587046,-2.016223,1.457962,-2.4261365,0.557416,1.802851,1.1264197,1.1343246,2.6798453,0.7035534,0.141714,3.9839709,1.1381047,2.6372342,0.5570768,1.9049222,0.57207024,1.7083802,0.4003722,0.62827915,1.7027745,0.35306534,1.2042521,3.0729911,1.5379233,1.396847,0.060506336,0.20357718,0.325191,-2.7336845,0.28549308,0.37636966,-0.58859825,0.01692336,-0.68021846,-0.7609251,-2.2810864,2.4199085,-0.603283,1.1458497,0.17196798,-1.6382378,0.44662008,1.8393613,-1.2787035,2.1805558,0.59461874,1.805352,-0.4036504,-0.2710274,-0.29246047,-1.4345382,0.056223627,0.66892195,1.940602,1.8625594,2.0124147,0.1955299,1.45794,2.0596986,-0.16485135,1.7406951,2.1459394,1.166394,-1.0496621,1.8288859,4.369047,-0.073840156,-1.8300127,-0.7258819,1.5241742,-0.46126756,-1.3518794,-1.2428412,-2.1269116,3.73888,1.592022,1.1276494,3.1367009,0.13148747,2.1695702,2.879979,-0.9863255,-2.7254055,0.77275896,1.4476042,1.2991647,1.5537405,-2.1858552,0.68325055,-1.8232794,1.905013,1.1424534,2.6226223,3.4168816,2.4683087,0.22489272,-1.3399515,0.7272755,1.1732833,0.6786928,-2.6298468,1.6156223,-0.21832016,0.5560834,-1.8879569,2.959425,2.893047,-0.7313259,-0.6011261,2.3296835
4.5152636,1.0533695,2.1101885,-2.7568645,1.478723,0.71566767,3.3099484,-0.13216533,0.72334677,0.55265737,3.3903477,-1.0752643,-1.7021209,2.0216901,3.1268616,-2.133494,3.1892905,-0.9169514,1.4447402,1.5974733,2.1127758,1.7863069,1.649575,0.6020996,3.6470783,4.794672,3.4331644,0.4965647,1.3931286,2.3329792,0.42832363,0.292393,2.0926828,-1.6455194,3.8313525,0.3979068,0.50933254,2.4403849,0.22818372,1.609453,0.12062259,1.2388942,1.6758298,-2.3843591,0.456315,0.095160104,-2.9249113,-0.1718236,0.61542803,-1.5779165,1.7060033,1.2107346,-0.58655924,0.08948881,2.1755974,-0.40007892,1.5332867,0.74489015,0.15022147,1.9357903,-0.70208156,-0.7777062,1.2838364,-0.021973021,1.8953617,-2.3763177,-1.5181806,0.043902732,2.3255794,2.5258722,1.8437339,-1.2943244,3.9101887,2.2136905,0.46722695,2.3564003,3.882701,1.8256394,-1.157965,2.8831143,5.7122426,-1.3322289,-1.2951366,-0.047954462,1.4827263,-0.16936843,-2.2233403,0.06863297,-2.4585285,1.6798307,1.8960606,-1.6389047,5.8422847,1.3899537,0.72109073,2.583596,0.3758855,-3.2189448,-0.545565,-0.17431211,1.6068001,3.5752816,-2.4296234,-0.24366537,-2.8777456,0.8628744,0.90724385,4.5508127,2.9260473,4.9947405,-1.0039186,-2.10553,1.7493745,1.122561,-0.5602696,-3.6480873,1.3748993,-0.40716872,2.2914479,-1.7503145,2.8212795,2.157533,0.1656185,-0.11219616,2.5297768
2.3541713,-0.29535463,0.8914476,0.2638276,2.0735853,2.5089464,-0.08941442,0.30894014,0.5673749,0.9266443,1.5986613,0.72101516,-0.6756868,2.8542452,2.9257486,-1.8244638,2.7934186,-1.0498055,0.5872941,0.8409316,1.0191188,1.797758,2.0894175,-0.42850336,1.1430393,4.4364233,1.3556885,2.341287,0.7455594,0.5048324,0.7790184,1.4042786,0.8067543,0.21928681,2.3424602,0.57744336,1.0135995,2.316611,0.8727027,-0.15193394,-0.2721939,0.38713208,0.12668452,-2.069464,0.13825203,0.89082867,-0.008998066,-1.0725319,-0.22812842,-0.88585865,-0.84470576,1.6042501,-0.30518907,1.6769578,0.179762,0.677711,0.08607737,1.0900103,-0.040586054,1.3597013,-0.07459131,1.573106,0.5078013,-0.22907497,1.76166,-1.6072022,0.732475,0.31047043,1.8805554,-0.4878319,2.1463294,0.717137,1.7699013,2.9409595,-0.06943508,2.489776,3.5866675,2.0767732,-0.85397416,0.8840892,3.0801494,-0.21353653,-0.87483495,-0.84033585,0.80093336,-1.4029744,-2.196336,-0.8738076,-1.5590302,2.454631,1.0652303,0.69727844,1.6361623,0.38236308,0.049182303,2.1273994,0.065755755,-2.5055203,0.13332537,1.1368334,2.1850226,2.0661645,-1.1771978,0.9025313,-1.7440734,2.1558394,0.85495824,3.3517165,1.5573401,1.9618272,0.2687501,-1.1558318,1.1914072,0.019547775,0.020301996,-1.5634658,1.1253192,0.77808034,1.9442402,-1.8396779,2.0026755,1.4602177,-0.31328827,0.54290813,0.8561007
4.948774,1.0659482,1.3126714,-2.2235396,0.96489036,0.8693663,1.1958649,0.6150251,0.8996605,1.6840276,3.7146852,-1.2867465,-0.7533437,3.365231,3.4247744,-2.6044724,3.5118868,-0.5138976,1.2518902,1.3069525,3.0700765,1.1686188,1.129544,1.3890318,2.8645864,4.328017,2.8702354,1.0308925,2.1514325,2.1115625,-0.1230617,0.7754306,1.5569168,-2.6585958,2.7865086,0.575213,0.23761098,1.8904222,0.11464513,1.9941196,-0.07879528,0.63108987,1.1801721,-2.2226825,1.3803282,0.065457106,-2.013627,-0.914322,0.9660655,-1.3665862,1.0521559,1.5301219,-0.7069824,0.6557156,3.09654,-0.4019986,0.75786465,2.1624455,0.118693456,1.2707167,-0.12735377,-0.09876556,1.0323062,-0.9978987,1.9539973,-0.8834022,-1.3242476,0.87129605,3.908548,0.8464099,2.0034728,-1.9572828,3.2522666,3.689379,-0.45068654,2.218811,4.448717,0.8302964,-0.9026842,2.5945795,5.5953794,-1.7859554,-0.63979226,0.9162188,2.9040923,-1.848272,-1.9327164,-0.8966366,-2.8106282,1.814459,1.3337889,-0.82235336,3.9079187,1.8172587,0.37706494,2.0079172,-0.387717,-3.6691875,-0.6715388,0.6498328,1.5472425,3.9819136,-1.8727181,-0.4741155,-3.6897702,0.9758645,2.8110504,4.3354454,2.4506977,5.5153494,-0.4399226,-3.0493326,2.6477365,0.8550971,-1.6706321,-4.2048917,1.236115,0.28091055,2.0520608,-1.9600862,3.5602398,2.2700837,-1.697736,1.3249761,2.1351485
3.1386185,-0.14960593,1.069752,-0.14783818,0.39884168,2.0045655,-0.3490985,0.5944842,0.10253333,0.73290956,3.086557,-0.17094871,-1.0037726,0.7806231,2.1376584,-1.8186543,2.8852801,-2.079111,1.2704302,1.1203194,0.8949516,0.008305982,1.8022931,0.47006515,1.1919031,3.4292352,1.0918983,0.40139726,0.7984824,0.45181975,0.4195445,1.2658508,-0.30601555,-0.14213808,2.0322208,1.1277113,0.5867157,1.7316417,1.6333865,-0.009394979,-0.45795625,-0.008736487,0.7674627,-1.2919854,1.2313322,1.3574685,-0.94613373,0.40087464,-0.5272442,-0.6026069,-1.005064,0.39246896,-0.8374578,1.0044302,0.44303367,1.1492945,1.3998611,1.0542731,-0.95458305,-0.055100203,1.553041,0.42476922,1.210672,-0.5052543,0.5119158,-0.82467234,0.42654607,-0.333694,2.273162,1.0261749,2.7230341,0.25240436,1.6987221,1.9814409,-0.61191094,2.5126607,2.1546955,0.88688576,-0.8614056,0.884662,4.328261,-1.0705907,-0.6382776,-1.239147,-0.3820217,0.3488139,-2.6546311,-0.77497107,-1.8366863,2.5239906,0.68630815,-0.5608717,3.7792656,0.15684341,1.4003812,1.3450108,-0.737405,-2.104142,-0.40154937,1.8960121,1.118239,1.722043,-1.5218546,1.5841277,-1.6604947,1.9685317,1.1151594,2.5715294,3.3708208,3.7154322,-0.31801397,-1.5051442,1.7660563,1.2121286,-0.40778944,-3.1320407,0.026358033,0.21563406,1.3031905,-2.5329163,3.0121589,1.6858478,-1.6349003,0.4785828,1.7288231
2.8065853,-0.21225059,-0.068421565,-0.52864325,2.1999795,0.7643429,1.5186713,0.17114405,0.58448595,0.43761706,3.4624577,-0.7169817,-1.7250234,1.0245398,3.4409626,-2.0215073,2.7212675,-1.5328171,2.1889646,1.2357438,1.0873433,0.9490816,2.8986866,0.4316458,0.9143228,2.5311856,1.5994449,1.7016205,0.66845185,1.3991545,0.6315803,1.8264153,1.252795,0.28707874,2.7330565,0.78239125,0.7136748,1.8512793,1.514552,0.68910044,-0.18337281,0.46327356,1.5315073,-2.90395,0.18156455,1.1269555,-0.8213156,0.3646263,0.33373797,-0.09395056,-1.5824741,1.3717245,-0.72466457,-0.12603828,2.4327352,-0.34979197,0.5121472,2.1837664,-0.1955815,1.2348015,0.16671993,0.014568182,0.077129476,0.678113,2.0672715,-1.098103,0.6675758,1.0180566,2.9277868,0.9019866,3.1835518,-0.8676378,1.1211473,2.7134988,0.3469376,1.4382524,1.6508754,1.3764387,-1.5051533,1.7819552,2.8713827,-1.433505,-0.0071997344,-1.3587137,0.22033836,0.49774623,-2.6183786,-0.030132826,-1.6673378,3.2970026,0.47000778,0.73560977,3.1803772,0.8692436,2.3623598,2.2267244,-0.23640902,-1.9954534,-0.42741758,2.3429356,1.3930265,2.7901354,-1.7360204,1.8383694,-2.2452588,2.0318508,2.3183994,2.622886,1.5176044,1.4366254,-0.50868773,-1.0677301,0.97168225,2.0336232,0.36518508,-2.4323318,1.0377953,0.3133535,0.95521647,-2.7541513,3.455974,0.10265688,0.7957411,-0.836418,2.1966867
3.9298568,-0.03043052,2.0258565,-1.3074659,2.2488477,2.4340556,1.7015623,0.44197232,0.7750448,0.35430205,2.3381398,-0.4184111,-2.407495,1.6613727,2.8213196,-1.6709995,2.167546,-2.1011112,1.9544513,-0.7120448,2.1134458,1.1091279,3.1002088,1.2729949,2.4823816,2.809329,2.363673,0.9972272,1.6022459,-0.7143565,0.44013408,-0.15218295,1.7138062,0.45284215,2.029416,1.8230975,0.32205456,2.9587562,0.71091694,-0.1601268,-0.40581396,0.7393467,0.15978298,-2.5883076,0.6711177,0.34174544,-1.0857785,-0.8130889,-1.1633031,-0.57382464,-0.6374344,1.6011231,-0.36968568,0.4342646,1.0804117,0.23443185,0.08487037,2.2022102,-1.1898276,2.931301,0.7878315,0.19706258,0.87934476,-0.6968322,0.993524,-0.72670263,-0.5493581,0.41408637,1.5777237,1.8479254,2.5840802,-0.9468542,1.2951334,3.3544788,0.3133773,3.2155378,2.925088,1.7593633,-1.4821728,1.4558572,3.4320688,-0.2912064,0.43033522,-1.5741909,0.92815953,-0.62139124,-2.0119736,-0.023488626,-0.38052458,1.9305401,1.1057792,0.41014752,4.3796043,0.840167,0.39195684,1.6761568,0.6046001,-2.5521464,0.45774826,0.9254591,2.0278947,2.8373728,-1.9331774,1.4365761,-1.5700662,1.8663405,0.57751715,3.9364088,2.3331094,1.7420235,0.20985638,0.08235155,0.91202563,0.032663815,0.47031415,-2.7987707,1.4546162,0.53823453,2.2390487,-2.242535,2.6943817,1.2844245,-0.3501665,0.5363723,3.2384775
3.960504,0.029891454,1.9642289,-0.82470536,3.4554024,1.4854283,2.00106,-0.7435387,2.8950498,1.5167797,4.3734484,-1.8072449,-1.9590316,2.165691,2.5216136,-1.7287211,2.7958913,-1.7499776,3.0121868,1.760734,2.6365457,1.7682936,1.9974182,0.65212995,1.0506581,3.6231334,1.3678796,1.7967587,3.0638418,1.7903557,0.107917994,0.508779,1.4108639,0.6710223,3.3295908,1.6564958,0.37305236,2.5628724,1.2595015,1.8479803,-0.14391358,0.760524,3.042924,-3.3936274,1.4034055,0.40995383,-1.4533826,-0.6324497,0.9316381,-1.1609929,-1.0888948,3.2629457,0.19056366,-0.18747239,1.8849678,0.42452824,0.8241277,2.2722647,-1.5446252,2.3365984,0.0082397945,0.6772669,0.36107516,0.6991066,1.3104552,-2.3573933,1.5525943,1.6547639,1.7560793,1.6886326,1.3776313,-0.873934,2.7257817,3.7780693,1.4323168,2.2322748,2.7393255,1.0574973,-0.9199522,1.5048535,4.5716643,-0.13725372,-0.28038406,0.17250924,0.15423137,-0.7640213,-3.115793,-1.0008321,-1.5790594,3.4513195,1.5887593,0.59472317,3.7882729,0.7071968,1.6717055,3.1227367,-0.21590148,-3.386848,0.4453294,0.84961045,1.2019061,2.7748625,-0.45876294,0.37893102,-2.386262,1.6428512,2.0945141,2.8772235,2.7035487,2.1037588,1.43848,-1.5529455,2.2780435,1.1518809,-1.1536801,-3.5093074,1.0020597,1.3521901,0.917409,-2.5075195,3.5999866,0.98650914,-1.9616095,-0.47315985,2.7687535
3.3350306,0.11176914,1.8230222,-0.49471128,2.4547963,1.3940396,0.45434904,-0.60749567,1.4218451,-0.15128742,3.0481846,-1.0028238,-0.391283,0.9329439,3.6727867,-1.3352413,2.0635002,-1.2531984,2.3694267,1.3699348,2.2102656,0.7053763,2.9167585,1.5150836,2.7351224,3.4765937,3.301199,1.2017584,1.1879593,0.86664534,-0.11241421,0.3190795,2.3194366,-0.5972781,3.0634532,1.1685592,0.32238263,2.8366296,0.10677925,1.7759607,-0.12511683,-0.22402106,0.96955794,-4.9929237,0.856269,-0.012668779,-0.581668,-0.046098236,-0.3183123,0.15019299,-1.198429,2.1786094,-1.2501938,0.6876026,1.3523285,-0.8574567,1.4534022,1.9607623,-0.8800294,2.2664557,-1.4850572,2.0404577,0.40720716,-0.4873315,0.0017851479,-0.63237077,-1.2065837,1.4403641,2.733992,2.4752557,1.3896029,-1.1113031,1.6910758,4.8382154,0.8796305,2.3037634,2.2974882,1.4583974,-0.999242,1.8203131,4.463757,-0.78444684,-1.2279207,-0.72038555,1.0159991,-0.60536873,-2.485802,0.48632577,-1.4963398,2.1885107,0.31804198,0.67238766,4.3119507,1.0023998,1.6884971,1.6326305,-1.1163762,-2.2689083,0.43025374,0.36440283,0.7896344,2.136697,-3.047757,0.83196414,-2.5458994,1.0427414,1.2628666,3.8476357,2.0058575,1.7533636,-1.2962337,-1.5795602,0.7642678,2.3129015,0.011570737,-3.8917637,1.3272972,2.1024287,1.752358,-2.139593,3.526413,2.5534136,-0.07143006,-0.17524195,1.7823414
3.569622,-0.21639842,1.1513543,-2.5462873,2.7094953,1.4548596,1.8166647,0.29201326,1.1980659,0.46964973,2.544341,-0.4978284,-1.1651357,1.8751416,3.0341723,-2.4047844,2.8854866,-1.6951722,2.036877,2.273086,1.4783665,1.1618129,3.212684,1.3349686,2.4646256,4.308144,2.994749,1.5058082,2.3148344,1.3801079,1.172827,0.6718351,2.7733595,0.8107479,3.2893913,0.56470793,0.26140654,2.4301662,0.85080355,1.1976705,-0.24777174,0.30487266,0.91097814,-4.01543,-0.081093535,-0.46945584,-1.0317224,-0.28795466,-0.63899285,-1.1080146,0.556899,1.3154589,-0.78952014,0.19794542,1.5532405,-1.4816325,2.492487,2.0665126,-0.46279302,2.0631447,-0.014165293,0.5111656,0.32404235,-0.043878194,1.9417261,-0.5094952,-0.5470522,0.59511685,1.7893263,1.1196396,2.4209394,-0.9403641,1.3371117,3.7443666,0.31790775,3.253725,2.3801064,1.915585,-1.6877184,1.7491071,4.08388,-1.6616846,-0.74096715,-1.2224993,1.8639711,-1.2760348,-1.8621376,0.7011992,-0.20131826,2.9046867,1.1945794,0.41950595,4.9930353,1.1876212,1.3973423,2.8039804,-0.36415514,-2.9461327,-0.003656614,0.16874668,1.8191743,2.858713,-3.6777825,1.0092741,-3.887864,1.9972786,0.8946349,3.066569,2.0242062,2.1865468,-0.1496233,0.062291842,1.426761,1.3338872,1.2282135,-2.7185578,2.882916,0.75235206,1.5186083,-2.0790844,3.0119596,0.78352016,0.45387843,0.11673959,2.3547425
4.3578067,-0.25180668,1.0657979,-1.2759233,3.0342221,1.3825781,1.4996842,0.28422934,1.5196136,0.7383851,3.302765,-0.16192444,-1.8544861,2.1126952,3.874023,-2.0630798,2.4788833,-1.3338773,2.805826,1.2322574,1.6039315,1.9350816,2.344802,1.7651563,1.755732,3.1868622,2.407729,2.218477,1.2439814,0.09789629,0.8214829,1.0253567,1.7707183,-0.070630044,2.5578618,1.6516558,0.2993154,3.7115347,0.73880684,0.70766175,-0.27709377,0.57859087,0.07555166,-4.385223,2.43847,0.9473651,-1.4225118,-0.96285033,-0.041748732,0.0033442387,-2.154564,1.4989882,-0.450981,1.4852325,3.8423836,-0.053382374,0.18633425,2.3988206,-1.7629138,2.286704,-0.03487884,-0.2262578,-0.051460195,0.06090714,0.6383546,-1.7384692,-0.4465881,0.9117743,2.6894057,1.5005586,3.1013775,-1.322903,1.4334294,3.1316872,-0.5199332,0.8880044,2.6609182,1.464964,-1.7155043,2.6700816,4.2275105,0.5315421,-0.45782885,-0.3840205,2.3940406,-0.88116825,-2.5417314,-0.058196712,-2.484238,2.77534,0.44509137,0.7751836,3.6962163,1.1811153,1.6848767,0.31544313,-0.1776247,-2.6930294,0.49718392,1.2610989,1.5819938,3.6200747,-1.2738125,1.0405236,-2.2276921,0.80548763,1.894145,3.534869,1.7329026,1.9960092,-0.48597276,-1.6515695,1.9607643,1.6628672,0.4471394,-3.8890562,1.333144,1.8645453,2.0784554,-2.2129714,3.6031785,2.0676534,-0.14467834,0.9724699,2.2975914
3.9279518,0.46206418,0.8413282,-2.0172422,1.7787137,1.9194773,1.7594788,1.516986,0.8046285,0.26549348,2.7853215,-0.43542466,0.18450311,1.3123131,2.3385541,-1.2471771,1.9793843,-0.79183394,0.3353815,0.5536876,1.442838,1.3008296,2.0046427,0.7693216,2.1483092,3.8347006,2.7614243,1.3538512,0.8384157,0.8549404,-0.11978513,1.2141341,2.1950474,-0.5446648,3.2753453,0.5737124,0.75192255,1.8758215,0.6874437,0.38397253,-0.22067814,0.32553405,1.0256529,-2.4813309,-0.099784836,0.123768575,-1.2084295,-1.0693623,0.2344707,-0.43643653,0.6357977,1.4622111,-0.82444143,-0.4050445,0.76503676,-0.00335743,1.3671194,1.3971145,0.2772561,1.266408,0.075557485,0.0789233,-0.61655074,0.22805132,1.0188886,-1.1242962,-1.3356917,0.9911179,2.3951368,0.8392812,2.09582,0.08414425,2.5021524,3.6294503,0.18170877,3.3171947,1.7894961,1.822398,-2.5704124,1.9222865,3.6751978,-1.9498122,-0.16525717,-0.43690673,1.8579873,0.26155233,-2.026831,-0.03496712,-2.5941303,1.2718859,1.1424334,-0.32276127,4.001612,1.1113814,2.0645287,2.0503936,0.49957588,-2.1581368,0.16494688,1.2908052,0.39446336,1.575591,-2.1091442,1.494299,-2.0305963,2.818289,0.68356985,3.2448227,2.627944,2.8229275,-0.78373003,-1.3953849,0.7023402,0.55857015,0.083280385,-2.4848182,1.7319478,0.14703329,1.9846382,-1.6633149,2.052904,2.1232383,0.055077605,0.31290558,2.2154756
3.1142914,0.12638052,1.8068033,-2.0245485,2.0294244,2.1067717,1.4838861,0.598388,1.2952231,1.0348649,1.5789634,-0.261415,-2.0705981,1.6598282,4.2079225,-1.985048,2.805292,-1.7818601,1.1592311,1.4183375,1.4228122,0.14284384,3.116641,0.9913044,2.3028612,2.7237244,1.7336525,0.8256205,2.9064314,-0.66446364,-0.3045795,0.35745928,2.1131637,0.3098674,2.4029043,1.3370383,-0.5589511,2.1195166,0.8832586,2.4133792,-0.13872688,1.2299465,0.9088953,-4.058491,-0.67317677,0.33704174,-1.1777663,-1.7700369,0.2894739,-1.3895153,-0.11516014,0.89217275,0.7013723,-0.6678976,1.698345,-0.08100867,1.2722219,1.2998818,0.15272887,3.078204,-0.40532878,0.10022253,0.23023689,-0.60049874,1.8083657,-0.6637076,-1.2905704,0.22569032,1.1933436,1.5608699,2.5772839,-1.5768741,2.236638,4.0511584,-0.2534616,2.2071342,2.8812752,1.7490989,-0.9021681,2.6046145,4.5456905,-0.9517327,0.16516571,0.18295677,2.1049118,-1.3831018,-2.8269682,-0.6470848,-1.248771,2.1274173,1.273745,0.91507816,4.55777,0.723111,0.6547584,2.137348,-0.29012898,-2.4650884,0.37425813,0.6911392,1.8162277,3.009665,-1.7888956,1.4224932,-3.742432,3.1338177,1.5769538,3.450857,1.9941119,2.166218,0.13312404,-0.59182686,1.47756,1.2540332,-0.21898682,-2.4980009,1.7856666,1.2439393,0.81957984,-1.1946341,3.0064101,2.0907247,0.62423325,0.5123621,2.3386753
4.7083035,-0.65418375,1.0153625,-1.9326061,0.3744367,1.8664376,1.1962671,-0.057750147,0.26652634,0.12414249,4.092486,-0.5158917,-1.8553225,1.933619,1.943048,-1.5100572,3.7859406,-2.2126727,1.6890618,0.47619677,1.383554,1.0390086,3.2558188,2.080529,1.4041278,4.8503647,1.07346,1.8405511,0.47195262,1.2295021,2.271686,1.8392159,2.2553945,0.831213,2.8819714,0.2824467,0.77638364,4.118675,0.5223576,0.524907,-0.3030987,0.41300687,1.1475993,-1.2091491,1.2191836,-0.37432882,-1.5521322,0.39332142,-0.20851032,-1.094518,-1.0168011,1.7915502,-0.75375843,1.2700822,1.7155383,0.79493254,2.0676215,2.6352496,-0.24158879,2.3724294,1.578446,-0.017878793,0.8890698,-0.24664761,1.9533689,-1.4727209,0.24493971,1.004418,2.5710778,1.1093218,2.375272,-0.44309357,2.7257528,2.9753351,0.2747414,3.9013536,1.8902842,2.3185627,-1.4943281,1.3023963,3.2283635,-1.7874655,-1.5921124,-2.4834418,0.65541244,0.87018955,-2.1082983,-0.6065365,-2.4060352,3.3647587,1.9641337,-0.39350522,5.667795,-0.10238594,2.1865685,1.3899407,0.011097794,-1.2676082,-1.48991,1.7046163,1.6376026,3.0090396,-1.1700206,1.7340602,-1.8038598,2.8329976,1.2323968,2.7724874,3.3694952,4.219689,0.5730441,-1.187741,1.8994936,-0.43480924,1.0414927,-2.2006571,0.118218094,-0.05356712,1.4947201,-2.9317,1.2719324,1.3909473,-0.59773624,0.1375958,2.3192399
1.6804892,-0.28357425,2.4291775,-0.27594945,2.1617553,1.506688,1.0231243,1.202906,1.5833669,1.34958,2.7474847,-0.8210416,-0.16636007,1.6447792,3.121702,-1.031316,3.0818574,-1.7064025,1.3695078,1.480706,2.5334382,2.3906322,1.9847527,-0.3168094,2.2048714,4.005489,1.7897176,1.5104147,1.5537993,1.0378201,0.05747909,1.5595549,0.33846566,-0.057882227,1.9928533,1.6816813,1.0106744,2.5157003,0.8104357,-0.1302159,-0.77874917,0.44270846,0.7156776,-3.100078,1.7089037,0.20939954,-0.967605,-0.3555312,0.47060126,-0.5169696,-2.143641,2.5035024,-0.71705747,2.098754,1.4206307,0.5866325,-0.44197473,1.5892428,-0.28989264,2.1120365,-2.2188866,0.5835161,-0.35433638,-0.40435934,0.64972293,-2.256836,-0.14266494,-1.3578632,2.932709,1.6084372,1.4154773,0.7681061,2.5525603,3.0766613,-0.17187051,1.9924301,4.1416626,0.67744964,-0.73054993,1.5917656,4.176689,0.10863043,-0.69434476,-0.6564491,1.9910965,-1.5652316,-1.8426191,-0.25711536,-2.2194865,1.169193,1.4798563,0.69633335,2.659618,0.20077538,-0.92547655,1.6498463,0.092010625,-3.3292882,1.3363554,0.19112396,1.4268982,2.3394284,-1.4210296,0.11220083,-2.2368684,0.72284126,2.100386,4.167927,2.9027047,1.9385718,0.4697978,-2.1563725,1.8661392,0.73859227,-0.014271233,-3.0948017,1.5646044,1.0098438,2.6098223,-1.4965482,3.3395553,3.2406979,-1.0671173,0.7037352,1.6520463
3.2935562,-1.4156282,1.88023,1.2782241,1.6330698,1.5117123,1.0298958,-0.42992646,1.0674624,1.2397975,5.3063326,-1.1602962,-1.3961767,0.99131185,1.9390134,-2.165569,2.8588934,-2.5200348,0.7746602,1.9376671,1.4622487,0.7036473,3.904699,0.68331933,0.6862899,5.110207,0.6807753,2.274537,0.74892575,0.7979427,1.6838025,1.0488912,0.34027782,0.1935338,1.2191577,0.20557864,0.5068667,3.532154,2.3505838,0.33979657,-0.78457046,-0.362255,0.7933334,-1.7195542,0.8620469,0.2793002,-0.63005173,0.041878354,-0.22593492,-0.6924919,-2.6879601,1.5177416,-0.97473794,1.7397792,0.28191358,-0.5739688,0.19854578,2.1688323,-1.280846,2.6406581,2.5747886,1.5341339,0.5419162,-0.67470455,0.56771916,-0.25912046,0.69964564,0.2514787,2.0372646,2.617504,2.951741,-0.41431206,0.39113474,2.4873407,-0.71451855,1.7116477,3.3775053,0.5906002,-1.740171,1.8552984,4.0068,-0.8406723,-0.88756144,-1.8787746,2.10541,-0.5763134,-2.3366554,-0.5339927,-0.22518322,4.2369947,1.6892991,1.0296819,3.9317517,1.1755165,2.6759143,2.2936032,-0.801323,-2.1798759,-0.8265326,2.2045527,2.099077,1.7740433,-2.860892,1.4163697,-2.3355823,2.6704257,0.9877229,4.3686976,4.620968,2.1857793,1.1661209,-0.07553662,1.099958,0.38396636,0.89906776,-2.500741,0.90991235,1.0960367,1.7530746,-3.2458603,2.6546602,1.8921998,-1.1835467,-0.21530941,2.697331
4.2297297,-1.1177888,0.6902511,0.28566664,3.4091635,1.4410512,-0.21108727,-1.6855165,1.1635551,1.3173127,4.368398,0.051713243,-1.673614,0.63698584,4.2789197,-3.2158725,2.8754325,-2.6375346,1.9365104,2.3789515,2.9382296,1.1665951,3.731805,-0.1292369,2.3421113,4.100372,1.1791885,2.2518387,0.09800698,2.260653,1.6201074,2.4300323,2.218307,-0.2969031,4.107326,0.7868908,0.58584076,2.6774316,2.1507761,1.436975,-0.5922995,-0.5646938,1.2457932,-3.4731276,1.615233,2.3001826,0.5605828,0.20234495,-0.25764588,-1.8328931,-3.2617936,2.9760222,-1.380393,1.4264452,0.20601316,1.4858819,0.9935451,3.4903812,-1.7753041,1.631426,0.38161743,2.2886302,-0.6099327,-0.5682702,0.9348629,-1.4114791,1.0224967,1.677765,3.4518917,0.70363826,4.099042,1.7987689,2.1391923,3.6721148,-0.5506308,2.7241304,3.2644973,1.4608309,-0.31205237,0.51193017,5.3682775,-1.1441901,-0.8966089,-2.8267949,0.6526822,-1.6802143,-4.1948714,-0.36333823,-1.6922765,5.562172,1.8704525,0.9346865,7.0289865,0.40844083,1.9358957,3.8923056,-0.45358166,-3.4547634,0.123519294,3.5080743,2.4720826,4.287414,-2.873435,3.7341688,-3.3552074,4.210734,1.0761168,3.3622432,5.5872393,4.459791,0.41091716,-0.9633494,2.2126496,2.8986626,-0.51441324,-4.584852,1.4486977,0.08435629,1.7526721,-3.7060163,5.346934,2.4610531,-2.7118678,0.1667547,2.14118
4.3466506,0.075718015,1.644596,-0.26457366,2.1739278,1.1959039,2.019777,-1.348509,0.90785676,0.10206839,3.6029615,-0.22280586,-1.6281172,1.6304344,2.763912,-1.9992096,2.3007922,-1.0446633,0.6050914,1.0506152,1.6891595,1.4977455,2.1326773,1.5744932,1.556248,3.5313501,2.244616,1.9570159,-0.17486209,1.5309892,1.0498977,1.0661752,2.7370782,-1.3393071,2.4483302,1.6064299,1.002598,3.0227628,1.2454671,1.0635428,-0.6783649,0.64042366,0.9159729,-2.7364254,2.1759858,0.7284064,-2.151688,-0.5051767,-0.42939857,-0.20630413,-0.8555595,1.59347,-0.6499693,1.3234634,2.6480396,0.9833417,0.097203225,1.9443015,-1.0552392,2.3881876,0.21725368,0.14878511,0.5350428,-0.3179021,0.9015638,-2.6828353,-0.5790955,1.5541124,2.4934092,1.7592901,1.8189591,0.047232706,1.7963717,1.9222012,-0.85803413,1.7259415,2.7250414,2.2521348,-2.174922,3.068958,4.585486,-0.6114412,-0.04139721,-0.7787436,2.478939,-0.7594331,-2.064394,-0.9734554,-2.9707322,1.7908096,1.4741251,-0.78586996,3.7143903,1.351648,1.8289243,1.9498503,0.37572232,-2.2140222,-0.17645557,0.48015693,0.83110154,3.3522027,-1.5956459,-0.28523865,-1.2871771,1.6219273,0.5360337,4.510193,3.2229614,3.0634468,-0.73896754,-1.4787843,1.6738094,1.0200388,0.8134278,-3.136414,0.67875427,-0.25673637,2.341912,-3.6459742,2.3785763,1.3721632,-0.3409508,0.052345023,3.2601488
4.0956373,-0.026345275,0.2660746,-0.20863633,2.9444106,1.7242796,1.5966444,-1.0866126,2.1318874,0.18817846,4.008193,-0.26163647,-1.2764808,1.941862,2.6568594,-2.49901,2.7939117,-1.3483373,1.7587161,0.24736728,1.2075385,1.9118171,3.8335876,0.12725228,1.6299983,2.646042,1.8189219,2.0053945,0.8111032,0.90478987,0.81313074,1.3621595,1.4928497,0.2080882,1.1798387,0.7094443,0.7687374,3.6037602,1.4706566,0.11752999,-0.100918114,0.74810046,1.6469307,-2.7824788,0.45478043,1.0877988,-0.9167182,-1.200031,-0.3778157,-0.51112187,-1.5642987,3.0674062,-0.46232393,0.53713495,1.1551919,-0.17003727,-0.21445051,2.6163247,-1.1749233,2.8732133,1.4378726,2.2181404,-0.066952586,0.14815335,0.93414956,-0.89770526,0.6880861,1.8210646,1.6237485,1.6858666,2.3623827,0.1813484,2.2087886,3.192557,0.16799346,2.3316567,2.820549,1.5132535,-1.7508763,1.8122154,3.1582458,-0.7289188,-0.9317058,-0.7693931,1.0836664,-0.97236514,-2.2182257,-0.34979036,-1.3693788,3.488562,1.870298,1.142805,3.6509464,1.0205914,1.3704274,2.5430605,-0.13175589,-2.9649556,-0.0029479773,1.6883664,1.4294171,2.2319007,-1.5445598,1.2031989,-1.4279097,2.6022072,1.9822992,4.298884,2.211185,1.1044706,1.6490015,-1.1165812,1.2887563,-0.38021812,0.32350874,-2.84209,1.4860291,1.1365951,2.0510523,-2.6170428,2.1841826,2.239052,-1.2762748,-0.776519,1.5023457
3.603068,0.14231822,1.2414125,-0.922006,1.339118,1.901234,1.180934,-1.0408422,1.6309286,-0.14898095,2.3351154,-0.6707515,-1.6664947,1.3257062,3.6901324,-1.957243,2.866129,-1.4391927,0.9710694,2.03969,1.5150832,0.5734671,2.2022223,1.3181157,1.5317332,3.296845,1.2294492,1.7248652,0.59648395,0.30463183,0.4214523,0.25378805,1.5399776,-1.1312795,3.7141654,2.4827116,0.17088147,1.307065,2.4585166,1.3922377,-1.2196188,1.6746213,0.11466459,-4.056438,0.5531526,0.32171524,-1.1720825,0.041494746,-0.5778739,-0.54088956,-0.49567178,0.58405674,0.0004955139,-0.60271233,1.7588723,1.6776177,0.91773754,1.6016523,-0.9614816,2.1668847,-0.17861481,0.17374504,1.3718696,-0.4788696,1.3605766,-1.4109998,-1.0022104,0.8306094,2.2987266,1.2520328,2.5295613,-0.5767514,2.4635456,3.7504723,-0.5198887,1.6922027,2.9727058,2.189189,-1.4546584,1.8223134,4.6288323,-1.0315218,0.16480981,-0.25282514,1.6668833,-1.1539031,-3.4525433,-0.37239373,-2.311883,1.0637072,1.0614195,0.76599395,4.2521553,0.6735123,1.372848,1.5618997,0.06581233,-2.0999572,-0.18185954,1.2365326,0.36298096,3.5771065,-2.063841,1.9437236,-2.4570613,2.2397883,0.7484804,3.9859962,1.396519,2.0776796,-0.84354305,-2.3462183,1.8789569,2.7654462,0.54344803,-3.9823222,0.62105983,0.50317436,1.7759144,-2.6081781,4.1215262,1.5090116,0.48053917,1.0358826,3.5912106
2.8390706,-0.7812598,1.8962616,-1.010408,2.995913,1.8823898,0.5031531,0.30542126,0.65715903,0.54664844,1.9411275,0.1926255,-0.89309984,2.1097426,3.2015924,-2.3973267,2.9959598,-1.5169585,2.0117195,0.054734804,1.8753018,0.5499497,3.4926357,0.8211006,1.9564948,2.5984848,2.8447235,1.6639528,1.8957982,-0.14524353,-0.5422168,0.8204478,0.79953665,0.7428754,2.1774802,1.6828871,1.0548626,3.015027,0.14880198,0.12734252,-0.533548,0.32004791,-0.30058283,-3.9144163,0.2596753,0.36502594,-0.29042786,-1.2727721,-0.67666835,-0.8438159,-1.2637527,1.8418759,0.06988875,0.08335489,0.7558816,-0.15030108,0.12646893,2.3209312,-0.2772497,1.8271714,-0.22956148,0.51358557,0.30855548,-0.7154074,0.64330435,-0.6531478,-0.55806744,0.7763912,2.5540323,1.617762,3.6085417,0.24127911,1.2654828,4.2141213,0.078134306,2.7570252,3.0800118,2.2970192,-2.102134,2.0136929,4.7675767,-0.71367085,-0.033393998,-1.2089685,1.7964709,-0.62215406,-1.7480593,-0.70100564,-1.31504,3.4669132,0.35476887,0.36164975,2.8527687,0.58574647,1.3950306,2.4473224,0.47259048,-3.5603142,0.20319548,1.4699436,1.6350025,2.7667985,-2.1009202,1.6880777,-2.4101372,3.1436763,1.8169786,3.7217975,1.655636,1.4817723,-0.6884218,-0.21370411,1.4967856,1.1481841,0.049925648,-2.9521065,2.4697027,0.5813304,1.4421406,-2.8701036,2.937448,1.5285212,-0.49853224,-0.93898004,2.9506145
3.8836238,0.94575673,1.5393519,-1.924404,2.7261043,0.38882154,3.0195706,-0.66595584,1.1439394,0.5812334,3.7511318,-1.9372563,-1.438764,2.4632423,1.5626287,-1.3876963,1.9496398,-1.321212,1.3134238,0.17089796,2.2506394,2.0730186,1.9723017,1.2834022,2.1014378,3.9719596,2.913047,2.446882,1.1458676,1.5864832,0.7877776,-0.078785166,1.638141,-1.1480962,3.2134204,1.0881083,0.0020874143,1.7614119,0.6611356,1.2225697,0.12491427,1.9326011,1.0275882,-2.752762,0.57896906,-0.0037374876,-1.1584668,0.08554834,-0.7102038,0.1282397,0.10177907,2.9198358,-0.14013858,0.6249516,1.819421,-0.44977564,0.8059442,2.514674,-0.57113206,2.582306,-0.125869,0.021465216,0.28531507,-0.86365414,1.3405991,-1.2848965,-0.87988615,1.122771,3.2141466,2.440117,2.3063471,-0.9653437,1.7330304,3.3678212,0.9687008,2.4898276,3.8247352,2.169434,-2.2932103,1.845519,3.5524256,-1.4151887,0.29594946,-0.5394426,1.5435102,-0.63113385,-2.9791932,-0.5727138,-0.7692409,1.6038225,0.9011542,-0.27569804,3.8718867,1.862128,2.3922477,1.4350337,0.7329262,-2.895376,-0.04813877,0.6882282,0.5511059,4.019029,-2.178065,0.43198302,-2.7711763,1.7294667,1.4527224,3.3019447,1.7110782,3.182646,-1.3711655,-1.7689953,1.8625754,1.6042447,-1.1529493,-3.9528275,1.4969064,-0.5687999,1.8164015,-3.0403404,3.180438,-0.13437554,0.61358917,-0.6088613,3.9547088
3.8473535,0.4600436,1.9409071,-0.699831,2.0766916,1.7363569,2.2377071,-0.72107047,1.0803925,0.5559732,4.0581374,-1.8120272,-2.3825054,0.5815853,2.2996533,-1.9156704,2.4916537,-1.6520357,2.3265152,1.4138527,3.1281095,0.3616755,2.517275,0.016709998,2.6236002,3.4793513,1.8994932,1.0500859,1.6003121,1.3413376,0.93286645,-0.2965194,1.7717342,-1.4265782,1.8390443,2.0698516,0.48096073,1.5937457,0.8901774,1.8813205,-1.0868022,1.1891576,1.588085,-2.784098,2.1435835,-0.44800872,-2.6923704,-0.27512974,0.008182196,-0.32567358,0.05330658,2.676322,-0.017710794,0.82348055,2.9445503,1.4695421,1.4333513,2.2794383,0.2626841,1.4448915,-1.0541198,-0.04072717,0.1698332,0.25715408,0.8760958,-2.8861094,-0.26627937,0.94572586,1.7475232,1.7362363,1.220155,-1.0931411,1.459676,2.9757986,-1.1273433,1.7800494,2.885313,1.6613771,-1.8712881,2.790362,4.2251477,-0.7990519,-0.1323193,0.3707121,2.3088732,-1.3483224,-2.5447698,-0.61458164,-2.4004567,1.5147492,0.46465528,0.34763423,4.3547845,1.1528225,1.0147748,1.4582738,0.6206599,-2.7978811,-0.49462277,0.1492875,0.7950091,3.1309311,-1.2803234,-0.70702636,-2.651969,0.5446528,1.5467639,3.3534408,3.705526,3.690806,-0.28235593,-0.51813775,2.3467739,1.4448414,-1.1749563,-3.046154,1.8802537,0.17838392,2.6897948,-2.5318189,3.0846405,1.7604178,-1.6026372,0.2646035,2.4425163
4.052428,-0.1672689,1.0395669,-0.97121006,1.4363036,1.5826739,0.8304513,0.49354437,0.22705252,-0.19334255,2.663706,0.28816223,-2.4865649,1.3302855,3.2548864,-2.110138,3.5022104,-1.6266716,1.0162958,1.152898,1.1422877,-0.14200689,3.1278622,0.72612846,1.181341,3.0137453,1.4547029,1.7172606,1.479179,0.82839864,0.56889075,1.565228,3.0038939,0.009317666,1.2272874,1.4196049,-0.34354925,2.1278217,1.9110385,0.91472304,-0.6119869,-0.18343903,0.81723213,-2.5397975,1.5295384,1.2465214,-1.3106227,-1.2325903,-0.18895863,-0.3794744,-0.9892225,0.9968461,-1.5267205,-0.10839808,1.0389981,-0.6578578,1.562157,2.3425806,0.09182071,1.3844676,0.6375479,0.37053668,-0.041907024,-1.434163,1.3106513,-1.6074733,-0.43329793,0.42164084,1.579082,0.81344247,2.923607,-0.606473,1.4997194,2.1523757,-1.1634473,3.5776415,1.8877033,1.5577732,-1.4566342,2.7811382,4.122805,-1.0850843,-0.48547924,-0.8150455,1.8885189,-1.4174348,-1.7321036,-0.33971107,-1.4642631,2.333446,0.9490143,-0.4519646,4.7232366,1.5864117,1.4151018,2.115966,0.1313364,-2.3213487,0.1774131,0.8033635,1.1004872,3.6949258,-2.3752215,1.4052219,-2.7564373,3.1780715,0.014966432,3.1868773,3.5075006,2.9342978,0.101894125,-0.14234126,0.7427019,0.6239267,1.1909878,-3.2514136,1.6690156,0.5244232,1.0081072,-2.4585497,2.1765285,1.5309985,-0.87337047,1.2663263,1.863768
3.0970013,0.2787899,1.3490818,0.34694797,2.0090673,1.7983085,0.45593202,-0.1818832,0.78761196,0.27558616,2.4367206,0.3135318,-1.2489456,0.20320465,1.9057295,-0.8590178,1.3914702,-1.9481187,0.7652576,1.4282002,0.9922209,0.22813632,2.0501878,-0.07618286,0.8827162,3.6256263,0.74470496,1.0386842,1.368719,0.9345996,0.63238436,1.3258582,1.0531921,-0.038224168,1.5312382,1.097465,1.0738277,2.3923707,0.36927575,1.7985737,-0.47119614,0.69625145,1.6243889,-2.4401045,0.652087,0.5111903,-1.329395,-0.24605644,0.100757696,0.10117014,-0.3088324,2.496736,-0.56838375,0.6437356,0.47466934,0.4896825,0.9806718,0.057733722,-0.1682373,1.0149218,-0.35693398,1.5120459,-0.32221857,-0.14970985,0.63655317,-2.0334861,0.3124696,0.42293295,1.2819744,1.8624785,1.1526732,-0.75833607,1.8259797,2.3584187,-0.31959647,1.8272425,2.889583,1.328783,-0.70972973,1.4449811,3.7640324,-0.3774979,-0.48446968,-0.14924541,1.382503,-0.95328647,-2.6087987,-0.5655526,-1.1933655,1.6212431,0.6881912,0.6801372,2.9348683,0.582171,0.9250919,2.0207443,-0.36214107,-2.4964936,0.3154103,0.07060253,0.45432875,1.108786,-2.022357,0.10564437,-1.9608392,1.1278002,0.81393147,2.5515397,2.6820421,1.9067583,0.8744407,-0.2684813,1.086857,0.028569654,0.15713371,-2.0098238,1.0568606,0.7815082,1.5085039,-1.2945662,2.5805292,2.9748368,-0.28550828,0.5580503,0.9920112
4.5547147,-0.35596225,1.7090478,-0.2332535,0.8355999,2.0028374,0.44309735,0.18173291,1.0267704,0.2101549,4.5604725,-0.71215606,-1.4443505,1.2151974,2.4829078,-2.7599518,3.3796773,-2.74973,0.95413417,1.7564418,1.8523444,1.1229625,3.7041457,-1.0770259,0.09983588,3.6597009,1.0689707,2.2779717,0.93724066,2.1063728,0.5407849,0.97393674,1.0986269,-0.067299485,3.315372,0.7287169,0.1221591,1.5588043,2.6284437,0.82297426,-0.2351539,-0.9091504,3.0307245,-2.2796645,0.11274229,0.991763,-1.25175,-0.8657354,0.5419354,-1.5034219,-0.5109104,2.7971191,-0.07304406,-1.0018107,0.7075416,0.3188073,2.1571383,3.1465144,-0.90194976,1.722862,1.5810289,1.1015176,0.2683872,0.66414076,0.77774745,-2.0386899,0.121369585,1.5606899,1.5890397,1.7879705,1.9564525,-0.018266333,2.21671,3.504606,0.13596173,3.1844063,1.439321,0.4542781,-2.999728,1.6042751,4.3494306,-0.19990523,-1.1279817,-0.5922448,1.3539089,-0.01697328,-3.0962214,-0.35474867,-2.5927036,2.2272453,1.1484354,1.5505143,4.9212136,0.40628022,1.980403,2.9175227,-0.042943377,-2.83852,0.04141136,3.049179,0.022690784,2.3249161,-1.806714,1.8924727,-3.0015454,3.3290725,1.0458992,3.233199,4.326664,2.9864774,0.5751014,-1.3431655,1.5980153,0.9983133,0.7308161,-3.456411,0.87009513,0.24887213,1.7372857,-2.810794,2.965067,2.4787972,-0.54795897,0.29779,4.076266
3.2529657,0.036478817,0.5451968,-1.1017673,2.171101,1.3966978,1.2398725,0.039305814,0.80960494,1.1598064,3.7494016,-1.2722269,-1.5693512,2.2204425,2.581204,-1.9271824,2.5066717,-1.0566179,2.221813,1.1012453,1.0076199,0.24583608,2.8601048,0.18750389,2.1554947,2.8429632,1.6898943,1.2705615,0.8322367,0.7199273,0.67897636,1.2816749,1.6139883,0.17098129,1.2697283,1.0498827,-0.49257255,2.3748016,1.4978158,0.0886306,-0.4640654,0.87866163,1.4108186,-2.7526414,1.8020964,0.9873803,-1.1770513,-0.11256951,-0.16974948,0.1742492,-1.3667084,2.5791492,-0.1993611,0.9575815,2.2137232,0.3871582,0.32067424,2.573302,-0.42421767,1.9062445,0.15020104,0.90578,-0.033562545,0.057772886,1.9561596,-0.711932,0.20831338,0.68428314,2.1814394,1.484442,2.4682932,-0.8950369,1.0977426,2.1526406,-0.5643383,2.030615,3.1998677,0.77034575,-0.9928682,1.77313,3.6179829,-0.8693891,-0.71374786,0.20133881,1.939836,-1.1946545,-1.9016871,-0.482265,-1.012514,2.2143464,0.61902773,1.0229692,3.5738666,1.5404346,1.2564704,1.3534234,-0.5526313,-3.4055483,-0.03456858,0.82281446,1.2864356,3.027784,-1.9788316,0.2822623,-1.9555457,1.8376874,1.8870662,3.6527035,2.6597636,2.9523373,0.53649914,-0.78825814,1.8085535,1.1164055,0.044967122,-2.6889791,1.9089385,0.9031183,1.1415424,-2.6201785,3.406303,1.4706866,-1.0629787,1.1453059,2.0094564
4.68775,-1.6647439,1.5599289,0.88360894,2.7047114,2.599645,0.8321239,-0.87354344,0.3205244,1.2895819,5.0817485,-0.3753507,-1.6130118,2.0169036,2.1272242,-3.1595302,3.52502,-2.6064415,2.6000698,1.1086774,1.8341784,1.6073997,3.3917036,-0.3047621,2.3727078,3.9970822,1.6348131,2.922142,0.5402646,0.866212,1.7596143,1.9770561,1.3625735,0.10574643,2.197549,0.89378464,-0.041249707,3.2576845,1.9220666,-1.165077,-0.70977324,-0.25794065,0.7231047,-1.6310464,2.1649284,1.7028179,-0.8567836,-0.9064448,-0.44883323,-1.802288,-3.1702256,2.459196,-0.7617492,1.6785325,-0.40200952,0.61230785,-0.355114,2.1945548,-1.3866919,2.6850321,2.049659,1.5378052,0.0040852344,0.15101163,1.0499469,-1.7266184,0.70243245,1.557891,2.3019624,1.4689717,2.8599956,0.8534456,1.2063413,2.7282274,-0.46493056,2.3622985,2.874445,0.84803325,-1.0012467,1.2122772,3.7508676,0.044405267,-1.0500023,-1.6234689,1.7751724,-1.0188888,-3.8365762,-1.0465965,-1.6726396,4.1731973,1.3733423,1.3220838,4.350277,-0.014899725,2.584338,1.7576929,-0.12781967,-3.3503113,-0.26728228,3.7099485,2.2342567,2.6297112,-1.6460202,2.0590568,-2.7982225,2.790085,0.43789324,3.8349853,4.912323,2.8057647,0.9549684,-1.4442115,1.8333002,0.7737198,-0.25396228,-3.3707888,1.1067255,1.290888,1.6408732,-3.3846512,3.0416846,1.0997115,-2.5998902,0.8913914,1.542847
4.1541862,-0.704795,0.709114,-0.38465348,3.2021155,2.1964037,2.6789556,-0.26208,2.5359745,2.9939325,3.9266195,-1.942534,-1.9638815,1.7170445,3.3326705,-3.7560492,3.0035691,-0.87594205,1.6884074,2.295301,0.477374,1.9321349,3.6975086,-0.19346872,2.9588952,5.2296505,0.78981906,2.3041291,1.7480853,0.9428093,2.7224493,2.6845458,1.0328774,0.7685013,2.1441991,0.43911213,1.1332097,3.9247417,1.9919752,0.37722394,-0.63458,1.8194265,1.5993319,-2.2599585,0.20429975,0.64582515,-0.86346495,-1.2419618,0.33241877,-0.9929491,-0.837059,1.6829271,-0.58840406,1.8280846,2.3469973,0.31487173,1.3265092,2.015545,-0.6358129,1.9185549,1.0839814,0.7489848,-0.7873284,0.9793263,1.2625028,-0.9600634,0.9597815,-0.022675717,2.224274,0.8398752,3.2797465,0.9008768,2.011471,1.8901645,-0.69552344,1.8869494,3.7821326,0.22929011,-2.9833877,1.0556881,2.814485,-0.8249913,-0.84382415,-1.4696193,1.162254,-0.45799738,-2.4852831,0.14524949,-1.6784123,4.563229,2.2572432,0.64968973,5.1132555,1.1672502,1.8094114,2.9876628,-0.9068104,-2.6479256,-0.17092705,1.656691,2.5117638,2.6705914,-2.1317325,2.3033743,-2.1137977,3.0448627,3.0021303,3.3804202,3.4153533,3.6220849,0.6975095,-1.579805,1.3322974,1.3591367,0.46534795,-2.7915423,1.5225434,1.3306702,2.2170892,-3.179905,2.61409,2.325515,-0.37800074,-0.7060949,1.4651225
4.9088902,0.44481543,2.2261128,-1.6729494,2.5837977,1.4903667,3.0980759,-0.78160924,1.5297351,-0.6243598,6.7074275,-2.2522962,-1.9751043,1.5460056,2.194785,-2.3138554,3.291662,-1.9377214,2.3252988,0.9562177,1.506986,1.1321484,3.2725706,1.6420392,1.3877133,3.870051,3.0135932,1.4532533,1.6987927,1.6854047,0.90855885,-0.47984257,3.365169,-0.93292767,1.8150997,2.0198336,0.5580023,1.9157629,0.91112053,2.1954439,-0.24878189,0.68883467,3.2557414,-4.3886266,2.7722242,0.9115463,-3.6437867,0.057440337,-0.035929065,0.32748103,-1.1876198,3.8832073,-0.9037492,-0.40700358,2.1638188,0.24337561,1.7230909,3.507416,-0.8926751,3.8253765,0.096803054,1.58644,0.7724199,-0.34892467,2.2063448,-2.7219188,-0.038562555,2.1772008,1.6316892,4.004949,2.8106155,-1.0625317,2.0531437,4.5986505,-0.31298828,1.9021916,3.3784666,1.285594,-2.1159534,3.5163865,4.8330274,-0.9925842,-0.37627974,-0.9180911,1.735481,-1.0175945,-4.836378,-0.62076986,-2.3682532,2.4253492,-0.27687472,-0.06575067,5.087223,1.3220162,2.6982136,1.7309695,0.15044555,-3.7395172,-0.24210365,1.8038766,-0.55786824,4.226835,-2.6096601,0.25448635,-4.0569367,2.4682558,2.3554444,5.0838103,2.8686898,3.2156744,0.1955228,-1.0665221,2.1830366,1.446266,-0.85985255,-4.2992234,1.3050315,1.5625178,1.35032,-3.1453745,3.2542357,0.61476636,-1.0608813,-0.5759179,3.4543443
4.368553,-1.7570992,1.6546341,0.09202207,2.087125,2.3530073,0.24356508,-0.5823837,1.1746211,1.6812686,4.9310656,-0.97340065,-0.020757545,3.1680639,2.1970713,-2.2771237,4.1866603,-1.7354902,3.452666,2.8411865,2.4260721,1.4067032,2.3487923,-0.66206217,1.9821151,5.2383537,1.5851359,1.6963786,0.94034487,1.6772985,2.6307294,3.5486777,1.7759241,1.1570047,4.468241,1.9386618,0.7945923,4.090287,1.6433024,-0.9311398,-1.0534518,0.6152951,0.93057173,-2.3438914,2.2782202,0.75062567,-0.48389727,0.5368729,0.12875094,-0.5334633,-1.3530028,2.0585833,-0.51133406,1.5620307,1.8818345,2.0930257,1.1457901,1.3273635,-0.19992122,1.2519935,0.3711141,0.37485123,0.28072426,1.4405229,2.613651,-1.9881452,1.8171669,0.7668008,4.1206884,0.88537604,2.7810228,0.49773726,3.3540788,2.8155541,-0.6248473,2.3220649,3.5709019,1.0865566,-0.5875812,1.092917,3.9760263,-1.5708692,-1.605489,-1.3356441,2.0246015,-1.0319664,-3.512237,-0.29048327,-1.4564232,3.707498,2.141949,0.3134262,4.6091604,0.40224764,1.0458169,2.9118373,0.41812187,-3.1030045,-0.23299094,2.5345416,2.2902677,3.0163896,-2.6408973,2.2274444,-2.2763872,2.4033678,0.56690806,4.1925955,4.6909065,4.598123,1.6352694,-1.5281622,2.8016994,0.6967369,0.4692498,-3.702059,2.4430933,2.1223586,2.3715954,-2.3914647,4.265763,1.3540641,-2.6504242,2.763489,1.9303857
3.899451,0.9635189,1.9191856,-0.8665799,2.2266662,2.7364194,1.9910431,-0.38498783,0.45926687,0.38093042,4.1745977,-1.5654285,-0.47599614,2.1127036,2.400114,-2.800721,2.6629949,-1.4370692,3.2894254,0.5901017,3.101457,0.79535913,2.5465646,-0.29124683,3.6496646,4.733817,4.8632665,1.2622144,0.91239935,1.4287055,1.0817013,0.7966431,2.2178578,-0.078676425,2.4262028,1.6265854,1.094998,3.8105514,-0.2146863,0.44908953,-0.24643944,1.3509542,1.6299052,-4.927255,2.0998273,0.88785076,-2.1457922,0.48042324,-0.7986282,0.39226884,-0.25673863,2.8913321,-1.301038,1.450936,2.408269,0.42561662,1.1033221,3.025325,-0.45245034,1.7056488,-1.0430536,1.6995957,-0.31559148,0.8732085,1.7756637,-1.7225871,-0.62044454,0.29265258,3.23745,2.632981,3.3357508,-0.12909403,1.1445415,3.1032782,-0.040393125,2.5778663,3.5819235,1.6076932,-1.5964022,1.9591395,3.7415538,-1.5622554,-1.0212761,-1.5552847,0.66575235,-0.75940734,-3.300503,-1.0357988,-1.7238401,2.3801672,-0.29071194,-0.73844033,4.527134,0.34005767,0.55310774,1.4987466,-0.5291689,-3.7695677,0.56013495,1.3778701,1.7038006,2.3502405,-3.6085835,0.88626504,-2.5792394,0.9834651,2.0084922,5.6812477,2.2402396,2.9995248,-0.10154291,-1.0244433,1.7573664,1.3350625,-0.010099564,-3.92485,3.3242455,1.757402,2.544537,-3.2354903,3.6312866,1.5941695,-0.7715576,0.29530534,1.1869992
4.307312,-1.6375743,2.5490437,0.18518649,1.5140281,2.2941508,0.93684065,-0.19533227,1.7408878,0.6551619,4.6743774,-0.9236762,-1.427974,0.38615617,3.1043198,-2.0970087,3.1990578,-2.6562417,1.2648139,3.2308466,0.5674225,0.94766855,3.7297142,0.46806797,-0.11517938,4.963021,-0.7795396,1.4767976,2.0312567,0.75023824,1.2582958,1.3890945,1.7602217,0.26659483,2.7238846,0.48552576,0.36030066,2.8964794,1.8699625,1.632721,-0.106570184,0.05059853,2.0784953,-3.281447,1.9130106,0.7460581,-2.163002,0.020545475,-0.29663962,-1.0643878,-1.6135931,2.8803172,-0.07031824,0.06800015,1.2169127,1.6908141,1.2016968,2.040678,-0.9210278,2.4131002,0.6465259,1.972907,0.7611528,0.17707214,0.7669607,-1.8752501,1.7383924,0.9020438,0.7268669,1.7263044,1.3706661,-0.3943399,2.089499,2.305594,-0.6116882,1.0906194,3.9917073,0.2351367,-1.8685478,1.5843898,4.1134624,-0.39086857,-1.0368788,-0.62942207,2.875979,-1.6240865,-3.8944278,-0.92108995,-0.7028828,2.6787531,0.898591,1.6489695,4.953386,1.1025261,2.6548753,2.6280866,-0.11541228,-2.4194438,-0.54392177,1.855141,0.39487872,2.236747,-1.8882933,2.3103683,-2.641407,2.7053008,0.37539962,3.6775181,3.756459,1.6675082,2.20681,-0.67833143,1.1215863,1.6357442,1.5229945,-3.4483848,0.078930184,0.9161701,1.8440834,-2.6497815,3.0407395,2.469693,-0.57325995,0.41072026,2.8067837
3.571019,-1.6813089,0.8258597,-2.0277689,1.7684102,1.7462318,1.6038425,0.17439759,1.3430359,0.112390526,4.257253,-0.6387343,-1.9855311,2.1159754,3.0840743,-2.8945303,3.366331,-1.663478,0.98606664,3.2042952,-0.18844941,0.9066164,3.07038,0.94087005,1.5288574,4.906916,1.4276607,2.42488,1.4674158,2.1080956,0.7316886,1.828987,3.3431513,-0.15289515,1.8472567,0.50819415,0.7192772,3.8383272,1.7412994,1.2046456,-0.18702321,0.51348567,1.9214892,-3.7544892,0.82504195,0.22331464,-1.743828,-0.88536334,-0.3590037,-1.1161772,-1.2543317,2.4677958,0.63016623,1.2111859,2.6814194,-0.52041703,1.7186431,2.094278,0.45774588,3.690144,0.11275604,1.0025328,0.17290567,-0.41541484,1.9044595,-2.022088,-0.16463915,1.8211342,1.3337027,1.2702559,1.0156251,-0.8596021,1.2997113,3.3562787,-0.6919579,2.6625657,3.8096962,1.941883,-1.6829967,3.0502608,4.620058,-1.4740497,-1.5328869,-0.10700761,3.2207923,-1.8212668,-2.523532,-0.10862576,-2.0649345,2.7906392,1.4268357,1.1229178,4.3176813,0.64395493,2.2520778,2.8069487,-0.20692551,-2.7969012,-0.034021012,1.0792093,0.95579004,3.1403952,-2.3592875,0.93277997,-4.0797453,2.069822,1.9911367,4.564046,2.6355288,1.7084427,0.45182547,-1.6771259,1.6603572,1.0142008,1.646244,-2.94367,2.0584574,0.38826147,1.9879105,-2.4648159,1.6835425,3.1208968,0.11306007,0.31600142,2.8207476
4.752309,-0.37699342,1.1885765,-2.4435601,1.4153256,2.132977,0.969535,0.0557495,1.9568409,1.4727377,3.4562562,-0.77779377,-1.797037,2.1356962,3.6635747,-2.1688597,2.2025902,-0.941351,1.802662,1.1077343,2.1091328,1.4091742,3.273817,0.8424617,0.8256444,3.8669078,-0.34185278,1.4267908,0.7058567,-0.425141,1.0311342,0.6752868,1.5583892,0.13688026,4.198102,1.3255506,-0.70898634,2.9658723,1.5069892,1.5633445,-1.2188692,0.028854124,-0.0036249142,-2.654413,0.42740858,0.11013414,-1.0900532,0.65794367,-0.2813917,-0.9221377,-1.7715151,1.5131212,-0.60070884,0.92346805,1.0772643,0.97644633,1.6682376,1.7157743,-1.7267891,2.3685179,1.6489496,0.62513745,1.0995984,-1.6714573,1.7286764,-0.9993378,1.1785898,0.60905445,1.7538179,0.8199007,2.4991422,-2.116771,3.615616,4.358767,-0.08424725,2.2724688,2.5616975,2.0829384,-1.0336365,1.5013815,4.4640913,-0.9093518,-0.44888094,-0.79734313,1.6634337,0.72127986,-3.783419,-0.76753217,-1.2590376,3.7449155,2.0038364,0.9354008,5.268342,0.038442113,1.7767097,2.355789,1.9381827,-1.8153827,-0.615456,2.4273744,1.912749,4.1989307,-0.88453716,2.1984918,-2.4771786,2.7760468,1.1986448,4.781836,4.0714755,3.53164,0.20593703,-1.2238638,2.42071,1.1016097,0.12545832,-3.6300397,1.1437742,0.7137269,1.3027405,-1.7123278,4.060717,1.5568682,-1.3792986,1.9845883,3.9718945
6.136808,-0.49690416,1.7381734,-1.1081148,1.1576548,1.8724211,1.2554944,-0.50925744,1.2691581,0.798478,4.388809,-1.4789135,-1.9951926,2.731908,2.6387787,-2.4963562,4.054743,-2.1697812,1.6575555,1.4430966,2.4013357,1.1492916,2.715283,0.58270407,1.4495533,3.648775,0.800328,2.523946,0.6884445,0.25087792,1.5360932,0.7213525,2.6588862,-1.1265088,2.435771,1.9373713,-0.9902661,2.5438368,1.2189136,0.7988998,-0.2899655,-0.3032587,0.8095058,-1.6292297,1.3372012,0.7038428,-2.1377783,-0.37114298,-1.3192532,-0.26272577,0.34447023,1.5790602,-1.618166,0.7765935,1.8297598,0.44666195,1.6505355,2.5147984,-1.457039,2.089978,2.4281127,0.5834281,1.8426807,-0.97795755,1.4617637,-1.3627559,0.24441463,0.61773056,1.8788108,0.86080575,1.3714851,-1.5630436,2.934517,3.5626438,0.2232134,3.1346023,3.6887498,1.9710735,-2.708823,2.1157136,4.1980944,-0.7542599,-0.90569955,-0.45511308,2.1914887,-0.6053226,-2.321356,-0.024590274,-1.433136,2.290381,1.3475462,-0.25318608,4.5806103,1.985188,2.2737968,1.232666,0.7567888,-2.0486126,0.142967,1.1278864,0.76748323,4.394714,-1.8132868,0.98182046,-1.960574,1.4913827,1.7342854,4.102043,3.1971748,3.6906114,0.26807243,-1.9752275,1.7808865,0.3326358,-0.27585667,-5.198043,0.62019444,1.0525143,2.4983587,-2.8750083,3.207786,1.4479513,-1.3833961,2.422855,2.4594696
3.2843661,-1.8858111,0.992386,-0.7120038,2.4822214,1.3931395,0.9017577,0.5346424,1.0461016,1.3888849,4.5423512,0.28431964,-2.0000818,2.3410041,3.0703092,-1.4501762,3.2464828,-1.631455,1.9129127,1.7115521,1.1457545,0.7967339,4.2616677,0.20888801,-0.19186509,4.0687065,-0.42877722,1.8303884,1.9453431,0.698676,1.2057879,1.461019,1.9967732,0.4080928,2.1505537,0.298882,0.528897,4.0976334,0.5834862,0.41290176,-0.5891795,0.08985694,0.81458354,-2.8838172,1.5882841,0.3328515,-0.63546646,-0.6707075,0.14604434,-1.4690361,-1.7568123,3.041397,0.2775242,0.8280319,1.1826892,-0.0055821217,0.67597026,1.3778929,-0.78375846,2.2276695,2.3201108,0.98517245,0.17681755,-0.56875354,0.05527648,-1.4013213,1.1331612,1.349007,1.8807291,0.7602463,2.063661,-2.1025865,1.285147,2.8171127,-0.30792978,1.5001094,2.6325827,0.89205796,-1.5839055,2.025423,3.4204726,0.112508476,-1.4849145,0.20717803,2.9321394,-1.5873092,-2.900599,-0.20639814,0.1295026,3.3196166,0.59732324,1.7234421,3.9105844,0.60607255,2.0389712,1.8542341,0.5212513,-1.5521152,-0.99316853,2.078914,1.597766,2.9426067,-1.2033751,1.7423903,-2.7167892,2.6232934,0.4501526,3.2169044,3.2625663,1.3342285,1.9122614,-0.2612663,1.4125792,0.16945617,1.2481527,-3.0977383,1.4452856,1.8844458,0.56213564,-1.571081,1.4131109,2.4142585,0.07890883,1.4735702,2.9943066
4.0046077,0.48492515,0.7879971,-1.7314335,2.425769,1.91169,0.7461671,0.8396522,-0.14434697,0.472679,4.162025,0.38495153,-2.060993,1.2644049,2.9010153,-1.9504254,2.0262477,-2.0979183,1.7158997,0.6017123,2.7289972,0.23340286,3.3918126,1.2464834,2.3808715,4.273222,2.3496435,1.4655768,1.6076052,0.6100579,-0.14841883,0.3042972,2.4653225,-0.49083695,3.0886254,0.13920143,-0.26155853,1.0303462,1.2547725,0.9088407,-1.0037739,0.21555156,1.1399953,-3.9298985,1.068576,0.7875811,-1.6454697,-0.07077585,0.5853981,-0.5413217,-0.51117486,1.5664967,-0.95913345,-1.3204014,0.18678568,0.24776487,1.0402443,2.0046055,-0.9671628,1.4762261,0.18509446,0.90906155,-0.89182794,-0.69262123,1.4413061,-0.93884027,-0.9802253,0.94714415,2.4424274,2.4661832,3.666587,-1.4112431,1.2233785,4.1215777,-0.6242034,2.7669523,1.866595,1.6443863,-1.3478639,2.007887,4.8176136,-1.4918936,-0.38270938,-1.0593096,1.6993471,-0.4991125,-4.0212245,-0.77473986,-0.87131387,1.8881928,0.34861046,0.57904595,5.67325,0.9427711,1.837448,1.4703912,-0.40926948,-2.757272,-1.0227425,2.263289,1.2103574,2.4350848,-2.4600334,1.667047,-2.9482818,3.4540856,-0.16796564,4.32098,3.6217008,2.353325,0.03875865,-0.61000186,1.4459674,1.1706808,-0.23141947,-2.1629133,0.93900573,0.26347798,1.345788,-2.1400127,3.7756443,1.0139832,-0.5146572,1.2001411,2.6099665
5.95386,-0.18454427,1.7366096,-1.2281084,3.07126,0.8996669,2.0915062,-0.15077169,1.6869186,0.83742344,5.098473,-1.83371,-1.4358424,2.02544,1.6211846,-1.1305566,2.614756,-2.7539117,1.3849268,1.1996,1.3758441,2.4645689,2.5364623,0.92664146,1.8545653,3.985047,2.1746387,2.652689,1.5878646,1.8712965,1.326164,2.2628257,2.2873151,-0.52120215,2.6060379,1.5593383,0.171331,2.6945379,0.9480945,0.5685461,0.24544865,1.0621818,1.7726744,-2.3522413,2.2357564,0.78389126,-1.7632992,-0.48136106,-1.8769519,-0.6326649,-0.2378,2.5649414,-0.5371864,1.0062165,2.6234586,0.17641218,0.8062353,2.7085495,-2.0069673,3.0819418,1.123896,1.069091,-0.2747782,-0.38683572,1.9358127,-1.9099544,0.1347152,0.28575155,2.0840647,1.5091479,1.5937345,-0.688836,1.3860457,2.186147,0.36096877,2.1940324,4.437812,1.6800807,-2.233051,2.7794197,4.1805563,-0.5306374,-0.30378154,0.35558766,2.1038604,-1.2206814,-2.0383615,-0.68108195,-1.262012,1.5638475,0.5340649,0.24764763,2.798863,1.7965535,2.4424586,1.0915421,0.21006855,-3.6881468,1.3350424,1.1456757,0.77321535,3.7169523,-1.275193,1.5848505,-1.8741994,1.1188039,2.0345726,3.8834136,2.4103193,3.2834055,-0.32228777,-1.3835254,1.3023673,1.0218899,-0.5488298,-4.288619,1.9431454,1.2242059,1.2922957,-2.709333,3.605155,1.6210939,-1.5277412,1.3771194,1.4452777
3.3205662,-0.82396233,1.5579783,-1.2370923,1.1041353,1.9098786,1.815354,0.4290755,0.25876662,0.8171715,4.1056714,-1.655517,-0.34901324,1.6371678,2.6958456,-2.3385355,1.8646206,-1.3258568,0.38269967,1.8949406,1.5987965,1.2574685,1.4041439,-0.013824139,1.1039668,5.1101727,2.167229,1.6718395,0.430698,0.739027,1.3622528,0.65551466,1.1863612,0.4708428,3.187713,0.3149435,0.9193506,3.2977717,0.7599944,0.39270008,0.21371931,-0.26196817,0.0366475,-2.831516,1.8647126,-0.119351216,-1.61216,-0.21474645,0.6673612,-0.4389894,-1.0973189,2.0050132,-1.8752477,2.4924116,2.2225173,-0.08170952,1.3949064,4.041642,0.089409694,2.4146733,-0.5112063,-0.03902518,-0.36505455,0.11652653,1.4607043,-1.6666429,0.17229146,0.18074287,2.0999656,1.348008,2.0826254,-0.20045339,1.6919461,3.2176664,-0.30038017,1.7058724,3.6781678,0.81045145,-1.443826,0.9064049,3.3637488,-0.8652704,-1.0309588,-2.4921038,2.2411895,-0.95479554,-2.810163,0.3947352,-2.777349,3.2289314,1.2690098,0.22533332,3.84828,0.48436975,0.3146089,1.2538973,0.26244256,-3.844473,0.5787705,2.1624181,1.1089842,3.2855158,-2.4038188,1.9572927,-2.985756,1.642084,2.0879416,4.402566,2.6815693,2.387249,1.0217636,-0.26910457,1.5965742,1.4451734,0.422675,-2.6881874,1.765124,0.5891124,1.9036862,-2.6457174,2.5808244,1.5946965,-0.6151007,0.5254204,1.840061
3.2219007,0.7267895,0.92052037,-0.80239207,1.3238623,2.626732,0.4869942,0.51050794,1.1381,1.6546398,3.144109,-1.8772451,-0.9744624,2.279862,2.256649,-1.949256,2.4361348,-1.8807112,3.073313,1.261878,1.6122614,1.1348141,2.8188386,0.27523217,1.3939635,3.061505,1.8535727,2.2452266,0.36366078,-0.022032406,1.5003502,0.87865156,1.9249879,-0.29799184,1.6206553,-0.025431957,-0.762837,2.3714957,1.7824181,-0.24110135,0.07018602,0.47697574,1.2360876,-3.158219,1.3873262,0.45183942,-0.82743394,0.019861337,-1.2327484,0.19523343,-1.1346961,1.9702982,-1.2859724,0.8914771,1.4181805,-0.25254706,1.2866205,3.5477908,-1.2929531,1.120703,0.5524773,2.370335,0.0056429068,0.58507216,0.9626444,-0.24013889,-0.5489563,0.9826365,2.1427975,0.8143577,3.0523357,0.12785053,0.8201264,3.4064722,0.048897695,1.1864442,2.292604,0.63546544,-1.2604206,1.6063675,2.976748,-0.15280478,-1.5338539,-0.22630726,0.6987438,-0.4324863,-2.7970562,0.82618046,-0.90135497,2.422358,0.57808244,1.2645333,3.7681513,0.6161325,1.5316683,0.778983,-0.91973716,-2.256473,0.07867542,1.3292693,2.2382593,1.8512142,-1.890561,2.177877,-1.8117877,0.74133515,1.2920358,4.736818,2.185892,1.4885081,0.42000645,-1.0821121,1.6184086,1.3024102,-0.27571917,-3.715102,2.161439,1.6408054,1.4462281,-2.4280078,2.662654,1.4897414,-0.63511246,1.7339166,1.1269865
2.9683483,-0.60007674,1.1984141,0.66297245,0.741725,2.4150462,2.1626005,-1.3582908,2.2511284,1.0154179,2.741297,0.12457719,0.12868948,-0.12907794,2.3692913,-0.9750323,2.3133602,0.120014444,1.3277464,1.9814703,1.4485506,0.6767931,1.1809971,0.26033387,1.2358564,5.0878286,1.1897329,0.6312556,1.1547533,0.80539376,-0.36157802,2.2919788,-0.7915265,-0.92427784,2.63612,1.8028102,0.3069562,2.6427128,2.1952968,-0.16039163,0.5236716,1.8227004,1.261082,-0.76167756,0.8605556,0.5518621,0.9430741,-0.15705055,0.29809168,0.13207774,-2.0279415,0.288898,-2.5685177,0.8454218,1.766962,-1.1633012,1.4928229,1.8933686,-0.5840735,2.9818592,0.66956013,0.37953675,0.916099,-0.2846785,1.5253389,0.40366066,2.9674873,0.15654634,2.6790066,-0.43402976,1.745306,0.6612346,2.472935,1.8864331,-0.4399576,2.8572884,2.4501867,1.9155059,0.34033006,-0.18740849,4.1459346,-1.6004816,-0.02520103,-1.63842,0.14549798,-0.799306,-1.1212525,1.4413097,-2.3337755,3.2466207,4.0389266,0.5498427,3.3067496,-0.59961534,-0.8591143,3.6001873,0.2568334,-0.7706683,0.005762242,1.8260248,2.4569426,2.2261884,-1.8788729,0.32079214,-1.4946657,2.8749902,0.56200975,3.5671074,2.529322,0.959782,0.4918191,-0.25047082,0.09843931,0.74656826,1.660966,-0.1433953,2.4589024,1.0735223,0.7477829,-2.0752466,4.2087026,0.1873003,-0.39516395,1.164541,0.5082756
4.6333766,-0.36810803,2.5733705,1.3686243,1.1486504,2.292203,1.5913653,-3.5460875,2.1562183,-0.4040596,3.509855,0.21620041,-1.3045056,-0.51441026,1.7081825,-0.88218474,3.5612485,-2.2355313,2.75941,3.0603116,2.443158,-0.023440924,1.2587495,1.156848,0.27198166,5.2914577,2.4542217,1.7852305,2.7384512,2.6518497,0.24935688,2.3632188,0.90606886,-1.1144866,2.8215103,4.1529408,0.0633667,2.8591454,1.7266217,2.1969311,-0.40822312,2.5734437,2.012587,-1.9532434,1.474846,1.9265814,0.17359763,0.4153131,0.74530816,1.3285106,-0.13406539,0.100930125,-4.1540103,0.6303174,3.2180028,-0.91373086,2.577139,3.061525,-0.7808858,2.0345933,-0.63242453,0.7615471,1.1463721,0.9327067,2.198859,-1.1274878,0.6141194,1.6615396,3.0653307,-0.2866539,1.3857278,0.68262273,2.9683805,1.6899997,-0.6082881,2.6377022,2.9682202,1.8179615,-0.73777723,1.2343473,4.946455,-1.1588691,0.21862678,-2.2857301,0.7403563,-0.7398142,-1.8512161,0.8825777,-3.4897351,4.0577526,3.728849,-0.5154168,5.003609,-0.19923273,0.37573972,3.8977232,-0.15662172,-0.96449775,0.79696685,0.14742988,2.6033127,2.3962216,-2.2034492,-0.2694768,-0.9697424,2.4099874,0.29798278,4.4385667,3.2457972,1.8126167,1.6166841,-0.043191485,0.057187073,1.2368656,1.9003536,-1.4593793,3.1680267,1.4629793,0.13718617,-3.520514,3.716898,1.090273,-0.9678349,1.9910592,-0.5084006
4.4643297,-0.5786915,2.9881594,-0.17392313,-0.47079542,2.2500682,1.5427246,-1.5602245,1.3137484,0.01194447,3.941791,-0.8131618,-0.9140891,0.6058183,1.8733196,-1.0143721,4.344722,-1.5724032,2.3186872,3.4239988,2.8143747,-0.65520406,-0.44484797,1.3297851,0.9247424,5.302743,2.8572466,1.8082112,1.6491784,1.1443031,-0.5832475,1.3585458,0.37573627,-2.2491908,2.9597964,4.2864556,-1.2027786,2.0112603,2.210136,1.4405544,0.5726566,2.2373703,0.6549439,-1.9648814,2.654661,2.2943218,-0.43686074,0.36521077,1.3076094,1.9599265,-1.4739236,-0.5068203,-4.032632,1.1332318,3.4245489,-0.04425102,2.634481,4.1032457,0.42344186,2.2003284,-1.1141288,-0.065457456,2.4495995,0.8212948,3.1190479,0.2664323,0.0049808957,1.7875258,3.6939638,-0.8758672,2.0140452,1.4894264,4.0674787,2.6269999,-0.98736095,3.1205206,4.789628,2.5613434,-0.43744627,1.4526912,6.5929146,-1.6309605,0.09829944,-1.9798348,1.3655664,-1.1575674,-2.2160988,1.2882062,-5.0820675,3.640861,2.8138592,-0.4659934,4.632168,-0.23311487,0.7757171,2.2595813,0.6930663,-2.2167618,0.75155735,1.1253867,2.2359774,3.5742588,-2.1054475,0.25386235,-2.6332204,2.9843054,1.446051,5.5094595,3.1129987,3.6215658,0.5416738,-0.76518273,1.047876,2.854782,0.31949222,-2.507666,3.1627152,0.003526167,0.28199115,-4.2082295,3.9553726,1.0093774,-0.73224413,2.9474907,0.8398773
3.9929714,-1.4089437,2.9300232,-1.539387,-0.18952924,1.8371689,1.651866,-1.5447061,1.8746055,-0.13950044,3.0380888,0.5039421,-1.6306936,-1.9895728,2.829913,-0.49204382,2.3765101,-1.2384572,1.4017318,4.3891973,2.023256,-0.60329175,1.598158,1.5635581,-0.12074721,4.6186695,0.33413061,0.64913607,2.4751675,2.116355,-2.0984468,1.7584279,1.174232,-1.2687058,3.1452413,3.2839465,-1.4647065,0.5017242,2.0749397,3.2141478,-0.13914455,2.0164793,2.615418,-3.3366683,1.2053069,1.3410816,0.7149488,0.6331613,1.5710495,0.03447257,-1.4279802,-0.37135836,-1.5770998,-0.5790956,1.7639601,-0.12583783,1.9176232,2.0571673,0.3397824,3.57107,-1.7952198,0.50774527,1.7348353,-1.0386524,3.4233644,-0.4570771,1.5107629,1.3498149,1.6131523,0.09012124,1.5747597,-0.42214775,3.1568334,2.6643915,-0.9792946,1.6143,3.8624425,2.4753253,0.19585626,0.3916996,5.809745,-2.2510319,1.2721663,-1.2635831,2.9762256,-1.9826676,-3.1151896,0.39501292,-2.6740882,3.0884693,2.1010087,0.8578601,6.0609055,-0.66014504,-0.29146856,3.885554,1.0686954,-1.2451744,0.019067818,0.8881674,1.9277241,2.5027215,-1.0853922,0.41012034,-4.0704618,3.7886198,0.21848556,5.253841,3.0544748,1.6315074,0.65991116,0.16414155,1.3473647,1.7779683,3.0190866,-2.2480404,1.8223991,0.046716645,0.023838287,-2.3255835,4.6826096,0.97276354,0.7643102,1.4950942,1.9533226
4.8734803,-1.882458,1.7942443,-0.45243,0.40560874,2.1226034,1.0668843,-1.1453319,0.62281376,-0.15926178,3.6032288,0.97461873,-2.1762292,1.5276175,1.9333798,-1.3320785,4.3906064,-1.367265,2.8956785,2.6205778,1.8391094,1.0981706,0.4890959,-0.2269679,0.7323636,2.557645,0.904,1.3057233,1.4813919,0.82781297,0.19991013,3.5399,2.3087935,0.0020789949,2.883532,3.1543458,-0.47257838,2.8893092,1.2914574,0.9897963,1.7784356,-0.44695476,2.5317059,-0.21536408,1.882713,1.9581592,-0.98843056,-1.0564237,1.308219,-0.10309975,-0.87424755,-0.4059232,-1.4309703,0.13943343,3.0091321,-0.46639344,1.4891534,1.7350954,0.9261185,2.96471,-0.4199985,-0.7698509,2.2710216,0.92869025,3.316278,-1.7028937,2.3955927,1.7645694,2.7590277,-1.2038662,0.46843106,1.187975,4.1352906,0.84158194,-0.9863329,2.9984987,2.493067,2.385633,-0.19750397,1.1023989,4.108257,-0.7401628,-0.6125106,-1.9856802,1.1592641,-0.32543436,-1.6449798,1.6440549,-3.5710092,2.9255662,2.799339,0.24689682,4.2712226,-0.37911263,-0.62926,3.771023,1.3729961,-1.1740466,1.034759,1.9532214,1.9530784,3.3037534,0.05146083,-0.27242365,-1.9568334,2.8205469,-0.05268295,2.7781084,3.0869992,2.7085826,1.1475977,0.043028623,1.0340601,0.39897835,1.7041116,-1.603361,2.9092848,-0.052376866,1.217002,-2.7033217,2.4055645,0.63021636,-0.10537762,1.1310287,0.24347883
4.2992244,-0.23685133,1.8685987,0.6672817,0.93149495,2.504169,1.8674426,-1.7124901,0.7115992,-0.22892958,4.08988,0.18068954,-1.6899855,-0.18659516,1.2713872,-0.6684055,1.4608334,-1.1805449,0.9260781,1.0578341,2.4728396,0.5515857,0.50807256,2.5041788,1.5490881,3.9909532,2.7883844,0.83612925,1.8686448,1.2927854,0.3633048,1.0504768,1.1894729,-1.2125114,3.14915,2.5376122,0.6691073,1.6000625,1.3391131,1.6196731,0.4382798,2.262171,1.7550173,-1.3322434,1.9519761,1.5719024,-1.3254318,-0.2537453,0.91627085,0.99397385,0.3382463,-0.39877295,-3.2793055,-0.22691664,2.4564483,-0.115854934,1.1730884,2.5199792,-0.3026253,1.874266,-0.17619091,0.8882138,0.57984346,0.8261682,1.9490824,-0.59010416,0.20627812,2.4097197,2.7024605,0.06788254,1.1073914,1.5841402,3.2623472,1.2887703,-0.45833743,2.427199,1.9680554,1.0138437,-0.9285068,0.16253741,2.8426104,-0.7871556,0.57335913,-2.7902064,0.5414227,-0.28865567,-2.4899151,1.5517929,-3.9000561,2.101088,2.1905196,-0.876242,4.8158975,-0.22863226,-1.6598023,2.829945,0.038493827,-1.1953751,0.71462464,1.3855292,1.0775715,1.390666,-1.806642,0.26161876,-0.48492676,2.155442,-0.16745286,4.557146,2.8417978,1.9395905,0.8623557,0.28617322,-0.22318779,1.2666309,1.5616208,-0.9416429,1.4790486,0.2970724,0.382789,-3.351474,2.3335822,0.34056938,0.16780877,0.21737431,-0.47503558
4.0490975,0.5140801,2.4908404,-0.79525894,0.8104703,2.1677828,3.7479546,-2.09568,2.6634445,-0.22832936,3.1827376,-0.87689656,-2.305371,1.2425712,1.9648708,-0.37612548,4.128893,-0.90240556,4.8581653,2.485874,2.7759986,1.6217427,0.9766133,1.2215267,0.6950801,3.9537175,2.6650977,0.9098138,1.7326155,1.3538435,0.6358569,2.3346252,0.73429334,-0.97507614,3.4947803,4.4287596,0.057639726,2.1863463,1.2576281,0.7535423,0.4461303,2.4252636,2.2411797,-0.7975898,1.7289845,2.2115152,0.19692267,0.6141563,1.6928056,1.1245825,-2.4032722,0.2154035,-2.463668,0.4413543,2.2991393,-0.6515507,2.4371147,2.7341464,0.1811341,3.3121417,-2.2284844,0.06422799,3.0588825,1.8025193,4.506523,-0.31372637,1.5943834,2.6368566,2.8988893,0.028097503,2.2883828,1.4668415,4.4340615,2.532842,0.34632024,2.7881832,4.120495,2.9294376,1.801634,0.56662035,3.8364162,-0.7444776,0.7082503,-2.1008515,-0.8558179,0.23977375,-3.4270957,2.3473716,-3.6817238,3.6580906,2.6367679,1.0801842,5.1916456,-1.0494095,-1.0111923,3.6732152,1.5432506,-1.8102627,0.84463364,1.4732978,3.6770785,3.426222,-1.0810142,0.04980582,-2.7359881,2.6489122,0.036661077,4.5426373,1.6431129,2.7721815,1.0652126,-0.0011129491,1.0968813,1.7814711,0.008807998,-2.0709527,2.2975512,0.48306727,1.3880502,-2.6024396,4.3321633,-0.68394935,-0.2958428,1.2563267,0.9177951
4.6198316,0.6677618,0.3938185,-2.3609695,-0.2524528,2.2706847,3.480265,-1.4714997,2.1621883,0.8235627,4.8688946,-1.0572245,-2.1455412,1.5618842,2.3697557,-1.4215145,3.8026106,-0.48720402,2.8314908,2.6668355,2.6623495,-0.21147907,2.0096922,1.1004034,2.5040033,5.811367,1.7713131,1.6821909,1.7999153,1.0111516,-0.7723177,2.4759545,0.51441777,-1.9613156,2.0164514,2.933511,-2.0618265,3.1851013,2.9666052,1.7827798,0.7620578,3.3173492,3.176874,-2.4873068,2.3328629,0.49657297,-0.5428753,0.14042543,1.2553306,2.7782557,-1.971697,-0.5491316,-2.5736976,-0.15817952,2.961916,-3.0066276,3.9069297,3.9170265,0.827375,2.8276978,-0.6690205,1.1105748,1.0851607,0.74215865,3.1973658,0.33929563,0.34327608,1.3813543,4.1798396,-0.26413062,2.9137895,-0.6634287,4.102434,3.2170208,-0.41747764,3.5814855,2.8666174,3.6356268,-0.47669208,1.1493065,6.3330765,-2.6372852,-1.1315416,-0.77332085,0.97129333,-0.64162457,-1.8605853,2.0202,-3.9554718,3.8070111,2.8921356,0.62177134,6.5659537,-0.3560691,1.7997303,3.3964524,-0.76031756,-1.4540644,0.14502177,1.0197684,1.9396119,4.1941857,-0.87125987,-0.3105027,-3.4028013,3.7187858,2.4555426,5.1445727,2.716061,3.1853538,-0.047877688,-0.060539678,1.780105,2.2355812,1.1393179,-2.079071,5.0710073,0.05176013,0.5101211,-4.6813416,4.1963534,0.73835117,1.0369804,1.2956157,0.91671306
4.991739,-0.9356505,2.091962,-0.3703824,2.9857311,2.089426,3.6996098,-2.345567,3.733629,1.1561279,4.268201,-1.2920699,-2.7011676,-0.3973301,1.9886428,-0.9055198,2.7775214,-1.1117855,1.3532847,1.3763186,1.7970829,0.76109004,2.0803988,3.5667653,1.1245623,5.8304396,0.55211014,2.2387114,3.1474226,1.1181424,-0.019254843,2.9123333,1.7107747,-0.9453006,2.5275903,3.2928271,-0.17046255,3.8414087,2.9831033,2.7429507,0.644315,3.1661983,2.9691617,-1.4681845,2.122525,2.2436652,-1.0642959,-0.2541918,0.5351005,1.5847827,-2.5101123,0.6412972,-2.8829677,1.2907158,4.6278043,-0.19738546,1.6483011,3.8988144,-2.1735764,4.6169543,1.5407976,0.44675225,1.9568825,-0.4345111,3.720278,-0.32577145,3.0006044,1.8629084,3.203595,-0.83562714,2.9557645,0.33112788,2.8865924,1.3270711,-0.0093794335,2.6159608,4.3802133,2.3605318,-1.5252014,1.8244041,4.545715,-1.8774,1.1367213,-2.1182501,0.09478192,0.25315335,-2.6936488,0.26387462,-3.210651,5.3234525,4.483944,-0.19602312,5.1806498,0.38956887,1.4449526,3.8233786,0.48851365,0.195198,-0.51153815,1.8364953,3.342034,4.961698,-0.8124559,-0.122989774,-0.73447275,2.95216,1.5896623,5.7130837,3.0673978,1.9397004,0.24051954,0.45408243,0.35842684,2.3887632,1.5124758,0.18270423,2.265344,0.5331936,-0.9787872,-4.2508764,4.1030893,0.15660837,1.0264173,0.12671562,1.0648721
3.6058514,-1.0759751,1.866079,-0.43581086,1.6977134,2.2703733,0.8232371,-1.314242,1.1885602,-0.08835614,2.4576612,-0.038215403,-0.9357327,-0.080187604,0.88174546,0.6326009,0.78863007,-1.9493519,1.3474045,2.1686518,1.9905734,0.0053809136,0.5500404,0.7732089,0.33274406,4.5814734,1.382887,1.4693917,1.9991848,-0.08809619,0.41870028,2.3733096,1.9500184,0.14837784,3.6463528,3.3146656,-0.68861306,2.2150915,1.0998693,1.5819457,0.77340436,2.8966277,1.0049281,-1.3254566,1.6463786,1.7208422,0.07266453,0.085273124,-0.40058252,2.0857012,0.25964656,1.0221791,-2.9749389,0.08651353,2.1899962,-0.18011898,2.0027926,1.643649,-1.0551084,2.5387785,0.40269697,1.2693924,0.68535197,0.21024564,1.4839914,-0.40912914,0.7405001,2.2886245,2.0349224,-0.47438684,1.7714659,-0.31564283,2.8524249,2.0507193,-0.57462066,2.1207461,3.3687963,1.9498702,-0.983995,1.0401987,2.300594,-0.7291449,0.40411463,-1.3803649,0.5695032,-1.0835915,-2.5348773,2.1784704,-2.498573,1.8878235,1.7577227,-0.36464652,5.4808335,1.0632848,-0.17919818,2.2274888,1.0183064,-0.26467055,1.2524412,0.33700755,2.381738,2.1486351,-1.9203669,0.35175845,-0.9343234,1.4426895,-0.18534943,3.3967094,2.8847132,2.2733736,1.4274392,0.7435237,0.050333552,0.96021336,-0.2656518,-1.2817189,2.7954655,0.7670383,1.3899113,-0.97947216,2.2092624,1.9457598,0.9517876,2.3930614,0.104820006
4.5278234,-1.464131,0.8544169,-1.0659572,1.0471174,1.7705338,1.665096,-0.9988983,1.0256736,-0.7128926,3.5220072,1.6525154,-2.4505773,-0.09447724,1.6353109,-1.638088,2.6381395,-1.4191109,1.9004399,2.8695464,1.2330225,0.15786791,1.9796618,1.151516,0.80935407,3.8443546,0.02060379,0.80878574,1.4210556,0.9027993,-0.39104614,2.3417952,1.1522858,-0.40199712,1.5297482,2.9867797,-0.39483482,1.7736173,3.0388973,1.5986761,-0.16173679,0.6277907,2.0397768,-1.898629,2.002498,1.7382318,-0.24100874,-0.06796503,1.2359749,-0.87301207,-3.3149574,-0.30801666,-0.8243607,0.11921977,1.4292965,-0.39832556,1.7523752,2.0220897,-0.8913329,3.8305216,0.31250665,-0.17832564,1.5174488,-0.11938567,2.8695498,-0.3955791,2.3567054,1.9496957,1.1699305,-1.0693307,1.6517183,0.43185082,2.833205,2.2524285,-1.329771,2.3824098,1.8412353,3.195699,0.49457824,0.71406686,5.329021,-0.5325332,-0.0657214,-1.5113527,0.7337191,-0.58098876,-2.5853271,0.6848993,-3.2156203,3.94234,1.9776884,1.8349075,5.299538,-1.9559628,0.36271867,2.8331957,0.73671526,-0.89267546,-0.13151234,3.2086031,1.8605051,3.4780538,0.35329533,0.12379764,-3.1301427,4.0179024,-0.3015426,3.327369,3.2160673,2.3863957,0.67045987,0.16101871,1.7911439,1.3212544,1.82181,-0.46928582,2.0831065,-0.46368513,-0.087072276,-1.990634,3.2830539,0.92880505,0.12959403,1.7198353,2.2064474
3.6706195,-1.1656753,2.580693,1.2029395,1.44559,2.6283548,1.4169745,-2.2643256,2.916341,1.4237461,3.829319,-1.7084581,-0.8047757,-1.1425751,1.2079194,-0.7964368,2.9858575,-1.5698661,2.5198452,3.7064874,3.0531774,-0.7033101,1.0582722,1.7633605,1.8220353,6.429814,1.4120942,1.538758,2.927137,2.0302715,0.039658744,2.772573,-0.25176498,-0.8145526,3.0039268,3.238223,0.34957245,3.1976516,1.5903648,2.1164439,0.0074722306,2.789341,2.2358267,-2.0251403,1.6092799,1.1366774,-0.2406097,0.8040438,0.8792962,0.8322087,-1.4645556,0.30504256,-3.6133876,0.81256205,3.0632513,-0.28219667,1.8219496,2.6314666,-1.4808656,2.1547616,-0.5095723,1.2803324,1.3517014,1.6758058,2.2376473,-0.18970057,2.0514681,0.9398333,3.5751982,-0.2698022,2.0035255,0.81768197,2.796959,1.988608,0.14118311,1.7259238,3.5851848,1.2313809,-0.5195123,-0.15690535,4.271766,-1.3351325,-0.2609893,-1.8486383,-0.3520533,-0.1416147,-2.1744566,1.146367,-3.513856,4.669036,2.6494133,0.2999404,4.932663,-0.49480686,0.02727548,3.2953408,-1.689029,-0.65109575,-0.027285453,0.830329,3.1476388,1.7702872,-2.048367,-0.45054832,-0.8735264,0.9329985,2.1592066,4.5392485,2.454336,1.7991048,1.0859568,-0.8883834,0.29598123,2.2069001,0.65065664,-0.7819136,2.7917655,1.5755794,0.22198364,-2.8827624,4.675229,2.1124542,-0.50337577,0.99707,-1.2209563
3.45143,0.036676466,1.9108444,-2.0906577,1.5958804,1.5104582,3.644227,-2.0700347,3.177983,0.20945656,2.7202716,-1.2779306,-1.2396048,0.71744394,3.379071,-1.0777075,3.1219494,-0.071014374,2.7934632,3.684262,2.7689955,0.46661738,-0.044458628,2.0907705,1.8080581,3.8998082,3.341172,1.1089411,1.6917524,1.3702043,-1.1603016,2.819514,2.9563336,-1.463813,3.2165174,4.3453207,0.30743417,2.83733,1.7894787,2.88044,0.8335802,2.6946359,2.653248,-3.1978304,0.54107714,1.670197,-0.33371177,-0.1332976,1.3496705,2.4189317,0.022227746,0.37576064,-2.0594342,-0.48102173,5.817631,-1.6264582,3.0705109,4.662326,1.0875093,4.2002163,-2.5187416,-0.93225944,2.311015,1.0183787,3.7921112,0.13972762,0.3814517,2.8464124,4.020492,-0.23216206,1.8391756,0.9648064,3.8367178,2.7103832,-0.58265245,3.7065933,3.6229815,3.415701,-0.88186985,2.5617874,6.211409,-3.2256925,1.0042524,-1.19645,0.83869827,-1.205356,-0.61795497,2.2333326,-4.8172684,2.649098,2.8537548,-0.067035794,5.2154408,0.3523244,-0.1774289,4.631627,1.1789908,-1.4023494,1.4290057,-0.101967655,2.0724406,3.9767907,-2.900421,-1.2416997,-3.9228973,3.6498055,2.4851193,4.848048,1.3129296,2.2632775,-0.6383545,-0.8633128,0.89355737,3.5258918,1.5805552,-1.6565747,4.3504224,-0.37383503,1.4454318,-3.9169416,5.1215587,-0.22752666,1.6428198,1.1494541,2.5923543
5.0307574,0.43721777,1.6432025,-1.4740965,0.8043646,2.7031355,3.2793176,-0.7860211,1.8284152,-0.6441508,4.1382685,0.28442112,-2.250155,-0.55670774,0.8811861,-1.0703278,2.3025858,-1.3219692,2.424754,1.754079,1.3136525,1.1629266,1.7658275,2.0460186,1.2889482,3.9048567,2.663491,0.47507712,1.6585627,1.0127876,0.36153898,0.8986539,1.2142179,-0.6704032,1.9598621,2.2927012,-0.8261787,2.0504947,1.7489833,1.937461,1.4401677,1.8052093,3.2137098,-2.0285408,2.2569413,1.8561265,-0.88129324,0.2489438,0.3232374,-0.038512867,-1.7232864,-0.18633327,-1.7699673,0.7725305,2.4595647,-0.15203863,2.027077,3.1500304,-0.8792408,3.141129,-0.8986509,0.30851194,0.9490734,0.77616656,2.8670716,-0.552392,1.9083723,1.678324,0.9411692,0.119242236,1.6387929,1.2744503,2.3803277,1.7469096,0.14775845,2.9110231,2.0580857,2.9720173,0.119436935,0.038024526,3.3233304,-1.2492899,1.2723215,-2.8873813,-0.5271665,0.032647617,-3.2370763,0.55457556,-2.606496,3.3769667,1.8052984,-0.09933974,5.7994857,-1.1602271,-0.28969693,2.3756757,0.11909539,-1.8138963,0.7800609,1.5900137,2.2297153,2.3626447,-0.25224757,0.13053896,-2.196462,3.2084796,0.20264786,3.7853162,2.2768908,2.2174542,0.98609877,0.8574391,1.4730399,0.6715705,1.0762758,-1.547492,1.5948656,-0.35997432,1.3874534,-3.4103396,2.6667585,-0.7143657,-0.4268359,-0.23491131,0.9037859
2.8201916,-0.80625147,2.4127088,-0.38824755,1.0097977,1.9957875,1.0279574,-0.35258046,1.5116609,0.32448468,2.1134262,0.5490665,-0.9202369,-0.96882725,2.32851,0.4065922,2.0538094,-2.000054,0.95647025,2.4213946,1.1037837,0.22444165,0.82068145,1.6080109,-0.21625994,3.9233515,0.74664485,0.9080877,2.1715882,-0.15550773,-0.853219,2.564385,-0.299237,0.70180476,3.472874,2.8347485,-0.18876296,1.2321762,1.6136315,1.4590061,0.8719081,1.8545299,1.1409736,-1.7766397,0.5508298,1.8757921,0.6182416,0.3559421,0.8018824,1.0292138,-1.5443572,-0.81587255,-2.3983846,-0.70150894,0.687292,-0.14529723,1.4378723,1.185223,-0.48726377,2.2695866,-1.235835,0.57207143,1.1664865,-0.4171553,2.5414698,0.35066652,1.3495528,0.2112516,2.4092228,0.39728788,2.580011,1.3970017,2.9710445,2.33251,-0.2573257,2.2514722,3.7471924,2.1435597,-0.35047364,0.027315369,4.5878677,-1.4316388,1.3223237,-2.5777135,0.37465626,-0.17615591,-2.8914533,1.4708503,-1.9876662,2.6533272,1.78345,0.5643721,3.9640222,-0.45321822,0.51897514,3.3318646,0.6682253,-1.8793432,1.0041701,1.1816584,1.8018559,1.6185687,-1.6624812,1.9993767,-2.1102211,4.1540647,0.45680985,3.5236464,2.2234297,1.3507158,0.38310722,0.5085628,0.20965579,2.0962818,1.2630802,-1.1799142,1.7571924,-0.06626571,0.3479041,-2.5515807,4.1180706,0.5660942,1.2768425,0.2889861,1.2830493
5.4650216,-0.74189544,1.7634095,-0.9153077,1.1573894,3.1255016,1.6636276,-0.10015975,1.8762696,0.05017178,4.055514,-0.18897906,-0.69144964,-1.2353538,2.431531,-0.66585225,2.8872535,-2.182515,2.803608,3.0930266,1.3671658,0.7385208,1.0850168,1.17438,0.77319574,4.127869,0.90657115,-0.07782236,2.5652146,0.15667585,0.016322667,3.0709152,1.9291945,-1.3386468,3.2142856,3.1181996,-0.82183856,1.6988323,2.4192774,2.6119988,0.9860136,1.3997048,2.1002386,-1.640775,1.5597274,2.6739156,-0.57975996,-0.08714888,0.449525,0.37809172,-0.65148264,-0.18581581,-3.1711116,-0.033471458,1.4813119,0.11533218,2.9552448,2.15479,-0.75909024,2.4494407,-0.1705619,0.5337211,1.8048462,0.011336254,2.3337977,-0.09649626,1.7756544,2.0120447,2.7555835,-1.4810497,1.3697197,0.74337584,4.5040765,2.279751,-0.3803527,1.7822013,2.976809,1.9850692,-0.35440692,0.53065675,4.602913,-1.5529984,0.76217645,-1.9053495,-0.098679006,-0.4013641,-4.1168313,1.4139628,-3.1404526,4.128166,2.2570403,0.19291769,6.870892,-0.4424151,2.225387,3.6924806,1.4314086,0.0040995516,0.0010107905,3.186058,2.4996233,2.3711832,-0.8578849,2.277327,-2.0912204,3.8566349,-0.124457784,4.0817566,3.5825648,3.0006957,1.0900435,-0.12452873,0.7465907,2.5327058,0.49574536,-2.595389,2.4439726,0.27671245,-0.04425689,-2.7659707,3.553883,0.44661146,-0.0805553,2.159468,0.6039934
4.4933944,-0.7666657,2.5319123,-1.4008113,0.5276183,2.7456095,3.5503173,-0.8669204,2.4322436,-0.113419995,4.3403616,-1.203541,-2.2116857,-0.24953714,1.8402622,-0.028679984,2.2924924,-1.2940422,2.543867,2.480465,1.0818995,-0.47776362,0.7850995,3.0337207,1.168891,4.5435,0.8038893,0.50874245,2.8524954,0.35681722,-0.26668572,1.7676897,0.8144408,0.16991195,1.8235035,3.7038546,-0.6890792,2.848119,2.3173058,2.3984947,1.2477974,2.7884371,2.8057048,-2.0136685,2.7082188,0.6115929,-1.2717284,0.4494709,1.0973079,2.2075868,-2.5690565,0.09598891,-2.2154436,0.6602361,2.5934646,-0.4112845,2.8704503,2.711347,0.45830742,3.974432,-0.28700006,-0.016299255,2.0929768,0.34310937,3.6854105,-0.10574595,2.7427666,1.8007036,2.0520446,0.16677389,1.2464626,-0.13035652,3.5590606,2.4704113,-0.40475932,2.6867585,3.876212,2.2412477,0.81399214,0.65854263,5.008567,-1.5010098,0.11769467,-2.0058382,0.34905377,-0.36812487,-2.476713,1.7179843,-3.0892704,4.253251,2.1858585,-0.30374715,5.807445,-0.12440284,1.1779314,3.2868361,0.3725858,-0.97810847,0.54882294,1.1775295,1.6136084,2.8471184,-0.7623502,0.12952907,-2.1293514,2.8200994,1.6814252,4.0523415,2.7759643,3.3750885,1.1103284,1.3586348,0.802721,1.8741175,1.5692439,-1.4318391,2.4548867,0.9763407,-0.53802276,-3.081646,3.3784668,0.338163,0.3507349,0.30633283,0.81638616
3.4455717,-1.9005146,3.2070947,0.4190468,0.25741157,1.3066604,0.4956233,-2.5790355,1.2904001,0.64749014,3.4170947,-1.2120444,-0.0054258965,-1.1033589,1.4699854,0.31355056,1.9839909,-1.5828596,1.2267005,5.026256,2.0335538,0.022331608,0.3841352,-0.4329062,1.0588139,5.735109,0.021226406,1.6864878,0.42724523,1.2782272,-0.23888774,4.232444,1.7335162,0.16046298,4.5365677,3.1903946,-0.92736745,2.4483104,1.8953171,2.5834475,1.2160987,1.3580762,2.7104146,-1.3919406,1.4261565,1.9559304,-0.31603673,1.888239,0.6251918,1.4799867,-1.1156344,-0.4385924,-3.6763968,0.8281468,1.8209926,-0.0999302,2.9166522,2.5183222,-0.48006952,2.3783495,-1.9204654,1.8220332,1.600157,0.49686307,3.2207565,-1.3062233,1.5372294,0.87496954,2.6032553,-0.85683,1.022404,2.2260077,4.0876656,1.258316,-0.8155417,2.5073764,3.8874016,2.3458111,-0.4005326,0.6867699,5.773031,-1.7528678,-0.48507008,-2.683341,0.22174454,0.008017614,-2.164222,2.465509,-3.414462,2.9799855,1.8994006,-0.27444822,5.2676854,-0.8244836,0.028267335,4.639783,0.61934125,-1.6222847,2.4349391,0.18705529,1.9570388,2.6168034,-2.0188057,0.06891439,-2.5643072,3.1087058,0.6976278,4.681647,5.3833876,4.5402746,0.2672889,-0.3015936,0.17529146,3.2650614,0.9285803,-1.359952,3.8946426,0.029638939,1.6947147,-2.9673676,4.136579,1.2467301,0.41993958,2.2163846,0.26014677
5.8746567,2.1047826,0.83986104,-2.8197503,-1.139472,1.92865,2.548411,-1.7841483,1.4146593,-0.014443638,3.6855803,-1.6554941,-1.4038486,1.5636798,0.50927293,-1.5948231,2.4491303,-0.5513707,3.2074585,1.1796533,3.2453196,0.5791747,2.0268722,1.4073,2.0156145,3.388682,2.3188546,0.88461345,0.3983309,0.31413904,-0.16321981,2.478434,1.186353,-2.360691,1.2856162,2.4168537,-2.3470936,1.1531814,2.0822363,1.7767882,0.28292465,2.8393116,2.5806506,-2.2631881,1.6787338,0.45221794,-0.46924266,0.57909,0.11926434,2.0947266,-0.695823,-0.077109754,-1.8328556,-0.37070647,1.5158535,-1.7467116,2.7499578,4.0933437,-0.47421265,3.2403536,-0.87244684,1.8084195,1.8894104,-0.23004037,4.6367183,0.8527409,-0.093869925,1.3365207,3.344867,1.0540088,3.2585566,-0.3386811,4.1792703,2.7704406,-0.4878611,3.0179396,3.0450592,4.138081,0.49718666,0.81224775,4.938885,-2.418334,-0.27842218,-0.88907677,1.0503438,0.17577165,-2.225811,-0.2514829,-3.706307,1.9635613,1.623812,0.73282236,6.5305867,-0.7610362,-0.2712616,1.7580433,0.20028563,-1.957494,-0.495427,1.9496878,2.0378826,3.4719882,-0.56286985,-1.0387769,-2.2216628,3.5261266,1.5596081,5.989398,2.0314276,3.981754,-0.46645537,-0.22269544,2.739182,0.7502841,-0.2274547,-2.3289034,2.6532946,-0.5674115,0.9491525,-3.746643,4.6202,-0.6561589,-0.35730624,1.6696222,0.868682
5.9969788,-0.7218286,2.535437,-0.56983125,0.027886111,3.3733704,3.206543,-1.358563,2.578387,0.2180696,5.5024123,-1.847059,-2.7511854,-1.2971445,1.4925116,-0.117243044,2.565879,-2.4180167,1.8670534,3.5832474,0.86650646,-0.53599125,1.3061421,2.4045,1.6332283,5.212992,0.279551,1.2480718,2.4625585,0.80728215,0.7696639,2.378888,1.4827731,-1.0304278,1.6406994,4.2564745,-1.366515,1.9779323,4.2823734,2.021892,0.2570928,4.0183797,3.2823048,-0.39503205,3.0062323,0.67575145,-1.3131512,0.41161138,0.5162828,1.1049325,-2.4045756,0.18421888,-2.8511603,0.21984826,4.4720883,0.8803336,2.8208632,3.6844866,-0.006732351,5.107357,0.5258486,-0.27351987,1.3617828,0.5927835,4.078035,0.606648,2.1489336,2.3358924,1.1227741,-0.058751874,1.0857818,0.5908646,3.2945502,2.2847247,-1.5456223,2.9797187,3.9321902,1.7033362,0.0963579,1.6382657,4.470011,-1.3558637,1.0916035,-1.5123209,1.3576057,-1.288695,-1.9452208,2.6976757,-4.339032,3.063266,4.065553,0.63737005,5.9164257,0.00035589095,-0.21124846,2.8918989,0.48847374,-1.1056556,1.2588222,0.9094932,1.9481332,3.094182,-0.741782,0.53536856,-2.750653,3.0069234,2.1566963,4.7968116,4.233945,3.9568787,1.6905125,0.5284536,0.66762626,1.1232274,1.5707378,-0.6268997,2.3255608,0.47028583,0.13598213,-3.0166845,3.9339657,1.0395149,-0.52953345,2.7420557,0.5938881
5.130012,-1.6480646,2.4775794,0.196751,2.2773397,3.2116435,0.7098506,-1.2777,1.7284588,0.16637267,4.1329846,1.0124617,-2.3243756,-0.7750068,1.7638751,-1.0065529,3.3911536,-2.9386184,1.0720384,1.456145,1.7383095,1.1084648,1.8260785,2.161141,1.2533373,5.8585234,0.8165374,1.7262857,3.7772536,1.4144844,-0.09369529,3.4621172,1.438451,0.3616833,3.0537648,3.4279225,0.1683429,1.9307176,3.2439992,1.4407135,-0.29956993,2.2946033,2.321518,-1.4785999,2.2066422,3.3297162,-0.6498786,-0.41766286,0.43561566,0.36764482,-1.141394,0.35235974,-2.7432399,-1.0341486,1.6308717,0.31113544,0.7691704,1.9299393,-1.9848007,3.2320783,0.5764874,2.1007175,0.8254181,-0.33037227,3.115968,-0.93236804,1.8156734,0.8234978,2.5847692,-0.98360795,2.2736669,1.5896077,3.275561,1.1432914,-0.5875909,3.254604,3.7623696,1.26763,-2.169073,0.056103617,4.770177,-1.2953833,0.7572395,-2.6719964,0.94813895,-0.60518706,-2.660679,-0.033098213,-2.5268238,3.3921213,3.4793613,0.58717364,6.151623,-0.9528991,0.9412376,4.453658,0.101323515,-1.2446934,0.18590024,2.487776,2.3591037,2.7643561,-1.3138311,1.7951083,-0.39778775,4.2509975,-0.5566773,5.1787786,4.2180037,1.5236608,1.5305672,0.23063272,-0.06990412,1.6044856,2.9227939,0.054012727,2.6855438,-0.07097929,-0.7725346,-3.6427515,3.9796274,1.7550999,0.064115696,1.2455027,0.54679847
3.794674,-0.37362948,3.3099787,-2.02037,1.9207343,2.1873324,1.5329707,0.051691834,2.7376711,0.40552047,3.3110118,-1.6450027,-0.55096513,-1.0486139,1.6188129,0.04453136,2.3346374,-1.4910299,2.3582406,3.536734,1.1775606,1.3818953,1.8798125,2.5112662,1.4518512,6.3589296,1.3540246,1.4214467,3.611422,0.6545918,0.1231263,1.9039714,0.89004016,0.3459919,3.4967425,1.3865505,-1.1876223,2.3263683,2.1766112,2.562081,1.316763,1.1908412,2.1546028,-1.9561514,0.7646942,1.580096,-1.2202682,0.58478934,0.7829627,1.0767643,-1.1138393,0.19643185,-3.1173701,0.4495218,2.7928233,-1.5615145,4.0602446,3.9761565,-1.3691285,2.7157404,-1.6330539,0.49601555,1.7205973,0.34910405,1.5939478,-0.05703724,1.5303681,0.96208453,1.1767662,0.50480634,1.1314324,1.0218852,3.1210127,2.1275866,1.336219,2.7121768,2.6530228,1.4282769,-2.0706053,0.15813601,4.4578185,-0.9178468,-0.14586683,-1.9538207,0.26557273,0.7477953,-2.1868966,2.2159708,-2.6281888,3.815048,1.7777756,1.0707523,5.622959,0.18932104,0.29627395,2.8445654,0.38189358,-1.4042507,1.2100401,0.1341876,2.1931198,2.0686312,-1.8443491,-0.37754238,-3.098762,2.0612059,1.3519893,4.00652,2.4406803,2.0229204,-0.19649167,-0.15808655,0.42121762,3.3328216,1.329934,-0.2285275,1.89576,-0.32448032,0.4175325,-2.8651876,3.7874892,-0.10507717,1.660919,0.4442222,1.1037589
6.3251743,0.48270002,2.9477537,-0.06923437,0.32660472,3.5740333,2.442424,-0.39336753,2.6026146,-2.0035138,5.0961075,-2.20686,-1.9475709,-0.34211287,1.2007738,-0.06680697,3.518564,-1.9885565,2.3326948,2.3752615,1.5513561,0.3347425,2.7127228,2.7392962,1.1772255,5.6370034,1.7517129,2.6462374,1.864723,1.7615864,0.085910484,1.646862,2.0264668,-1.9169077,1.5939925,2.662998,-1.4680518,2.4081979,3.1035879,1.9435784,2.459578,2.3365986,2.445498,-1.386424,1.1058913,0.7207074,-1.3745228,0.23129262,-0.15317805,1.588347,-0.70140225,0.20351604,-3.4832153,0.070710525,2.9726858,-1.4144604,3.5473976,4.820899,-1.4425727,4.82821,-0.6133129,-0.27673197,2.0936606,0.13228258,3.2593977,-0.36131608,1.1368732,2.2755103,2.0186286,0.548472,0.2485385,-0.5318454,2.2868452,3.4881213,1.0834211,3.9015896,3.1013658,2.798406,-0.89951384,0.9172989,3.954414,-1.3267922,-0.47887605,-1.7108972,0.14514917,-0.47121912,-2.3782175,3.161398,-3.1338522,3.480364,2.3552384,1.2747921,5.5398035,0.4013474,1.2392349,3.257575,-0.6630178,-1.2004007,1.2509506,1.9327395,1.9765444,3.8687284,-1.5120299,-0.20749259,-1.5586596,2.6520436,1.9727921,4.7976093,1.1420776,3.5266767,-0.3816113,-0.7638949,-0.4284224,1.3355079,0.75995576,-1.5887111,2.3070412,0.8457484,0.5594992,-2.4549513,4.132392,-0.2505313,0.40516204,2.1410973,0.60016376
5.5710993,-1.7008406,3.7064605,-0.56547534,0.057169355,2.2876418,2.859856,-1.5726076,1.6979146,-0.29988205,4.815145,-0.17341259,-2.0455952,1.1439725,1.969031,-1.0569787,4.2681346,-2.4788918,2.1115656,3.8776572,1.311076,1.4329432,1.1543093,1.3442056,1.0267632,5.305503,2.3560874,1.6357855,3.3063667,2.3416576,-0.74200904,1.8939142,0.96625155,-1.708083,3.5247047,4.001541,-0.59268403,1.3408962,2.522932,1.5380467,1.2551148,2.3619158,3.236739,-1.3643088,1.1996113,1.9187053,-0.31987816,0.1334921,0.68483007,-0.7834157,-0.5652022,-0.33221734,-2.1843607,0.16172363,3.3751698,-1.4149344,1.3637428,2.2693825,-0.052178044,4.971741,-0.4160779,0.13808683,3.2964454,0.34764895,4.278844,-0.42378265,1.3579274,1.8193508,2.4586554,-0.86712676,0.3828386,0.3503099,3.5455794,2.4683874,-0.5822491,2.5741007,5.863313,1.5444765,0.026597131,1.019949,5.8362947,-0.8174073,0.5892905,-1.6537108,2.0442483,-1.3595538,-2.2027168,2.0008702,-3.0054376,2.6319742,3.33047,0.72545147,5.0949287,-0.22701423,-1.4472203,4.421423,0.55221164,-2.0589283,1.6730797,1.6341581,2.8315353,3.3792257,-1.1511859,-0.38751605,-3.0451264,2.4471192,0.7281834,5.5781574,2.6939073,3.0707648,1.5728937,-1.1043918,0.2800482,1.1772863,2.0253527,-2.001901,2.772613,0.5492436,1.0763949,-2.3949656,3.7042205,0.98015094,0.46308962,1.9514712,1.7424477
6.7100954,0.26968843,2.575358,-0.6478083,-0.26073056,3.5816772,2.3945732,-2.3233883,0.34753335,0.12838277,5.5224175,-0.23363373,-1.8307577,-0.6886189,2.5232,-0.83106625,4.629907,-3.3070095,2.9252102,2.7532756,2.2883353,0.40599453,1.507897,0.30938974,2.847432,4.19097,2.4823194,1.0722065,1.8044037,1.1613536,-0.99731445,2.3670795,0.53035474,-2.1227093,3.779201,3.817996,-1.3678036,0.8418026,2.4802716,1.5888679,0.1036602,2.1988382,2.8573115,-0.2599249,2.1047735,3.2427166,-0.7280336,0.23195009,0.69821346,-1.0098616,-1.4373596,-0.73789406,-3.2808857,0.18330269,1.6575238,0.54928917,2.859052,2.3828259,1.5780202,1.6554438,-2.212286,0.19761325,2.6082733,0.4759104,3.1911924,-1.3489654,1.0182269,1.8700445,3.433139,-1.0395776,1.1126287,1.659246,4.014605,2.6741805,0.24166034,2.314274,4.069134,3.2716517,-0.27132314,0.41119108,5.503142,-1.9680458,0.30930018,-1.8547118,0.5019858,0.023004044,-3.4323018,1.0315317,-4.28949,3.8795316,1.9613944,-0.13817637,7.0223546,-0.64807147,0.7492728,3.4788268,1.3633236,-1.9945788,0.7138822,1.914279,2.69287,3.2015224,1.4083596,1.3165743,-3.1249158,3.5999575,1.0913386,5.8849397,4.601839,5.352324,-0.2513493,-1.1566576,1.0601752,2.3423042,0.081323594,-3.1442695,2.5947645,-1.0214154,1.7875283,-4.9299693,4.375968,-0.97501636,-0.74282295,0.56630063,0.12151871
3.2616687,-1.1814625,2.379034,-1.47461,0.80964184,1.2792751,3.053179,-0.945821,2.018036,0.9492359,2.6911159,-1.1359853,-0.64351016,-0.0802759,2.1667516,-0.6177911,2.722228,-0.30590498,1.9393015,3.4335215,2.115708,1.2648447,0.23473854,0.033792887,1.2670059,4.3514013,0.7163396,0.91319364,1.7277908,0.6101798,-1.4501405,1.7221878,-0.4400142,-0.34162694,4.705422,3.010129,-0.89041567,0.9532588,1.3668913,1.0253577,0.4415958,1.5888567,1.7848065,-1.4929873,0.84399545,1.0528176,-0.65451723,0.47032318,2.2691321,-0.047731165,-0.54178333,-0.67721653,-2.4374456,0.11492424,1.1099919,-0.23258725,2.0805151,1.6934761,0.1475088,1.7771605,-2.3778865,-1.0960414,2.413999,0.46023792,2.7558806,-1.2250884,1.6531725,0.46101397,2.626057,-0.48869798,1.0312,0.96319926,4.7533283,2.11185,0.68121666,1.9081087,3.6240911,1.8773911,-0.6358989,-0.3811109,4.3535323,-0.924628,0.31729206,-1.729265,0.31767422,0.35016814,-3.033592,2.1527295,-3.3758667,2.5513756,1.6323881,0.02574289,4.7716966,-0.60840565,-0.23632845,3.097544,1.7920324,-2.0670457,0.68304557,0.8267502,1.2791375,3.159075,-0.15435119,-0.12954557,-2.9999087,2.5829115,0.839289,3.8170848,2.2823944,2.5510116,-0.22500983,-1.4732355,1.1180974,3.073566,0.290041,-2.2150311,1.7833366,-0.135653,1.6161023,-2.4444363,3.8498065,-0.6588842,1.2078627,0.46391928,1.765831
4.3195257,-0.25729102,2.3426356,-1.4425031,3.3019452,1.5485798,4.312428,-1.9693497,2.9552414,0.77419734,2.9391706,-1.6533397,-2.0431354,0.025563134,2.4311407,-1.50296,1.4911841,0.2532307,2.2297742,2.313209,2.2388978,0.27476257,-0.04015351,1.9381596,3.2130914,3.4189239,3.2206151,0.7656771,2.4463017,1.1278803,-1.8359573,2.3320854,3.073494,-1.4851977,2.8810086,4.460758,0.26422945,2.4417083,1.2251018,3.9362035,0.14399695,2.5779185,3.0629358,-2.5001857,0.42213476,1.4252846,-1.1316814,-0.77318627,2.0497124,1.3711199,-0.6816927,0.37537917,-2.0254166,-0.24581015,4.3114314,-0.7882953,2.258275,2.8059354,1.1487432,3.9284165,-2.6649082,-0.9106641,1.6195852,1.4247875,4.7971287,-0.43656242,0.6985452,3.201152,3.1501038,-0.6127298,1.7279023,1.2946889,4.395253,2.1949177,-0.78305626,3.1668377,3.410478,3.0889463,-0.22456402,3.586904,6.297166,-2.0240464,1.587466,-0.9536959,-0.10577446,0.13276885,-1.1262825,0.61121714,-5.050296,4.023688,3.0555933,-0.88282144,4.401806,0.2434888,0.95869684,5.112367,1.5061476,-1.3861725,1.1743093,0.15623069,2.4073594,3.8716884,-0.95926887,-1.6819326,-2.653743,3.8912861,1.9732181,4.749282,3.34269,4.0860915,-1.4721444,0.059053585,-0.14116076,2.964691,-0.34475848,0.08524336,4.82183,-0.2901557,-0.075612955,-3.3653767,4.249107,0.08449036,-0.06539952,0.20262022,1.5756323
4.8808575,-2.222023,3.2316597,-0.28230545,0.11406703,2.41163,0.26136228,-0.025342487,0.8087169,0.31716612,2.8351443,0.7421385,-1.6576191,0.8767617,2.2183125,-0.21509667,3.5341077,-1.8580066,2.1926405,2.8689823,1.9455789,1.1845914,-0.23973057,2.1060026,0.95252603,3.747655,2.1507664,1.5728223,2.3012476,0.5712005,-2.0455556,3.6675122,0.18682724,-0.5393163,4.279672,3.274304,-0.22345844,1.8186965,0.77850103,0.84770715,1.4166332,1.905508,1.7206682,-1.9212275,2.2261698,1.8084804,-0.0638522,-0.2210361,0.4147667,-0.103034824,-0.9315007,-0.17163074,-2.9738512,0.1327913,1.9118904,-1.1083939,0.1765823,2.2413833,0.39176622,2.0915902,-1.820836,1.0552646,2.813322,-0.4049456,3.1719973,-0.9992788,1.7402033,1.6432683,4.283732,-1.7944052,1.320514,1.5095153,4.86235,2.4449477,-0.67684644,4.1569834,4.473566,2.0459802,1.0651448,0.5679838,5.8578467,-0.6613476,-0.2162213,-2.0115087,0.86586237,-0.89255714,-1.6093787,1.6863441,-4.481382,1.4085774,1.2006309,-0.15128744,4.7638235,-1.0645524,-2.7660544,3.26594,0.614734,-3.3319752,1.69303,0.68460345,2.1123517,2.5183113,-0.79344773,-0.400963,-2.2896407,2.3971603,0.40242773,4.884854,3.33863,2.9188392,0.35433215,-1.7711686,0.3246543,1.5877188,0.7428427,-3.460581,2.1270237,0.47665238,1.8680388,-2.285711,3.8682015,1.2603319,-0.5798966,1.7909288,0.36300832
5.0716715,-0.27554923,2.8757925,-0.6225043,-0.50275666,1.486363,2.2680748,-0.3162396,0.5780743,-0.94801724,3.5211632,0.10505626,-1.3609167,0.5068991,1.2963903,-0.6073799,4.420798,-0.9732306,2.713121,1.3077509,1.5043397,0.27049997,1.441953,2.1156502,0.46761176,3.6064987,1.7283369,0.864401,2.0176196,0.8416587,-0.4892258,1.9609001,0.8990231,-1.226805,0.9384483,2.9675913,-0.095706925,2.171704,1.4365737,1.0598384,1.842966,0.9181314,1.9020305,-1.773679,3.0655901,1.5324618,-0.7886115,-0.24966803,0.78483886,1.3492749,-2.6855147,-0.2542907,-2.5578246,0.3876321,2.017696,-1.1240307,2.0380242,2.6499507,0.5100822,2.3110833,-0.3880046,0.27110374,2.3546672,0.043680653,2.9663131,-0.29147702,1.4488232,1.0575696,2.929952,-0.5539043,2.46117,1.4191332,4.0105243,2.0128903,-0.48409167,2.4591656,3.588447,2.826659,-0.26950246,1.0136254,5.5736203,-1.311668,-0.4391824,-2.3021502,0.6073798,0.07325102,-2.0120246,1.1813229,-3.10809,4.1821556,2.0869956,-0.6417165,4.383681,-0.30335337,1.121902,2.4925885,0.21381962,-0.9238317,-0.09350152,2.370665,1.6037322,3.5802314,-0.36927113,1.0217687,-1.3207954,3.1822402,0.25301427,3.6934571,2.1082308,3.4467201,0.12904064,0.40116432,0.6116896,0.8328974,1.6558168,-2.4847972,2.0918353,0.26299176,-0.49379855,-2.961636,2.3261313,0.6574996,0.30971768,0.31714934,0.5304836
3.830513,-1.0260289,2.2166872,0.1188818,0.396741,2.3548505,0.77106243,-1.8038596,2.1677973,0.4426908,4.0301757,-0.8691517,-2.0038915,0.82957923,1.8020608,-0.26776028,3.1383529,-0.9784416,2.089628,2.8784559,1.5884389,0.3995153,0.24876459,1.4483889,1.0827992,4.7733555,1.1257472,2.2513697,1.298313,2.0667682,-0.9025527,2.0064158,0.85683906,-1.7187539,3.749374,2.1925044,-0.84110093,2.1998858,2.567083,1.4038591,1.53529,2.7783206,2.57121,-0.49746576,0.44719672,1.5140749,-0.7525991,0.87768894,0.7691055,0.6765174,0.09015228,-0.20421097,-2.5069106,-0.01953276,3.2144098,-0.31947204,1.193818,2.59636,-0.51504767,2.681957,0.2846868,0.5451052,3.1090043,0.13597193,3.346279,-0.6206818,1.4624234,2.8778841,3.304514,-0.5651058,1.2718478,0.6565004,3.16076,2.4599986,-0.517936,2.9754496,3.7985742,1.4226356,-0.03468592,1.5555168,5.5707226,-1.5181925,-0.43876714,-0.91726106,0.189888,-0.46778494,-2.3775206,2.965328,-3.110432,2.6435444,2.8529527,0.09784907,3.7520266,-0.28837708,-0.89928967,4.3494186,0.45168614,-2.042583,0.64706045,0.31111622,2.7759883,2.6630747,-1.8008183,-1.1507895,-2.5669782,1.8114269,1.5094464,5.806491,2.910663,3.2123806,0.08339088,-2.0228257,0.54871255,1.7548912,0.19033313,-1.3784257,2.9184673,0.27203605,1.2588269,-2.4786031,3.7046936,0.6432129,0.17357334,2.0561981,1.134324
3.558008,0.108414225,1.25504,0.66849816,1.3119584,2.0994859,2.2187817,-1.3721501,2.2308898,0.52751136,3.2489774,-0.907244,-2.039953,-0.3946465,1.4527707,-1.0099795,2.6240313,-2.2855387,2.736836,1.9925146,2.0641582,-0.6530694,1.2244145,1.7101349,0.9822338,3.7359395,1.4092504,0.019158015,2.4542952,1.5406548,0.36343887,0.8345098,1.237118,-0.8872939,0.68766934,2.7145143,-0.44569275,1.3921794,2.554973,1.3154912,0.9474624,1.9396328,3.0629618,-1.9462024,1.9782064,1.3910104,-0.4681484,-0.48763922,0.49540645,0.6499472,-0.9031358,-0.19172704,-1.968857,-0.16873953,2.3782096,-0.04399509,2.2376876,2.2280247,-1.7440171,2.6774762,0.36879617,0.78768694,1.5231297,1.5147607,2.5637112,0.43538284,1.457681,1.0396812,1.5881531,0.4077112,2.0827103,0.53294,1.44774,1.8511525,0.043765206,1.33988,2.8904147,1.4255881,-0.22272615,0.59924304,3.913135,-0.6093939,-0.064326115,-0.8258044,-0.50823665,-1.2908885,-2.669824,1.6278654,-1.8168246,3.3704288,2.3235698,0.8687197,4.184204,0.053278733,0.9467108,2.2982767,-1.3480492,-0.74755704,-0.19244583,1.0663358,2.0626714,2.202432,-1.5680909,0.5140912,-1.3155063,1.875821,1.0356561,3.2191746,1.1574452,1.113939,1.0277501,0.7014345,0.3737947,1.345631,0.6939024,-0.6277214,1.9476988,1.3547308,-0.24372336,-2.7845852,3.667579,1.1194931,0.31045863,0.8925711,0.2921899
5.3238716,-1.1929183,2.3929603,1.8597397,0.14185137,2.8935282,1.079392,-1.669558,1.1817583,-0.3944564,4.2230215,0.0748911,-2.6310441,-0.3301075,2.4792593,-0.74514216,3.7433043,-2.5776858,1.4018791,1.8656734,2.3605902,-0.41628176,1.884044,1.863683,1.1751611,5.2321434,0.3380595,1.4621412,2.2015362,1.3850372,-0.026069028,2.4177246,-0.2826115,-0.7217689,2.2919006,2.4814222,0.055936337,2.8751016,2.3177838,1.432766,1.1703608,1.0382062,1.5181932,0.6552216,1.6831256,1.0613502,-1.451528,0.03015119,1.0698385,-0.50270104,-1.5224986,-1.1598028,-4.0807977,0.88676775,2.0952666,-0.3768302,1.7557656,3.419966,-1.2253271,2.9277513,1.1934996,0.049674317,2.565165,-0.38385317,3.6859016,-0.1406072,2.550159,1.1747624,2.3019817,-1.0377477,0.8816793,0.222974,2.5036438,1.7532632,-0.524155,3.4225845,3.6710386,1.7447926,0.78838825,0.68082696,5.0368977,-0.51956815,-0.2572261,-2.908518,-0.5588441,-0.2309508,-1.6328881,2.343796,-2.9234428,4.769438,3.2868094,0.2641849,3.8172894,-0.68397933,-0.64351755,4.055082,-0.33286738,-1.6667142,0.39513445,2.2296739,3.2325826,3.438732,-0.98145247,0.32848734,-1.1146978,2.537471,0.9389051,4.927818,3.435219,3.2871127,1.3775928,0.8379104,-0.47667757,1.0876842,1.000538,0.18458065,1.9291167,0.8032437,0.101278275,-2.9805856,3.9468787,0.47818157,-1.2310376,1.7020327,-1.3143935
4.373715,-1.1012828,1.3833883,-0.801087,1.514726,1.8569311,2.3771482,-2.3205535,2.4037187,1.3863175,2.8062863,-1.1156688,-1.3128303,-0.30630735,2.0170789,-0.8049656,2.3463502,-1.243459,1.96634,1.6854584,3.0785682,-0.5985047,1.7127553,1.0620177,2.548969,4.5848,0.8383318,0.22146551,2.9474077,1.2274445,-0.08255131,3.1280804,0.84911335,0.070404604,2.8391528,3.7487452,-0.055935025,3.092157,1.1288624,2.0214324,-0.44617453,2.6403732,2.307082,-1.4968432,1.7655121,0.19373691,-0.74737024,0.17559467,0.86877674,0.9382366,-0.6078936,0.49678063,-3.164013,-0.047293663,2.7385478,-0.4141765,2.28583,3.6288114,-0.23263942,2.5772128,-0.47886443,1.2339401,0.4503547,1.7809556,3.1525314,-0.488941,1.5197662,1.1544929,2.732375,-2.1651688,1.1506677,-0.08714622,3.8098888,2.4731057,-0.44585305,3.0777254,2.6078544,1.8341928,-0.56580275,0.24308836,4.854592,-1.8556529,0.35176653,-1.4976037,0.40633318,-0.504096,-0.57719326,0.8164698,-3.4735389,3.867478,2.7487535,0.42894143,5.0795474,-0.81532186,0.48787776,3.9982493,-0.16563644,-1.5680445,0.462881,0.323567,2.397361,3.3139174,-0.7417287,0.026610255,-1.056865,2.62682,2.1704626,3.708508,3.5044339,2.6837049,1.9633499,1.1231915,0.30130392,1.769805,0.87330055,0.42705414,4.6707797,0.6228587,-0.16854328,-3.1225383,3.5957475,1.91822,-1.2417848,1.82512,-0.25816628
5.9349685,-2.0224526,3.6256564,1.1417251,1.6187276,3.2423663,2.6179473,-3.0800526,2.085785,0.5162003,5.719497,-1.7716956,-2.3319094,-0.6912948,0.67900157,-1.196784,2.070218,-3.0571485,2.4662313,1.7660059,2.4980261,0.15836433,2.3557708,2.1709793,1.6268865,5.500626,1.0885469,2.3025393,3.1144059,0.38086015,-0.035342004,1.6269901,1.5818679,-0.86259913,2.2014492,3.8879068,-1.1594577,2.543301,2.516481,1.7301764,0.40568784,3.851418,2.9884953,-2.5649822,3.0316803,1.3101096,-1.263234,0.4546789,-0.86132526,1.1571646,-2.1966255,1.5384723,-3.2840223,-0.3828078,2.026891,-0.26509684,0.6458731,2.987672,-2.447551,4.752977,1.6216978,3.3099477,1.5618931,1.1267821,2.4701955,-0.020458976,1.6011978,2.6703079,2.0208259,0.45775518,2.3460763,0.8703765,2.5475051,3.114193,-0.7671652,2.0139618,3.9396815,1.1890627,-2.1970344,1.2157809,4.2772417,-0.08533712,0.26928964,-2.0114436,1.3164409,-0.5715219,-3.6303399,0.9939748,-2.7463124,3.4256752,2.2625153,0.8049939,5.920358,-0.623109,1.6476058,2.7550743,-0.36537346,-0.82800275,0.5283028,1.7938793,1.7136825,2.3160915,-1.0894196,0.42843682,-1.0274029,2.6692102,0.9401662,5.932682,4.3630834,1.5055195,1.1461483,-0.28033504,-0.68262166,1.3446419,0.88381237,-1.3944441,3.2056863,1.6109765,0.23297095,-3.7730196,3.3095572,1.6806377,0.30577278,0.86738193,0.6637299
4.534462,-0.90349936,1.3459101,-1.2848964,1.918328,1.5398325,0.13861215,-0.9144312,1.5630372,0.52839434,1.7869297,0.61306554,-2.1539729,1.2022932,1.6692257,-2.1170247,3.6424475,-1.8351684,2.3701806,2.39402,2.342349,-0.07591208,1.0149769,1.6323205,0.59926003,4.01264,1.6844944,3.3876896,3.7244859,0.16853644,-1.8508554,3.484673,1.2450233,-0.61148983,2.1272917,2.97525,-0.6113272,1.6504835,2.4908018,1.4698904,-0.2665023,2.0947828,1.7481725,-4.260135,1.1315523,3.5408692,1.7696471,-1.6682284,1.3901871,1.0935625,-1.8260906,0.98745996,-2.4165363,-0.88415533,1.5937718,-2.6096373,1.5611986,2.9693818,-0.012431574,1.5946535,-0.8062322,2.3902104,2.045874,-0.9337265,1.351411,1.1315581,0.7263315,2.3907342,4.4631033,-1.4788867,3.9810832,0.5273548,3.1755471,2.6588218,0.06851234,3.3921096,4.977061,2.6248412,-1.6981056,0.6608412,4.8126483,-1.4531862,-0.8115242,-0.61086625,0.95384026,-1.1875197,-2.0995722,-0.6225764,-3.0874197,2.497295,1.1700888,1.6510063,5.7251654,-0.18932933,-0.33271798,1.3104405,0.21432084,-1.1500596,-0.25547677,2.0428581,2.4173634,2.8649225,-1.1623195,1.2754008,-2.9206061,3.262594,0.26755357,5.5256457,1.4508078,-0.1787839,0.56771606,-1.7366683,0.6104296,3.02817,1.6197256,-2.7845156,1.4239806,-0.16670705,0.4038662,-3.6954963,2.9909294,1.8224696,2.6727831,1.0968459,2.246603
4.5337253,-1.2536854,2.5845373,0.36708945,2.0228965,1.6931976,1.6334212,-1.0146147,2.5113604,0.601199,3.6650777,-1.2941207,-1.0783015,-0.5898025,0.42232975,-0.7758353,3.9583268,-2.0915897,1.6887705,2.0119846,2.0197935,0.08628341,1.4510865,1.0298909,1.5735955,4.168417,1.1820539,1.2540779,3.0616155,1.2070061,0.38204107,2.4701424,1.6870317,-0.35967678,1.6201533,3.867712,-0.34657744,1.6901315,2.201767,0.7865286,0.618487,2.2650049,2.6962879,-1.7789437,2.0009751,2.0376465,-1.1473174,-0.23655261,0.47426167,0.7915636,-0.53047866,0.4764341,-3.322827,-0.52749753,3.080662,0.23685148,1.4966922,2.5285146,-1.7960271,3.2267094,0.32697707,0.6869242,1.3657848,1.2994723,3.0566242,-0.38318592,1.9899704,0.4053262,2.15056,-0.62042457,2.0155537,0.7854257,3.2243967,2.3085272,0.29805923,2.1117525,3.6052804,1.2623364,-1.990708,0.77953655,3.7636473,-1.2508518,0.40193698,-1.5636133,0.05297894,-0.8499498,-2.2125852,1.7162496,-2.3612535,2.78489,2.7734725,0.4053919,3.7033627,-0.5042679,-0.18338273,2.0535393,-0.5048981,-1.3575526,0.6947576,1.3418925,1.8524282,3.7723365,-1.5715098,0.5932205,-1.2953901,1.8895154,1.9299037,4.438307,1.7794697,1.3804926,1.6164676,-0.4925123,0.3675018,1.145399,0.69566756,-0.47502843,2.7196345,1.5817388,-0.25454107,-1.9344852,3.4437923,1.1814923,0.30457315,2.7170212,0.34788877
4.002443,0.35964096,2.9332955,-1.3103921,0.81939775,2.0467293,1.3549652,-1.5619678,1.3867873,-0.6518135,1.9887244,0.94553244,-1.2724082,0.083918996,2.4238436,0.21207477,3.1303399,-1.3626637,1.4739169,1.6096797,1.9181011,1.1746941,3.5697975,1.2007939,1.4048775,4.2306547,1.5967107,0.7553029,2.4287302,1.034882,-0.34247306,3.1921391,1.299175,0.5485237,2.6296906,1.8164594,-1.4240522,1.6866887,1.6733907,2.2968104,1.6780694,2.0575898,2.417558,-1.6186407,0.032672845,1.3582261,-0.1257492,-0.029672954,0.558825,1.0520339,-0.055045765,0.020652436,-1.4490023,-0.67781496,1.0073943,-1.5704435,2.0075169,2.532425,0.14916733,3.639474,-0.8741963,1.8514109,1.4820154,-0.7266693,3.0599728,-0.026281673,1.1847448,1.0095294,1.7642303,0.75493366,1.6730671,0.0898969,3.6894207,1.60499,-0.08430473,3.0429707,2.986245,3.0886066,-0.84716076,0.5497327,4.318431,-2.3485746,0.33557618,-1.5666444,1.0463884,-0.42193866,-1.6545848,0.75037605,-1.142556,2.9114714,2.6698852,0.31995395,5.776171,0.4866327,-0.41096094,4.0378265,0.03092091,-1.0773228,0.6325464,0.34425583,3.1762204,2.117776,-1.3308958,-0.43042803,-2.010496,4.28257,-0.7757824,4.761938,2.7164032,2.5408158,1.2202805,1.1055925,1.155166,0.8340885,2.0465982,-0.635472,2.2418718,-0.73757964,0.6553815,-2.6300802,3.2140958,0.076189265,1.698383,0.21939388,0.28791788
6.1921463,0.5887721,2.057684,-0.46571255,1.56133,2.6634367,2.7994578,-1.3724488,2.0212011,-0.31042415,5.3258953,-1.1406916,-2.312983,0.66126764,0.79912794,-0.20272563,2.823878,-2.07283,3.0065906,2.707506,0.95022994,0.649833,2.3695166,1.6276177,2.3634562,5.2812743,2.0599082,1.65427,3.0129964,2.2000368,-0.07356344,2.3532274,0.8394954,-1.0925152,2.6442623,2.0484636,-1.6122528,1.4749755,3.551457,1.3763589,1.3444954,3.8355272,4.243309,-1.3403568,2.222809,1.3115644,-0.96691096,0.4479542,0.4524477,0.51864105,-0.0020280853,0.9833582,-2.2400782,-0.8773483,2.8003447,-0.7473586,2.7896976,4.0923266,-0.8735844,3.0833209,-0.6387572,0.7618077,1.1790912,1.0155532,4.0313354,0.013541546,1.694586,2.4155917,2.125343,-0.21838444,1.0786206,0.39232224,2.8523357,1.2896173,0.42255569,3.7117531,3.9417057,1.5231104,0.6804021,0.73466265,5.104832,-0.851352,-0.60768497,-0.7252651,0.11991056,-0.8915679,-1.5474607,2.2054324,-2.2449524,2.474447,2.6234283,0.70072466,6.375266,0.39910963,-0.32468224,3.8946335,-0.8681814,-3.10216,1.1054683,1.2438954,2.054286,3.1971438,-0.933009,-0.409158,-1.3863087,3.2708654,0.43240023,4.1646705,3.087573,4.4796,1.1649246,0.7106673,0.34578726,2.0330043,0.5074724,-0.8903631,2.757142,0.5385365,-0.3677938,-3.1064904,4.3103848,-0.5709076,-0.5255733,1.9838372,0.0912561
4.9484115,-1.1371695,1.2220246,-0.45882052,2.476396,3.2325788,2.4161136,-0.8180825,1.9467016,0.85753345,3.9837744,1.0674376,-2.0622523,0.07350581,2.1401703,-1.0397663,1.4154568,-0.8033611,2.3638225,3.0328803,1.3774878,0.4003756,1.447318,1.5105561,0.60658705,4.58589,1.380855,1.0849499,1.938372,-0.2513922,0.3706759,3.0681722,1.1469877,-0.81092745,2.9163454,3.373109,0.4345075,4.1208277,1.4885869,1.5385823,-0.28323025,1.6147382,1.6968375,-2.4197748,2.400031,1.6794453,0.4637157,-0.10902934,0.72730315,0.8640905,-3.0976558,0.83427453,-2.3076813,2.0374043,3.7243342,0.13632637,1.0757816,2.1022196,-0.12718385,3.008429,-1.1701765,-0.36152464,0.7476153,0.88717556,2.4410648,-0.3489498,3.1829708,2.47178,3.1340692,-0.9278983,1.6537805,0.37567708,2.2920082,2.3424773,-1.0464088,2.134318,3.4375668,2.9686713,0.2538436,0.53586185,3.774473,-0.49198636,1.4978064,-2.4158816,1.8440071,-0.63089657,-3.0570695,1.1856928,-2.9250503,3.7652147,2.2689245,1.5699414,4.8238506,-0.43804392,-1.1136086,3.1351163,1.2335857,-1.2807685,0.5484093,1.7034883,2.7424192,2.7942708,-0.59236735,-0.31260753,-1.8226852,2.4961329,0.2995079,4.842824,3.051315,0.7598376,0.9890168,1.3437538,1.0375569,0.77090406,2.0685081,-0.9355713,2.799751,0.37535328,1.4576108,-3.1467872,3.8529735,0.80816174,0.59103394,1.5908267,1.600437
4.350055,-0.19098899,3.704456,-1.3276509,0.25658968,2.3635032,2.4644175,-1.1718184,2.6953588,0.071387306,3.4683144,-1.3541963,-2.3969865,-1.4049519,2.6272192,-0.45523882,3.379225,-1.802836,2.8461118,3.7302568,0.16441318,0.7297462,2.3743167,2.3002129,0.7899569,5.6634784,-0.0046855547,0.29052863,3.1057758,1.5802512,0.8416046,2.4062762,2.0316813,-1.4268458,2.8921604,2.1083508,-1.2806084,1.6027412,3.3964813,2.8978457,1.6375915,2.867383,3.1150358,-2.3658597,0.7647293,1.5765252,-1.0007238,1.974313,0.505643,1.5312995,-0.90893674,-1.2338424,-3.0096407,-0.68655074,1.9804549,-0.6840748,3.5827327,3.063875,-0.6932912,3.6160433,-1.2399566,1.201363,2.8774993,0.26419765,3.4815712,0.08175947,1.4347318,1.2214329,1.9933369,0.06544418,2.2885077,0.9891711,3.362417,2.4281423,-0.9789297,1.3499942,4.23358,0.8915538,-0.13103673,0.8305248,6.2353597,-1.9549392,0.10588979,-2.7918766,0.5563363,-0.10121429,-4.4440384,3.116925,-0.9094144,3.8112247,2.8638453,0.8484338,7.3171635,-0.89100933,1.3280165,5.0770483,0.20076796,-0.89974594,0.3933994,1.2156998,2.962941,3.3193645,-2.4186673,1.9229071,-3.5605907,3.9574227,-0.088433914,5.69074,3.3339512,3.083227,0.50467086,0.48259094,0.21583052,3.7446005,2.2205925,-1.6998017,2.7977524,-0.23702039,-0.6505846,-2.8061776,3.9411552,0.35724488,2.0733306,1.7422162,2.043688
4.0933743,-0.7712733,3.9427876,0.39249438,0.63780195,2.6813354,0.47726223,-1.351442,1.8355807,0.09747881,2.6525464,-0.22143754,-1.6567106,-0.7197869,2.2911847,-0.44918114,3.249777,-3.0380306,2.0483024,3.1093383,1.2814502,0.39433065,2.2995548,1.1329535,-0.14765339,6.03461,-1.037286,1.4214691,3.495664,0.5282266,0.54991525,3.734996,0.8533451,0.08654266,2.5466986,2.5274947,-1.2482634,2.9441679,2.5792534,2.65776,1.373895,2.2195027,1.5039608,-1.3721849,1.3801703,2.395268,-0.69546324,0.5281573,1.0128942,1.3401269,-1.7395118,-0.39395294,-3.6344385,0.36110318,0.46038857,-1.0704405,3.1377122,2.7928653,-1.7983888,2.8202264,0.05593087,1.5943187,2.054133,-0.58914495,2.1669548,-0.3427816,1.3058382,0.47387958,2.3182416,0.47014952,2.8413599,0.36300725,3.559546,1.0566303,-0.7203611,1.3406022,4.255983,1.0122324,-0.28978038,0.5631725,5.0911665,-0.23039113,-0.33774874,-2.57177,0.38836944,-0.5323471,-4.216066,1.6665549,-1.1618322,4.6745653,3.0744772,0.66591686,6.194856,-0.8122416,1.1480985,3.9193065,-0.083987236,-0.45529938,1.3298146,1.814922,3.3848498,3.2170331,-1.7936429,1.9597108,-2.4386597,3.7439141,-0.817575,5.4068923,4.1227064,2.6150293,2.2006545,0.5592655,0.22228897,2.7024407,1.4621531,-1.4173294,2.4819043,0.4576875,-0.63642186,-2.525121,3.8179455,0.9714,1.3977331,2.9520476,0.23235407
3.3624372,-0.70649904,2.6421418,-1.2772075,0.6629771,2.086916,3.0410554,-1.929238,2.7304704,-0.20449115,2.3507235,-0.35724613,-2.1719854,-0.7827927,3.3145795,-0.69920653,3.591838,-0.7386092,1.0333228,3.068211,1.7686846,0.31988943,2.7603164,1.0025972,0.6819726,4.3581047,0.7183917,1.056023,2.1399634,0.62719125,-1.0413982,1.24191,0.99986327,-0.6380753,2.780912,2.4560509,-0.5756117,2.1969569,1.5728632,2.7372413,0.8675123,1.5339706,2.52123,-2.15582,-0.38747767,0.9918586,-0.83396274,-0.88978785,2.1204696,0.076112464,0.7808153,-0.8364553,-1.4439318,-0.7371248,2.0823517,-0.9478744,2.639449,3.1690905,0.10918836,3.7547512,-0.56409353,0.32363114,2.9518769,-0.11509398,2.0961695,-0.28523684,0.0806162,1.5785202,1.0476859,0.38112152,1.6328889,0.46700588,3.3716965,2.3464696,-0.46360534,2.288113,3.4466715,1.9972683,-2.0815284,1.425275,4.7134833,-1.3724749,-0.14587627,-1.2592592,1.2008975,-0.08145148,-2.2501967,2.3471441,-3.3845766,2.7584708,2.122494,0.78637743,5.950513,-0.114509776,-0.036450025,3.4901154,0.653736,-0.87328523,-0.10959488,0.31072387,2.161405,2.4034662,-1.2765133,-0.27196383,-3.1716921,3.9480028,0.344104,4.9076676,1.7336547,1.340052,0.35165626,0.31953406,0.7772031,2.603978,1.8537053,-1.4758564,1.7476665,0.49671856,1.0429344,-2.768052,2.238201,1.820259,2.757475,-0.6930376,1.184477
3.1152878,-0.24336767,2.0171802,-1.213291,0.84763074,1.8722943,2.071648,-1.5273218,1.3090262,-0.18192649,2.3826287,-0.82487196,-0.4613733,0.7414478,0.81277716,-0.48522228,2.436497,-0.4470973,2.668861,3.1486058,1.1107159,1.1341199,0.5867528,0.34358943,1.5323462,3.8019493,2.698366,1.6855807,0.7104481,0.33053303,0.11444881,2.5518088,1.1381328,0.23412317,2.896554,2.76141,-0.85030854,1.9692829,1.8088022,0.69118214,1.2270801,2.231624,1.035834,-2.0762577,1.1160682,1.8686422,-0.2783963,0.4937269,-0.29558033,1.7276887,-0.44826108,-0.67594635,-1.5911818,0.53048444,1.8206342,-1.1771665,1.9194174,1.6111989,-0.016084045,2.2476149,-1.7750365,1.3626505,1.3687505,0.97759974,3.0172005,-0.7150354,0.051133662,1.0353876,1.9821002,-0.2735244,1.8843098,2.055365,3.0446565,1.0212157,-0.82731986,2.150853,3.3337312,2.9654012,-0.7600361,1.0521905,4.3622127,-1.7673221,-0.2969863,-1.2569486,0.6252649,0.15615772,-1.866979,1.3837684,-2.9142609,2.3539567,1.1252272,0.09061523,4.6066957,-0.22901452,0.84713703,2.9665518,0.46372324,-2.3277524,1.0095811,0.4274833,2.5483615,1.5680215,-1.6253587,-0.28067893,-1.4830263,2.462276,-0.041245118,3.9218426,2.2463107,3.1829286,-0.38412973,-0.26182976,1.0708057,2.3068378,0.51964843,-1.8108835,4.0614076,-0.075030886,1.6250184,-2.63968,2.7087867,0.43309793,0.30174655,0.32098186,0.19818
3.4914215,-1.5352495,1.350594,0.4449228,-0.11884991,3.2889752,1.2123296,-1.6586186,1.571731,0.25084913,3.929819,0.35695484,-1.3125963,-1.1703283,2.6223462,-1.110878,2.493914,-1.4455832,1.4282397,3.2452767,2.0931315,-0.123057954,0.25875401,0.5957978,1.7107785,5.3819838,1.7464746,0.7017293,1.0239991,1.5923959,-0.25988322,1.486562,0.3109271,-1.4898943,3.9647381,3.8023312,0.12803042,1.8016148,2.0392015,0.58634853,-0.55207795,1.753582,1.6155082,-0.91625416,1.7343138,1.0700058,0.33083656,0.87355727,1.2269824,0.64296496,-0.9711759,-0.54005504,-4.0540805,1.3596084,2.249237,0.0977963,1.5917921,1.4502314,0.29365775,2.3610845,-0.41822162,1.0931456,1.8409868,0.5498358,2.5839593,0.08609523,1.1795623,1.5386635,2.997006,-1.0922531,0.7623075,0.45831355,3.4637063,2.3496802,-1.1736802,3.1956885,3.524409,1.4228617,0.3915993,-0.38637254,3.899084,-1.784044,0.5146397,-2.9265273,0.83543,-1.476391,-2.2112722,2.2943177,-4.0404677,2.4814267,4.093321,0.5410253,4.744908,-0.958311,-1.6561004,3.380597,0.30243823,-1.2694813,0.56933016,0.5996082,2.613048,1.3742244,-2.5148783,0.35900047,-2.0231178,1.4249477,0.4973408,5.349635,4.0799646,1.3662047,1.9982035,-0.054879755,0.2708421,1.0455327,2.4805079,-0.8904494,2.4842021,0.52026767,2.0714612,-3.1533027,3.6749353,1.9851431,-0.83938503,2.3380318,0.23026833
4.5644855,-1.1578838,2.75932,-1.4324075,2.4680495,1.3231578,1.1596351,-0.54781157,2.2782478,0.7640797,1.7170161,-1.2409159,-0.9890988,-0.53580964,1.9336838,-0.38352844,2.2528152,-0.4815637,2.8206642,3.2927513,2.807654,2.0542595,0.7134843,0.34958047,2.6623921,4.385089,1.6232864,1.1102068,1.9205736,0.61765486,-1.7915413,3.3943384,1.4780498,-0.98684305,4.5197597,3.3260336,-0.98083776,1.007066,1.6066871,1.4526421,0.9780682,0.76378673,2.4847584,-2.4065473,1.4577624,2.2495677,-0.27540234,0.13308117,0.7811363,0.5677244,-0.23227388,-0.20958897,-2.499314,1.3725959,1.7819362,0.2924068,2.0309355,3.525408,-1.2617327,2.0060978,-3.3427265,1.0430281,2.7835567,-0.15338445,3.6426895,-1.1535925,1.5039062,1.8415948,2.8313036,-2.2907817,0.84305304,2.1388285,4.4636264,2.3561473,0.3559178,3.0617776,4.654277,2.8469994,-0.54785985,0.30462173,5.5939326,-1.0001982,0.9945126,-1.6569183,-1.2890004,-0.18597975,-3.1847286,2.203742,-3.325139,2.2881503,0.6245097,0.5268367,4.8044395,-0.5345359,-0.8882955,3.2766862,1.477436,-2.595085,1.1139479,0.6668524,2.983257,3.5612469,-0.16163327,-0.5023671,-2.6468482,1.7681718,-0.23944427,5.341433,2.9707384,3.224946,-1.4539708,-1.1494545,1.4850422,4.0324397,-0.7333124,-2.4456487,2.4294772,-0.50989133,2.3734648,-2.8139286,4.1520386,-0.0018790513,0.29909417,2.0185804,1.099407
3.40286,-0.40282425,2.3623266,-1.8808255,1.9638997,1.4322523,2.3813596,-1.6513349,2.1834652,-0.41029295,3.1579983,-1.2892332,-1.2297164,-0.2549263,3.2497191,0.6572516,2.092625,-1.4482441,2.2577631,2.0327673,2.1142004,1.2968193,1.6229995,1.9734936,2.2378373,2.7747703,2.5297954,1.3884226,1.8316776,-0.83867776,-1.642802,2.0231025,1.4303875,-0.31550983,3.874435,3.1477334,-1.1037196,1.926261,1.9073601,2.0835598,1.796037,2.0800078,2.145946,-2.6744986,0.98479396,2.1475532,0.3976728,-0.34433612,0.19965827,1.6189146,-2.2988944,0.9239441,-1.6323202,-0.8916932,3.1408446,-1.5869346,1.9261016,4.8259964,-0.21310091,4.3948956,-2.506765,0.7046227,1.8526495,0.87597287,1.9481134,-0.07721938,0.26862586,2.7152834,2.6431947,0.115508884,2.0259902,1.023114,3.2548242,3.7261763,1.191056,3.0255635,2.4690197,3.26261,-0.92657286,0.7682406,5.074813,-1.2645181,1.0729611,-1.5582857,-0.27116114,-0.58960587,-1.3902198,2.4227464,-3.7009833,2.3777852,0.97957325,1.5796039,5.6313124,0.4063608,0.28923663,2.9318576,0.4586586,-1.8206029,2.0814338,0.843607,1.7163149,3.5575724,-0.5200273,0.4009181,-2.820184,3.608896,1.7411883,3.2930508,1.7844198,1.9763675,-1.1413219,-0.2702465,0.19317552,3.750469,-0.0589421,-1.5300752,2.8649867,-0.39901045,1.5841105,-3.5943398,4.5202637,-0.8181182,1.74403,-0.5347358,2.353899
3.8361397,0.5516164,3.1662343,-2.1406908,2.4744127,2.226599,4.4350896,-1.64257,2.3219295,0.39963758,2.6075766,-2.2845829,-2.3146136,0.9923364,1.9247966,-1.0125467,1.5994207,-0.048497234,2.769415,2.5986905,2.9186733,-0.16202036,1.6803116,1.2000821,2.8317008,4.444431,3.1825485,1.7317038,3.7319303,0.3146702,-0.82020414,1.7484019,1.4638374,0.21661246,3.1634154,3.8271976,-0.8337446,3.0045824,1.3844855,2.7064593,1.0739307,4.732668,1.702284,-3.1686766,0.012956414,1.0538621,-1.4204977,-0.03545313,1.3829702,2.758403,0.29893664,0.39515898,-1.7483836,-1.2485126,3.7610223,-2.5141518,2.3297617,3.325143,1.1923912,4.386095,-2.0922434,0.58171016,1.0235184,2.3694334,3.7887115,0.43561208,-0.3728228,2.862146,2.1861427,0.4445473,2.1553352,-0.64824826,4.172118,2.3751016,-0.26047212,3.0861993,4.074027,2.4338615,-0.87692064,2.0177782,4.560185,-2.3669665,0.53565127,-0.5605722,1.0452611,-0.73720783,-1.5341424,1.2252909,-3.755,3.0414,1.722916,0.9887849,5.837653,0.46379828,-0.29135573,4.5513186,0.45495945,-3.1082478,1.2179261,0.0057137804,3.3821714,2.4417841,-2.1135201,-1.3323954,-2.9219484,2.8057132,2.3048804,5.032327,1.7047342,3.4267623,0.91073453,0.97671384,0.35863113,2.953676,0.15692434,-0.42823708,5.251881,-0.5747718,0.011906229,-2.5793376,3.1917443,0.56600046,1.8703653,0.08074401,1.7326151
7.763873,1.0152588,2.4659045,-0.96458274,0.48168495,3.403789,5.0607214,-2.0070186,3.1248734,-0.63536584,6.060446,-1.6328949,-2.9967425,1.2599508,1.9512302,-1.1452997,4.323402,-1.6716846,2.4446418,2.18408,2.7936196,1.5219347,0.60130227,2.1690466,1.7515008,4.3399878,2.7390637,2.4084628,2.0988064,1.1122645,-0.3704577,1.714886,1.3764899,-2.2212584,3.1027,4.251304,-1.186354,1.2135926,2.6942055,2.7439148,1.764156,3.1668854,4.507723,-0.7534444,2.0798228,1.9718429,-2.9575117,-0.315574,1.8424156,1.1568735,-0.44433764,0.97274745,-3.095755,-1.1396638,4.37717,-0.5167817,2.2327864,4.196243,-0.12017746,4.983787,-0.44107217,-0.38055044,3.2153456,1.5318075,6.1015916,-0.70735186,2.7032223,3.3449328,2.543869,-0.05837185,0.6259521,-0.36517426,4.8523808,3.515832,0.70494866,3.8016798,4.619181,3.0781333,-0.26800212,1.4885137,4.5427203,-1.4363517,1.0708312,-1.1902298,0.03212788,-0.036948107,-2.6993523,2.0209012,-5.2306137,2.6076658,2.898389,0.1614383,5.539448,0.24368699,0.13466696,3.3972523,0.6531355,-2.4193923,1.084665,2.2908623,1.4403315,4.9047213,-0.096598804,-1.6558167,-2.6973083,2.85572,2.9093487,5.5671763,1.3012835,3.9106917,0.9257498,-1.0934072,0.89660454,1.4351766,-0.47026104,-1.7410567,1.8407537,0.3826974,1.3527551,-3.5699515,5.281549,-1.6100535,0.28165096,1.1479818,0.38207167
4.3492393,-0.7646609,2.7282271,-0.22798169,0.85450566,1.93109,2.052924,-0.74957675,0.76713467,1.098361,3.7806702,0.28966722,-1.5209736,2.0773513,2.4635887,-0.5598169,3.7808836,-1.9409566,2.7845516,1.7400829,3.429339,0.7007615,1.2138748,1.8371806,0.360833,4.241663,2.1369116,1.1157312,2.947898,0.5592219,-1.0356706,2.7363122,0.4535408,-0.52789634,2.69377,3.437618,-0.59573823,2.768848,1.4773673,1.0925411,1.125742,1.570209,2.5640635,-1.7206277,3.116166,2.556705,-0.6480945,-1.0649571,0.9112195,1.1013709,-2.695718,0.48260728,-1.3803388,0.08140547,3.9398353,-1.0866253,1.1448283,3.9401205,-0.2766809,3.074578,-0.020354101,0.07691378,1.4857439,1.950524,2.2409651,-1.1511484,1.537546,1.8785611,3.3812904,-0.9944443,2.128973,0.3112942,3.4616244,2.1905181,0.061583202,2.8261695,2.4276931,2.636563,-0.74995446,1.339028,5.5927324,-0.46593443,0.14910905,-0.6897456,1.5536525,-0.3584284,-1.3463897,-0.44179806,-5.1332474,3.2329056,1.7413253,0.661855,4.5182786,-0.07138969,0.07937214,2.713246,0.057439547,-1.4159375,1.1526682,1.9090455,2.1168163,3.225144,0.4898683,-1.146372,-1.700496,2.991029,1.4631864,3.2120721,3.0718756,2.413463,0.79595566,-0.2639986,1.1064312,1.6155843,0.43891376,-1.3584064,1.9718075,0.1483559,0.28331712,-3.6748857,3.8119195,0.3565407,0.20273703,0.97488874,1.6290814
4.7327065,1.9273952,0.55525005,-2.6599176,0.23885638,2.6579902,5.379226,-0.34497875,1.5783083,-0.6633695,5.2369165,-0.5938842,-1.6865209,0.046980407,2.594825,-0.02895593,2.3307533,-0.6758568,3.771164,2.9673584,2.5141392,0.6943048,1.6664163,0.37846842,2.1372166,4.5603237,3.2506871,0.52395195,0.06003423,1.0695244,-0.49749783,1.1343763,2.1178265,-1.9663959,3.3084383,2.5534832,-1.8159662,1.1657728,3.015495,1.5225029,1.6543262,2.8647141,4.283676,-2.872875,1.5764921,0.8072314,-0.14215751,0.6250505,2.0019858,1.9976323,-1.3884705,0.11299218,-1.1252538,-1.3441054,2.9478784,-1.0241183,3.744742,3.3134162,1.3461726,4.169777,-2.088,-0.5729872,0.5744335,2.4203024,4.062157,0.29991,0.14075163,2.8881812,2.6572032,0.4814497,2.3336797,0.111341864,3.5950456,3.7387044,-0.20790154,3.4723988,1.8871719,4.2794228,0.5581778,1.4393452,5.5076394,-2.9482424,0.04308555,-1.1138221,0.6150607,-0.3378639,-3.0148363,2.8839493,-4.435882,2.092945,2.3814201,1.5328478,7.862907,-0.4862077,2.0744045,3.4362154,0.7396429,-1.4540747,0.2840891,2.4287186,1.7896656,2.4276247,-1.0390291,0.4243447,-3.878363,5.2015533,0.5387587,3.2749355,2.998285,4.0010266,-0.38625386,1.1550187,1.5043739,2.324197,0.67910635,-1.5174824,3.710183,-0.46535245,1.3407301,-3.192926,4.366624,-0.3332413,1.8854923,0.85687655,2.6005566
4.405863,-1.8889468,2.444058,-0.7590334,0.15980487,1.0079613,2.7067893,-1.2679511,2.3147745,0.51591086,3.9102337,-1.2348517,-1.8158152,0.67917335,1.2545675,-0.363889,4.1243467,-0.79429334,2.4117897,2.8795726,1.3883548,0.22684711,1.1903559,1.8281362,0.67184526,4.385304,-0.4792956,0.33518368,2.9870222,1.4096669,-0.17071103,2.6233559,0.8809234,-0.2875259,2.175904,3.7204447,-0.65852726,1.6124858,2.5826242,1.1999022,0.7654419,2.320694,3.1667209,-0.68825036,2.0590866,1.1859204,-0.58981466,0.20529735,1.412132,0.08536848,-1.6451502,-0.41422626,-1.7136962,-0.1075824,2.579498,0.20472941,1.9390838,1.3164188,-0.8062071,3.4717264,0.94259965,-0.7442704,2.9788609,-0.5922816,4.0376215,-0.010070887,3.1447058,0.58988243,2.0135226,-0.2766598,1.4614586,0.3889879,4.5813746,1.5206422,0.38503647,2.170079,4.4526,1.6285243,-0.026561838,0.18014775,4.2274365,-1.1609986,0.27921802,-1.389032,0.33663356,0.16503152,-2.5121918,2.239841,-2.113471,3.7846568,3.456221,-0.7166636,4.84011,-0.13024236,-0.64605266,3.2969136,0.78449845,-0.0713623,0.36933032,1.8883284,1.419582,4.2983675,-0.52725357,0.48483506,-1.7316654,2.770258,1.0258814,3.745914,2.0358891,2.772364,1.0885919,-0.9159356,1.0735863,1.1272457,1.3719618,-1.8703154,0.6849103,1.435436,-0.53015816,-1.7224,3.6102552,0.48411065,0.6629866,1.4111221,0.7409253
5.8615823,-0.22136274,2.6901946,-0.66685736,0.69038785,2.617176,2.9156988,-2.5285718,2.282591,0.013756218,4.344276,-1.4710231,-1.2624733,-1.5337876,2.2380233,0.1615931,1.5197941,-2.1482882,3.9782891,2.8131714,2.7271261,0.6614944,2.006443,0.8570671,1.9091016,5.6683593,1.112139,0.8091225,2.9285731,2.3025687,-0.34961647,2.811566,0.22994858,0.047221035,3.9495592,2.1355345,-0.8225159,3.4903078,1.1794335,3.3561747,1.5891159,3.3041294,3.8913512,-2.419045,0.36184117,0.5629811,0.089908205,0.94977194,1.6009676,0.2803302,-1.177155,1.2060548,-1.8620269,0.36957312,2.00898,-0.8763017,2.430393,3.0859518,-0.14428857,4.1322713,-1.2333876,1.8011785,1.1899089,2.1263766,3.744666,-0.752519,1.9294646,2.40465,2.2829554,0.0711522,0.7341103,-0.8141636,4.224472,2.7962315,1.1826696,1.9199109,3.401217,2.1275752,0.85018724,-0.7977785,4.955631,-1.6157669,-0.45143905,-1.6700964,-0.073649034,-0.056998376,-3.1596346,0.7377488,-3.2560635,4.9871883,2.068836,1.772761,6.8165493,-1.513179,1.1432548,4.350551,-0.10569636,-1.533954,0.15499659,1.9947982,3.3040285,0.7914354,-0.31473294,0.8568237,-2.2430398,2.5000386,1.8253708,4.126636,3.2131777,3.4059308,1.7398641,0.4429322,0.5248245,1.5858787,1.3352444,-0.9183446,3.0063882,1.0678114,-0.15834051,-2.7040334,4.1676617,1.4889503,0.5742661,0.17940305,-0.26804814
3.5823703,-2.3374047,3.0019,-1.0677887,2.2824335,2.2082798,2.8304822,-1.4287751,1.793105,1.5603602,3.0997984,-0.3265423,-3.020281,-0.27962294,2.2832878,-0.7158418,1.7192849,-1.4866495,1.1410525,3.2243009,0.5155986,-0.24807444,1.1281306,1.6278625,0.64542294,4.620058,0.51055944,1.9431341,2.2641475,-0.3751749,-1.1423955,1.815036,0.7860364,1.0510414,4.690524,4.182686,-0.6305033,2.3141682,1.318453,2.3388014,0.48579922,2.8552234,3.2695796,-2.5758564,2.05698,2.2896771,-0.40816942,0.4657385,1.0512519,0.5853578,-1.8431942,0.30190545,-1.678522,-0.50888824,3.1921575,0.20003268,1.9595844,2.2616973,-0.7842949,3.439289,-0.8914977,0.14630029,1.8714715,1.3744781,3.55646,-1.0291181,2.3108697,1.7129691,1.6143663,-0.97578794,2.6100664,0.26275963,3.339694,1.8576694,0.6901805,2.5283167,3.4944954,2.373546,-0.888388,0.4804963,4.6614814,0.03181903,1.2402103,-2.2454495,-0.6591089,0.20004094,-2.454272,1.0847486,-3.8108056,3.1216564,1.4214665,0.30254838,4.8212934,-1.1879048,0.29639184,3.0738328,0.29395133,-1.8818135,1.4246489,0.7767155,1.7978501,3.9831975,-0.11574294,0.535302,-2.2393188,3.4255552,1.5230533,3.374989,2.74384,2.3515477,0.116279304,0.835297,0.40368897,3.2926948,1.2641848,-0.6739458,2.0996292,0.56816816,-0.30292365,-3.540027,3.741441,-0.42988542,2.2960236,0.7293506,3.075858
2.953904,-1.9113545,1.5236294,0.8195185,1.7255831,1.436406,1.2955618,-1.6465093,1.4041427,0.111862786,3.5943365,-0.44182009,-1.702218,-1.3562963,2.4726982,-0.78680784,1.545243,-2.054225,0.4840735,3.3899388,1.246171,0.6654063,1.4940199,0.95804155,-0.00059632957,5.7167287,-1.3807056,2.4747276,1.75475,0.9967717,-0.32242084,1.8528206,0.60140425,0.31926998,2.460539,1.3106121,-0.34410194,1.7937793,2.4829705,2.475558,0.5839876,1.1260835,2.058595,-1.0310595,0.08263064,1.4759511,-0.654379,0.79303014,1.6811416,0.6650273,-1.543898,0.11699167,-2.992895,0.4312011,1.8026861,-0.89463276,1.523109,3.4752645,-1.279598,3.212896,0.56953585,1.0089743,1.3325406,0.36049885,2.7660923,-0.26876825,2.014891,1.4362555,0.7336575,-1.1672668,1.2394471,0.5383039,2.5262072,2.1356773,0.024133794,2.2921329,2.796261,1.2862444,-1.2580987,0.17768483,3.9844196,-0.87158895,-0.16186002,-3.087055,0.17363442,-0.3474059,-1.8719246,1.7748454,-2.9910026,4.4139876,2.6215,1.4450244,4.2127867,-0.5525262,0.9958266,3.8949995,0.14245902,-0.9209104,0.6983727,1.4827911,1.667975,2.1310883,-1.1836874,0.18872742,-2.3976083,3.322626,1.9717844,2.716646,3.4296474,1.2543702,1.1176504,0.30469665,-0.39523205,2.1567576,1.3901083,0.8365592,1.0285547,-0.109193824,0.01917628,-2.6038666,3.2340546,0.30709323,1.4587748,0.27220497,0.41318944
4.586521,-1.183442,3.2840276,1.5255998,-0.8196882,1.8494579,1.2898881,-2.9520519,0.5663615,-0.09599401,4.1612124,-0.31090808,-1.4790103,0.8130337,1.5746065,-1.1435964,4.1102633,-2.8555863,2.8667927,3.986715,4.8214498,-0.10451756,1.2314479,-0.4136821,0.2639686,4.7930455,0.4466681,2.9366026,1.3442044,2.437794,-0.30411905,2.3469913,1.8429444,-2.0379906,2.0397384,3.3137934,-1.1598048,2.3575268,1.9569956,1.7031653,1.1057274,1.8925016,2.0160046,-1.9215741,2.2344575,1.260695,-0.7298562,0.06526233,0.48515087,0.3346843,-0.6513578,-0.54540735,-2.6697526,0.110818565,1.4061369,-1.3597316,1.8045567,2.777585,-0.35328007,2.7539208,0.7826371,2.279918,2.0454674,0.82493377,1.8143975,-0.86703795,-0.3500533,1.8131123,2.7078595,-0.89776415,1.2345154,1.0414375,3.4749565,1.1284933,-1.3655555,2.4836988,4.004641,2.879146,-0.7271948,1.9786862,6.0424185,-0.99817693,-1.9508525,-0.51331514,2.9966872,-2.170874,-1.6326969,0.76276547,-4.12505,2.6389797,2.4034393,0.8243653,4.8701468,-1.2124556,0.35838282,3.6178777,0.79157007,-1.1864632,1.3101877,1.4300979,2.3341942,1.6069441,-1.3668921,0.07536782,-2.6723065,2.500712,0.05056675,5.35501,4.512875,2.692772,1.9105827,-0.4703533,0.53482836,1.7485771,1.7276499,-3.161235,3.6646054,0.2325343,0.8798167,-3.724838,2.5804346,2.3296509,0.10939387,2.313081,0.11996056
3.403731,-1.1362737,2.4595013,-1.214407,1.6619533,2.020641,3.8015454,-1.2744249,3.0180228,0.23578529,2.631904,-0.59057623,-2.825473,0.53281295,2.8997312,-1.130883,3.2549713,-0.6208552,2.5923204,3.4882174,1.0598438,1.2527881,2.7395465,1.2359642,0.58821994,4.335304,0.6849345,2.1698563,3.1391842,-0.18229595,-0.48553294,1.3442593,-0.40115657,-0.0724539,3.0178263,3.3596694,-0.865203,2.2132497,2.1875737,2.1141045,0.16388103,2.8095627,1.4306488,-2.4229934,-0.49685854,1.2991347,-0.019029692,-0.15016097,0.7974297,0.28783768,-2.030565,-0.63704187,-1.7439374,-0.075289115,2.7044196,-2.4859886,2.3669775,2.4464905,-0.031007025,3.9096467,-0.6556677,-0.27453822,2.184864,0.29068586,2.6395001,-0.46557486,2.082405,0.6692001,0.93603474,-0.6194328,1.9637712,-0.4730966,4.0690246,2.349078,0.41453126,2.570819,3.1259646,2.8554642,-0.14294806,0.9198232,4.172027,-0.1682533,0.13433814,-1.2163284,0.5545291,0.51646644,-1.7684101,1.3230015,-3.335643,3.977931,2.4973524,1.6635283,5.05892,-0.52203304,-1.4201611,3.3164968,1.4152291,-0.9755396,1.102253,1.2647256,2.857876,3.3271172,-0.49581286,-0.19701104,-2.442051,2.851594,1.2699467,3.765095,1.405814,0.8825126,0.5648521,-0.120151915,0.31014612,2.2799006,1.5134743,-1.2905622,1.982094,1.1333168,0.22104129,-1.7081596,3.7240963,-0.22897941,1.3882494,0.2520845,1.4277502
6.0352077,-0.3077053,3.1134853,-0.6545144,-0.45160565,3.9668453,2.906221,-2.7521396,2.1459846,0.027359562,4.3114486,-2.003482,-1.7182944,-0.12929094,2.2536964,-0.16405785,3.4804335,-2.1439872,2.2698843,5.3593864,1.8557894,0.51118946,1.1325055,-0.6141237,2.4018846,8.21108,1.6892681,2.1061287,1.8182936,2.6121485,-0.3941974,4.9605055,0.979688,-0.020597896,5.407757,3.3013275,-1.1151006,3.2311652,2.9906404,2.1150794,1.8951676,4.67337,3.7376676,-1.7362987,1.5981419,1.6595739,-1.1968977,0.51912,0.94189805,0.41925204,0.92917496,0.30701417,-3.3742337,0.72775817,2.615046,-0.8806242,4.26452,3.1470735,0.083868094,3.6738586,-1.5896816,2.3430264,2.4105666,1.0422702,5.7344337,-1.7881896,1.1182895,0.6775679,2.8552647,-0.27893642,1.7104939,1.29958,5.1929836,0.3246686,-0.7949498,4.123046,6.2838864,2.5729547,0.43515313,0.64459765,5.8136606,-1.9781965,-1.9253435,-1.0043211,0.41385785,-0.9821137,-3.1385102,2.9859612,-4.9094124,2.5925887,2.9712894,0.55362684,7.814736,-0.86643314,-1.996492,4.8745866,-0.41879418,-3.6097736,2.2973187,0.3889078,3.2412786,3.0602622,-2.3607376,-0.032502733,-2.9744644,2.9307868,0.5640115,7.157008,4.22487,5.500928,1.0680201,-0.64155215,0.1485578,2.9414213,1.5483764,-2.054181,5.3062053,1.2146381,1.4358166,-2.8453376,5.501392,2.7677188,1.0040596,2.5003529,-2.6384792
5.9159737,0.48507753,2.5438685,-0.8707077,2.871591,1.8165215,4.490623,-2.4849982,2.8342435,-0.7975916,4.114044,0.041806705,-2.576312,-0.2172535,2.61801,0.32154423,3.6389813,-0.7822771,3.0938385,1.7697386,1.7776972,1.6438352,1.5316653,1.9127285,2.362002,4.1123524,3.410292,0.5832325,2.3450649,1.6853727,0.8341395,2.4142509,2.7486215,-1.5091842,2.8185806,4.548598,0.53170997,3.5936613,1.6002743,2.2456944,2.0990772,2.705771,3.5552726,-2.4714093,2.6580956,2.2105837,-1.0577137,-0.288812,0.5655234,1.1675162,-1.3468825,0.5348214,-2.6236749,1.1617193,5.9974885,0.18774274,1.6503232,3.9375734,-0.5392305,4.86823,-1.5388062,-1.1713552,1.9639113,1.6316353,3.3983364,-2.0760248,2.3110855,1.9340776,2.7105823,-0.3244321,1.7577727,1.1864702,3.328959,1.9137552,-0.13566345,2.6005383,3.6511424,3.629651,-0.6087771,1.541925,5.3309164,-1.130527,1.6403836,-2.3943434,-0.012212638,-0.8744778,-2.3462112,2.6202514,-3.6570032,3.4264941,2.9628274,-0.22221617,4.9127827,0.47110054,-1.5586286,3.131443,0.5637957,-1.5623348,1.8768628,0.4765915,2.654599,5.0817904,-0.84481525,-0.87921596,-1.7094622,2.250474,0.9998305,4.106639,1.2422614,2.6034534,0.24373007,0.732134,0.79840237,1.5203702,1.6518079,-1.1423295,3.329315,0.8189652,0.9378765,-3.4075153,3.9239328,0.26478556,1.3806739,0.74700576,0.58797073
4.338501,-0.64413846,1.8855687,-0.364812,0.19887571,2.0858366,1.1753554,-1.1530782,1.5841374,-0.7450326,2.3031592,0.43709174,-1.8883067,0.74667585,1.5229433,-0.06641976,3.3027222,-1.6454867,1.8885063,1.1674514,3.367401,-0.49436542,1.4576563,1.6211333,0.44226134,4.0203347,1.7436417,2.2657661,1.3580754,1.1451061,-1.0658262,3.6063976,0.24764402,0.8542226,3.2638206,4.0563393,-0.012904923,2.9271297,1.5726647,1.444589,0.6700814,2.346494,2.38073,-2.7302186,1.3653234,0.4172704,0.002868181,0.09703621,1.2860551,2.3094926,-1.5025662,0.24102932,-2.7127829,-0.8814394,1.8871083,-1.0950409,1.7441069,3.1921957,0.4548008,2.406821,-0.5228861,1.2945311,1.5013754,0.99049854,3.5057175,-0.7495115,1.5173522,1.597922,4.0854735,-0.71910316,2.6554902,0.12195356,4.7966547,2.829456,0.020073332,4.894497,2.6423647,4.046884,-0.35343516,1.1238298,5.070936,-1.8575137,-0.92961496,-1.8581657,-0.2511745,0.6683521,-0.68565834,0.45142573,-5.117028,2.5838075,2.0319955,0.18564996,4.4753323,-1.0195316,-0.27293125,2.8062294,0.19352238,-1.535688,0.6458708,1.0974773,1.7421372,2.4847739,-1.060451,-0.0025460187,-0.6111196,3.132533,1.1304778,4.6664786,2.5078151,1.9688324,0.9717591,0.49968383,0.59354746,1.1890628,1.7693754,-1.1060038,2.9825642,0.37325877,0.44149274,-3.2754867,3.31368,2.289931,0.89291406,0.87339026,0.85729903
4.1931167,-0.6002917,2.5545344,-2.1939533,0.87365013,3.1478734,1.6319082,-0.002905028,2.215493,0.5557515,3.0672457,-0.24585518,-2.161213,1.4282445,2.1512146,-1.0226865,3.840566,-2.2392347,2.9759731,2.804789,1.6495293,1.5943109,2.1358087,1.6832846,0.9929774,4.631733,0.88867444,2.2088702,3.4367201,-0.029632855,-1.7111826,2.2585013,-0.28379765,-0.078816935,3.6385865,1.7679539,-1.3862354,1.8574061,1.8274405,1.3859425,0.5229986,2.6340952,1.8154505,-2.4332917,0.56147546,1.2456489,-0.05904933,-0.6979419,1.3466015,-0.60372394,-0.5359259,0.17676863,-0.7238799,-1.1911665,0.7185368,-2.0883813,2.0604,2.1901593,0.45897007,2.1074083,-1.8104281,0.9806599,2.867498,-0.51561564,2.1322212,0.23518054,0.9878372,1.0782195,3.1507108,0.3227268,2.4129078,-0.33651736,3.994475,1.8887892,1.1371193,2.4957952,4.5335164,2.3591232,-0.5713659,0.33950755,4.1681314,-0.88620144,-1.2958965,0.008792821,1.6267369,-0.29953063,-2.47315,0.5303297,-1.9966843,2.2595515,1.6505792,1.9704021,5.9052773,-0.7625524,-0.3959219,2.4455976,0.93848807,-2.12781,0.44275513,1.2057596,2.4052582,2.2278137,0.15400851,0.9971398,-3.278392,3.358827,-0.18990822,5.764316,1.6346571,0.8561574,0.9324146,-1.1003661,1.2250369,2.7082684,1.4158225,-2.87345,1.8974578,-0.2353987,1.2759132,-3.0877416,4.058815,-0.04963979,1.8255069,0.5001214,1.7861212
2.9225612,-0.95681953,2.9002717,-1.6826956,1.5305741,0.8878153,0.9716815,-2.4133818,1.984381,0.4764863,2.0185332,-0.25267753,-2.0055091,-0.6588557,2.788157,0.72939354,1.9642677,-2.325679,1.3117893,2.7849796,3.085317,0.55259985,0.9720715,1.7946651,1.776164,3.9063601,0.5734605,2.13083,2.2406182,0.031511836,-2.4266713,2.2191162,0.6341662,0.37414786,3.857712,3.1498206,-0.76744115,2.2289445,1.6278065,2.7333865,0.17120029,1.6314235,1.6093606,-2.48729,0.9209806,1.6933655,0.74574214,-0.054392077,1.2272347,0.6605214,-2.2147305,-0.17871788,-1.5466475,0.34813926,0.9545371,-0.9197302,2.4243433,2.5495899,-0.38253334,2.747344,-2.3464332,1.6769106,2.2665887,-0.6212354,1.6735462,-0.38399577,-0.39962533,1.6235503,2.6142926,-0.42045462,1.4155838,1.5008641,3.7264645,3.0778873,0.63012224,3.2331023,3.8179905,3.5800183,-0.7535796,0.92412865,6.850555,-1.1040365,-0.20949551,-1.268591,-0.029702988,-0.39792946,-1.3533883,1.3633687,-3.3055491,2.850351,1.54967,1.0839837,5.5756636,-1.0740904,0.7300817,3.2961864,0.7804513,-1.7600139,1.2363579,-0.7165293,2.2847629,2.5477512,0.52175015,0.4465614,-3.0438926,3.1800506,0.92436683,4.640798,3.8526378,2.827189,-1.1640975,-0.36087605,0.92580116,3.6180568,0.6734234,-1.7070919,2.6932771,-1.0474842,0.92138374,-3.7778318,3.4340851,1.7003883,1.6108902,-0.6129826,2.0991335
3.4806674,0.35373217,1.8141388,-0.9129582,0.7198126,1.9313145,1.7417014,-0.90085065,2.9196668,1.2244139,2.997831,-0.86445636,-1.141326,-1.3203706,2.4157507,-0.2529387,1.1355923,-1.3879637,1.697321,3.129447,3.3028982,0.922416,0.5339498,-0.01414077,0.9802943,5.06327,-0.28234142,1.6421041,2.0293179,1.1528519,-0.9633838,1.743212,-0.5511921,-0.7731176,3.3954413,2.0302901,-0.14868283,2.2200222,1.0237646,3.2581253,-0.09965753,1.4495965,2.4387589,-1.6181687,-0.46096206,-0.45938495,0.60862064,0.037883617,2.878709,-0.089357,-1.8879989,0.146669,-1.8099188,0.27546754,1.9890003,-0.5573323,3.058678,2.09607,0.3526716,2.84648,-2.2055001,-0.04992471,0.44094774,0.9285482,1.9564914,-0.16558303,1.2852738,0.4500258,2.2139263,0.315394,1.1461613,0.31918672,4.1892443,3.27597,0.24446154,2.2910285,2.419386,2.4212384,0.19943723,0.4760752,4.620674,-0.80227095,-0.5690921,-1.2772104,0.25347024,0.028847948,-1.6242257,1.0043758,-4.5656233,3.1525202,3.210194,2.0550246,4.1908917,-1.6928638,-0.71836895,3.1284199,1.1711137,-0.8999775,0.94508827,0.7483666,1.9598993,1.1603236,0.60077435,0.48480493,-3.3997746,2.690057,2.948284,3.0914688,3.1324832,2.3379264,-0.008749852,-0.31576717,0.8023091,1.2467908,0.4330596,-0.17249076,2.1847694,-0.023735764,0.592983,-1.681262,4.1715074,2.365028,0.49973422,0.24582176,0.7118951
4.6129565,0.2605823,2.5650465,-1.0213828,-0.070774816,1.5391055,2.6612875,-1.7333636,1.3543065,-0.4556353,4.092298,-1.0916207,-0.3665152,1.1624525,1.6759222,-0.15028903,4.4032874,-0.4001419,2.7475438,3.7661395,2.8603506,-0.32932362,1.3284731,0.054216906,1.9395775,3.2989933,2.564419,1.6950425,0.780208,0.633232,-0.63737196,2.6562536,2.3667367,-1.8940401,2.3586001,3.9478607,-2.2059069,1.2989938,1.706237,1.7258413,1.4662516,2.406445,2.1727738,-2.3416307,0.36236852,1.278321,-0.2722159,0.5810851,1.2452672,2.1225677,0.4179464,-1.437454,-2.0465086,-1.5910904,2.323796,-1.8538005,1.8859944,1.7873846,1.374869,4.381514,-1.90931,-0.22080916,2.34701,0.53234166,3.6545444,0.3592857,-0.19509673,1.7988642,3.5870614,0.42404646,1.2782964,-0.82667774,3.8812895,3.5912242,-0.6138773,2.4222095,3.7667906,3.7033432,-0.3398574,2.0009768,5.5960736,-3.5518193,-0.32553846,-0.39875227,2.410157,-1.0962545,-1.6078438,1.9868673,-3.26535,1.4246806,1.3723602,0.57096493,5.4441657,0.32225925,1.0819515,3.316234,0.5028014,-1.7135186,0.6303092,1.2462616,2.1796534,2.9330852,-1.8393544,-1.256425,-3.6896746,4.088339,1.735308,4.5816126,1.6475762,4.3737607,-0.09310669,-1.1147828,1.6259412,2.0427632,0.061008442,-2.8010213,3.6328251,0.62444884,1.3115201,-2.3224773,3.7721987,-0.44257793,1.3874538,2.2119465,1.8667803
6.382145,2.0641227,2.3646674,-1.2085139,0.7540753,1.2890742,5.018919,-2.938895,2.4941134,-0.4517191,3.900945,-2.66095,-2.5215414,0.1037527,1.338517,0.3967237,2.774205,-1.0148927,1.9802147,0.8960147,3.6217997,0.93182373,1.003418,2.5867553,2.069592,3.5606346,3.2217863,1.4395083,0.9453642,1.2191602,0.9783021,2.6157737,2.6370177,-2.7186637,1.7993816,5.4360566,-0.12444744,1.7226508,1.793375,2.8295634,0.6206528,4.0782933,3.0448897,-0.7924384,2.1033657,1.0149449,-2.622027,0.34367755,0.51827943,3.6536143,0.43830067,-0.026984092,-3.9390123,-0.14395425,5.315185,-0.6212143,2.6580558,5.184109,-0.1553663,4.9238796,-0.733041,0.08198054,2.1359124,1.1727543,4.8931155,-0.64860606,-0.6077391,3.1017394,3.0959833,0.27493224,1.655476,0.4804307,4.714587,3.269761,-0.77619624,2.677557,3.7418432,3.4790812,-1.5796602,3.1821468,4.4662805,-2.02194,1.6224381,-1.3701934,-0.13451302,0.40317807,-1.7909203,2.9300482,-6.363956,1.8282633,2.173848,-0.86709136,4.891535,0.75774056,0.068168774,2.2907624,1.0441829,-1.0992773,0.9651548,0.12368678,1.9025891,4.677474,-0.99904174,-1.6977961,-1.8588573,1.6953902,3.16051,5.8212805,1.311515,4.732418,-0.8170358,-0.34989598,1.1269816,1.7937758,-0.6986413,-1.7261102,3.0116756,-0.1289667,0.7478242,-3.567102,3.4190025,0.3358257,1.3046728,1.5605335,0.18191686
4.616708,-0.016525518,4.4050784,0.46017745,-0.058019612,3.231765,2.1200078,-1.0861429,1.576346,1.7286528,3.310021,0.58108234,-1.0464102,0.5472532,-0.25457063,0.76176715,3.862096,-1.7509633,0.37843055,5.3109593,1.4582399,0.6898002,0.29463223,1.6814667,-0.17682177,4.0493155,1.3924782,1.8085997,2.8290646,0.23840417,0.64994425,3.7271776,2.3728607,-0.6303798,5.180741,5.117396,-2.633095,-0.33920944,2.199847,3.524717,1.4057125,3.7219696,4.3102174,0.7070559,1.9316539,2.9931264,-1.3884697,1.3428545,1.5708252,2.5412385,0.34978664,-1.2647475,-2.75623,-0.7262783,4.420394,0.5842857,3.617717,1.254131,0.8891247,3.6667845,-1.8678628,-1.7325518,2.2492404,2.449478,4.6980395,0.29343644,1.7042359,2.666211,2.2752724,-2.5165923,-0.12859188,2.2698245,5.3873377,0.5567167,-0.9066043,1.2202706,2.280827,2.0356658,-0.636576,2.1863945,3.8578653,-1.2622222,2.084869,-0.5434006,0.1900809,1.2164707,-1.6833848,3.4122875,-1.9283535,1.1596804,1.3312762,-0.5919284,5.558911,-0.5737466,-0.50460595,4.916319,0.76407874,0.8908759,1.8616654,1.5249408,1.9219122,2.3421285,0.43532676,-1.118344,-1.910454,4.251946,-0.4876877,4.5615745,2.6525035,3.6266043,0.80673045,-0.33860338,1.1933041,3.3443763,1.5030067,0.39776996,4.3387494,-0.6035118,0.97035265,-1.6969342,2.822976,-1.7025238,2.4920228,3.737794,1.2429001
4.7888365,-0.20764163,3.2027032,0.22448145,0.7743713,1.862851,0.84042776,-2.8745446,2.0010347,0.85971785,2.6880212,1.8381472,-1.2925142,-0.23261604,0.8672259,1.5099423,3.1214504,-1.3989671,0.9460496,3.5259068,3.4190533,0.90130585,1.1225452,2.4467716,0.6053955,4.2760196,0.20511898,1.2260047,3.1607661,0.49914384,0.34283096,4.321146,0.9966838,0.02841333,5.0448527,5.614325,-1.8322837,0.7666998,1.0512027,2.8200634,0.7393797,2.576391,2.2333682,-0.26853046,3.0747178,1.9789754,0.30142346,1.6647545,1.9877474,3.3791237,-1.290008,-1.6764917,-3.0714233,1.1946167,3.4990022,0.5241784,2.3959134,2.6562595,-1.2731137,4.4169436,-1.4192412,-0.6394774,2.0319839,1.3832173,4.207031,0.55711895,2.0010254,1.3701324,3.0240526,-2.6430464,0.5462733,1.1639946,5.352977,0.6329165,-1.4689815,1.1233605,2.5490396,3.0787542,0.18393302,-0.080003366,5.044118,-1.1253649,1.7292123,-1.7289692,0.513884,-0.010345507,-1.100203,2.6990366,-1.0217634,2.3289087,1.4165367,1.4057808,5.2124987,-0.93294454,-1.3840278,3.6457386,-0.019728463,0.6804141,0.6523559,2.1643271,2.5919342,2.7782176,1.0145776,-0.3664452,0.24369726,3.7450156,-1.2481841,4.4847364,1.9454697,2.1257741,1.6536009,1.2470881,1.9245809,3.1311426,3.4503148,1.4203047,4.137188,-0.16699621,0.4851949,-2.2584429,4.363791,0.086565964,1.329848,3.7029026,0.024674514
5.655505,2.255836,2.6011856,-0.9516678,-0.7492821,3.1350708,3.014407,-1.8220563,2.928124,-0.22775163,2.3300948,0.61551213,-1.1120979,-0.09502328,0.027283004,0.61322224,1.6794671,-0.80757445,0.75064033,2.9700089,1.7088791,1.9419874,1.0226401,1.5287478,-0.9724614,5.050506,0.51328677,1.9772584,2.5551455,1.4623564,-0.1516956,3.8839626,0.6811699,-0.54499155,3.848913,3.0507917,-1.0314053,1.800859,0.36106193,4.140429,1.9454163,2.9674602,4.1637435,0.1306932,1.0627052,0.7874904,0.28015038,0.44472614,2.3806753,2.6571147,-0.28510842,0.2056904,-1.7908654,1.5707529,2.1614096,-1.2958043,4.8772726,2.9413357,0.18430462,4.3500123,-1.4984527,0.21580124,1.5398402,1.0375147,4.848429,0.44565362,1.5935211,1.9973173,1.2441514,-1.2762498,0.2032216,1.1117197,5.058159,0.5074021,-0.09734834,2.6869836,3.0451424,3.3691635,0.97763103,0.28628513,3.4228344,-1.3419757,0.9514512,-1.0755457,-0.40961343,0.8278644,-1.5141749,1.746842,-1.6676407,2.3611906,1.7870991,1.1480503,4.893319,-1.8459303,-1.0622858,4.589235,0.46109638,-0.043919623,1.4110771,2.267888,1.8413187,1.2950554,1.1006696,-0.0042867567,-1.4838046,4.2095504,-0.088645354,4.464533,0.7283072,2.029798,1.2544305,1.6110665,1.1103758,1.1505014,2.9345946,0.6426612,3.6486354,-0.21564275,0.8667069,-1.7797865,3.1357095,0.32692534,1.6884377,1.3836291,-1.1376908
3.9074693,1.219394,2.679553,-1.5615505,0.5779271,2.6780996,3.407878,-1.5119606,2.744097,0.42564023,1.531364,1.3119245,-2.015913,0.20544463,1.2984139,0.79754585,2.9382823,-1.0556111,1.1662924,2.443927,1.5419148,1.7878659,0.9127057,3.5028775,0.9328747,3.492648,1.3470851,1.3123386,2.665398,1.2429273,0.1857073,2.5231361,1.0330586,-0.31245795,2.8600528,4.2289124,-1.5131491,1.0248492,0.90966535,2.4860983,1.6065438,3.8593976,2.8364627,0.09048092,1.7043895,1.2946885,8.985866e-05,0.4679455,1.6863467,2.5762599,-0.8445465,-1.9888831,-1.188806,1.0905017,3.5982287,-0.39212096,2.9115932,2.4060879,0.241105,5.338022,-2.206104,-1.4790899,2.3343086,1.2392961,4.500689,0.56287766,0.589745,1.8944712,1.2616603,-1.9852325,0.6904057,1.4878687,4.002916,1.199283,-0.35461968,1.242875,3.18609,3.2694461,0.7843265,0.9848793,4.3751807,-1.3785912,1.1666554,-0.8998965,0.46331003,-0.14784032,-0.3366874,3.200638,-2.106431,2.5681098,1.4486393,0.7664687,5.1436305,-1.372944,-0.44028747,4.294595,0.45826963,-0.30989283,0.81802773,0.9071156,3.1475835,2.328636,1.374999,-0.50658804,-1.6415563,3.4509842,1.0167367,4.0521526,-0.3236313,2.2897396,0.19437724,1.3617159,2.1278403,2.606276,2.7449913,1.0314764,3.819272,-0.68197143,0.8202571,-1.9243236,2.9213207,0.0020623542,2.0913324,0.79146826,0.45526898
4.048951,1.6643091,1.3762281,-0.7029833,0.6593491,3.439526,2.150885,-0.8881863,3.457701,0.71583617,2.3108528,1.1517813,-1.2300352,-1.0993402,1.7791301,2.078272,1.0908874,-0.23254855,1.4739864,3.9209669,3.0480032,2.015034,0.11086613,1.7147193,-0.12554441,4.457547,1.5175697,0.9440535,1.0800341,0.6800152,-0.842262,2.9032469,1.5848081,-1.3732177,5.2025733,3.348637,-1.5916333,1.0776012,0.74244124,3.432932,1.7550954,2.3299932,4.025864,-1.4413555,1.5159366,1.6301484,1.2237357,1.5250685,1.541335,2.2350519,-0.5413965,-0.41513127,-3.2914336,2.224671,2.4089682,0.28698197,2.5680566,2.7601042,-1.8555003,3.1725888,-2.1440544,0.58868515,1.651359,1.2710859,3.8848941,0.5093739,1.4903644,2.147323,1.9710481,-2.8504639,0.37566182,2.4706302,4.3213105,2.1433344,0.098119736,3.308981,1.9264697,3.6881926,1.2735934,-0.44530958,4.0919275,-1.0371834,2.6044512,-1.727648,-1.7570297,0.43367785,-2.3394058,4.2191696,-1.7482116,1.3383509,0.8063665,1.2624133,5.6938443,-1.5883096,-2.4443405,4.5698605,0.25513628,-0.23514394,2.0154917,0.6168767,2.684741,0.5055272,0.019234885,-0.78016955,-0.8255827,3.133524,-0.7042335,4.8974695,1.3479103,0.07572435,0.20435283,0.54532164,1.0246656,1.9825975,1.997513,-0.7183154,3.8361704,0.26563445,2.4803843,-1.8044051,4.0798182,1.3707929,1.4780393,2.1650505,-1.046627
3.9523838,-0.0893933,1.8422623,-0.9220866,0.31521833,2.161675,1.5646771,-0.36488226,2.1580358,1.2203679,2.544347,1.8715335,-0.93906784,0.91767263,1.1845609,-0.31204268,4.221712,-0.50961506,-0.015540734,3.2604709,1.2759924,1.5510796,1.4223567,1.987141,0.022194708,4.415264,0.9340035,1.4101657,2.8271492,0.99201983,-0.5272634,3.7399266,0.11391288,-0.054613285,3.332207,3.4527614,-1.2776524,1.2095922,1.7373176,1.6748233,1.6629454,1.3025119,2.582371,0.36566705,1.9307541,2.4868858,1.233036,-0.40975863,2.3903694,2.083213,-2.282905,-1.5098403,-2.4583242,2.2493165,3.1830866,-1.9648694,3.9087105,3.5707839,0.053801022,3.8223782,0.5834076,-0.44816685,2.0822668,1.061321,3.4126074,1.9367797,2.3216097,1.2834065,2.0941782,-4.2583222,1.4052819,2.2487922,5.43136,1.1538707,-0.40247568,2.7776854,2.091365,3.155623,-0.20644504,0.083572835,4.9692264,-1.713533,0.43502307,-1.3708739,-0.6307244,0.5428719,0.2959452,2.5964346,-2.398772,4.6549177,3.2111018,1.1834842,4.4064655,-1.3144742,-1.362577,3.941338,-0.49521464,0.479391,1.0580368,3.0655954,3.123715,2.8194244,1.2585683,0.5436907,-1.1519451,4.962393,0.5735034,4.1590757,1.7636389,1.6271883,1.3956388,1.0984399,1.6672146,2.1477153,3.0764132,0.9063368,3.7331474,-0.47772357,-0.31776816,-2.167944,2.6855845,0.59275526,1.0769249,2.1336365,-0.12823005
3.6723611,-0.22455922,2.2708008,-1.0087872,0.98109275,3.5591164,0.56236875,-1.5113757,2.7457333,1.2585503,3.1931865,1.9382691,-1.9675276,-1.3819624,1.8476707,1.3765632,2.092989,-0.8157654,1.0231143,5.00453,1.0649846,1.6084371,0.978716,0.8834988,0.19293748,4.843836,-0.099614985,1.3258729,3.1107945,-0.04874831,-1.0881268,3.5521388,0.6841068,-0.12545747,5.205834,3.9429066,-2.6261046,-0.03288725,1.2154926,4.000419,0.68770707,2.2679694,4.415862,-0.15516417,2.2158937,2.988053,1.5825404,1.0454103,2.3813825,2.1363544,-2.3449252,0.30041504,-2.5595064,0.79648674,1.7716029,-0.7620523,3.3830352,2.4428222,0.20750596,4.1701884,-2.5914302,1.7036632,1.9675099,1.0590653,3.6591988,0.6209201,2.9803994,2.6079636,0.7671649,-3.448034,0.7128112,2.0660694,5.602242,1.8848962,-0.810459,2.1908405,2.111602,2.3036854,1.3921885,-0.7764491,4.5903554,-0.2557027,1.2895145,-0.9888327,-0.73444766,-0.50729454,-1.3857591,3.5242987,-1.8870555,2.4167955,0.4819212,2.8282971,6.756297,-1.5775188,-2.4981244,4.953743,0.30547997,-0.23610482,1.3954713,1.2701104,2.600119,1.0519202,1.4529512,-0.41490003,-2.5254207,4.624315,-0.5462067,3.6769135,2.7973146,1.3297826,1.3047497,1.4370793,1.0758553,2.8297255,2.6571603,0.8881455,4.415009,-0.0094389,1.0303904,-1.5191109,3.838169,0.9893429,1.0617287,2.1465294,-0.5608286
4.450489,-0.23229101,2.6551857,0.9252619,0.45447505,3.2787158,1.7092087,-1.1276457,1.425405,0.89818364,3.4256327,2.18492,-2.1514442,-0.21706758,0.5990765,0.23678291,2.7587337,-0.86558706,0.67783237,4.3494983,1.0114572,0.30081004,0.2884764,1.8447726,-0.312838,4.854041,1.6275448,2.1087236,1.9432282,1.1298507,-1.2890694,2.5732486,1.9018449,-0.23556703,4.805253,3.0456572,-2.3061218,0.9533335,1.0184261,3.119779,2.5916657,0.64525676,5.329114,0.25242803,2.5045807,2.6403298,-0.04811879,1.3038849,2.832481,1.5617135,-1.4403473,-0.94310975,-4.558978,1.0360794,3.1295216,-2.3012807,3.4975982,3.8489773,0.100382224,3.622876,-1.465814,-0.66171664,2.1501255,1.1260141,3.732815,0.70476824,3.2894292,3.165875,1.5388136,-3.864498,0.0038569663,1.7797127,3.5739758,1.401097,-0.25626215,3.781797,1.1925247,1.9814885,1.6818151,0.5476969,4.7371264,-1.0305014,0.6660175,-2.5291383,-1.8806319,0.9637134,-0.7411096,4.2088532,-1.6282758,2.898128,1.6844994,0.5184915,5.103,-1.6325369,-2.160501,5.064804,-0.8002773,-0.64320487,2.2290864,1.7113571,2.3982773,2.2736702,0.044794507,-1.4764786,-2.5287597,4.525616,-1.1764027,3.7709665,2.9698043,1.3704956,1.5954283,1.2988794,-0.32268938,2.901476,2.8700187,1.2310694,4.0380363,0.2024074,1.2771789,-2.2014134,2.9239051,-1.2854972,0.929861,2.8595583,0.28368518
3.3927262,0.06941515,3.2108843,-1.3310395,-0.88894933,1.6592299,0.7387162,-0.97339743,1.9653562,0.9606299,2.0010493,1.1574785,-0.62844443,0.28896433,0.72724813,1.6212678,3.201357,-1.1766396,1.2680955,5.1863837,1.8683544,2.411341,-0.06568816,0.96109414,-0.57434833,4.184775,0.71760494,2.497631,0.98365325,0.4931524,-0.8367045,3.4187822,0.31104243,0.37167847,5.0511136,3.401961,-2.822588,0.6903337,0.9024233,2.2870471,2.461712,2.0097911,3.1566217,-0.23542559,1.2990426,2.6443899,1.5753679,1.2821916,1.8927903,1.6783159,-1.6147945,-1.7537053,-1.0852872,1.2230582,2.494567,-1.0715829,3.1469398,2.1384428,-0.8264811,3.7449071,-2.3595922,-0.30819088,2.374714,1.4261285,2.8979926,0.4717319,0.5271059,1.4489453,1.3917754,-2.1995726,0.39525995,2.2255425,4.725493,1.433863,0.89750946,1.8918738,1.9871075,3.88384,-0.12956475,-0.29702872,4.869802,-0.84170085,0.8228975,-0.6520926,-0.81998575,0.9700608,-0.82966894,3.3985567,-2.2394438,1.6235193,0.3601128,1.649755,4.761391,-2.3511136,-0.20423299,3.0420673,0.14646979,-0.49187478,2.6782835,1.1980108,2.4431155,1.1853883,1.7177691,0.12295513,-2.760503,3.8083086,0.19546832,3.1477728,1.127314,2.1468384,-0.31666744,-1.4833236,2.2875853,3.2789562,1.6965017,-1.3499207,2.8538005,-0.78550756,2.3558652,-1.6817816,3.0900292,0.044226,2.586963,2.2697093,1.361424
3.533544,1.2255704,2.015712,0.48464885,0.3326518,3.797958,0.18142831,-0.9475019,1.4137652,0.9425376,1.2676666,1.8370637,-0.5365192,0.059009947,1.8052732,1.1954726,2.934451,-0.9568898,1.1306758,1.8107697,2.686827,1.4910095,-0.94083685,1.3136001,0.008753431,3.3074615,2.4382389,0.82078075,0.7238699,-0.51789343,-0.8326345,2.915765,1.2291695,-1.0626062,4.849932,3.4823918,-1.2250092,0.65254664,0.66341627,0.5987863,1.0458809,1.3105994,1.9436886,-0.082210466,2.2963452,3.1434035,1.1440372,0.6700496,1.4588872,1.7994503,-1.210311,-0.89380985,-4.5434704,2.3771665,2.0275779,0.6206641,1.5107522,3.0520284,-0.8562289,1.8460984,-1.8607795,-0.660873,2.9006114,0.31425625,2.8534842,-0.20073955,1.8910633,1.4697714,3.6278052,-3.3639643,1.6826575,2.4236665,3.2833755,2.5248845,0.105533816,2.9461374,1.9541222,3.2636383,1.2950913,-0.29240385,3.7630544,-1.2937012,1.9771879,-2.71097,-1.779286,0.6150735,-2.141419,3.0870688,-2.1166716,1.3538896,1.628966,0.11532758,4.5338674,-1.6175718,-3.4676163,2.8139832,0.9211217,-0.5509464,1.8424606,1.3818086,3.332186,2.3982863,0.45120165,-0.31744584,-0.8651525,2.957513,-1.1424167,5.6511273,2.160685,0.25446936,0.1340797,-0.06636926,1.0856346,2.101374,0.67703825,-0.5216007,2.443661,0.18954876,2.5797162,-2.072233,3.834772,-1.2846595,0.57499063,3.2927678,-0.367638
3.3584764,0.1446979,3.6497915,-1.4899688,-0.08756551,2.7290092,2.5362048,-0.8849606,2.2294948,-0.10649441,2.4247787,2.231948,-2.096736,0.8538644,0.7800753,0.38222313,3.6851673,-0.07416048,2.460895,3.8877037,1.4006538,1.2378745,1.1685013,2.9683433,0.20644651,4.1966887,1.5880488,1.4135906,3.1718073,0.0746253,-0.59839994,1.4950902,1.0538392,-0.029774535,4.477507,4.3415937,-2.8256977,0.9848462,0.20652145,3.2862446,1.3983585,3.2362888,3.2803545,-0.75448185,0.71485984,3.2148936,0.6317894,1.719733,3.3603678,2.54771,-2.0708094,-2.543386,-1.7123744,0.23974854,2.2271132,-0.81735605,3.313822,0.9527599,0.5565816,3.9656708,-2.541795,-1.1760734,2.7892218,1.2690662,4.1250467,1.7222267,0.76435107,2.981048,0.5961668,-1.7078633,1.1864619,1.5800742,6.0353136,1.8061242,0.57268596,2.8827934,2.5125437,3.4158077,1.7777405,0.5707488,4.499997,-1.3852515,1.6527553,-2.1431034,-0.42065784,2.0074,-2.3245943,2.6663513,-1.3190299,3.057431,1.6713699,0.43331885,6.5008287,-2.7347941,-1.3617493,4.653874,1.3709753,0.27054745,1.9521111,2.0811703,2.9325006,1.2134151,0.2988036,0.011011383,-2.7978883,5.7405415,-1.2291608,4.3476315,1.6165923,1.6842023,1.6389292,0.39473864,1.6698785,3.0205255,2.267732,0.18222849,2.1390777,-0.16815908,1.4948735,-1.3464239,2.4624379,-0.90842164,1.765913,2.036491,1.7910972
5.466133,1.2832557,2.8473215,-0.7091113,0.99279386,2.6706738,4.894659,-2.1227083,3.4526346,0.27547908,4.6393557,-0.666663,-2.1875565,0.41884717,-0.3288213,0.74089825,2.4209337,0.047523506,1.1342646,2.2247248,0.81463903,1.496109,0.99730974,4.037718,0.64314395,3.7516062,2.5342386,2.1487448,2.4396448,0.15353355,0.010526689,1.867984,1.0741062,-1.439643,3.5178506,4.497897,-2.1711447,1.1436782,1.7486134,3.272539,1.9746207,4.5194216,4.0218544,0.0121540725,2.4695039,2.2768106,-0.5874827,1.4440551,1.7539904,4.4155073,-1.4150901,-0.07885884,-3.0003746,1.3556391,4.846337,-0.70754707,2.708283,3.8874228,-0.71217966,5.116886,-0.6574813,-1.043287,2.541048,2.0097468,5.091905,1.3563069,1.7255522,3.776614,1.6798601,-1.6794081,0.8584886,1.2834802,4.906421,1.6988779,0.6067965,2.3850706,3.0698051,2.9665995,0.103799276,1.5462348,3.9575334,-1.4525625,2.4329586,-1.5582922,-1.1640812,1.9059291,-1.2545732,3.2183223,-2.0633597,3.2819097,1.9510078,-0.46558398,5.244405,-0.3135331,0.28381026,3.8324459,-0.21297453,-0.056657657,1.0664262,2.0578372,1.886373,3.2588506,0.7591846,-1.412601,0.1544899,4.0324187,1.193269,5.0556207,0.7433261,2.2583048,0.26830822,0.81593966,1.0401154,2.7911901,1.059057,0.53706616,3.2417643,0.16900203,0.45543766,-3.0138679,3.2497878,-1.7284862,1.1943947,1.1224384,0.5694796
4.745922,0.0399357,3.2924395,-1.0216614,-0.3384106,1.9199591,1.8956335,0.099584,1.9055275,0.029084057,1.9759444,1.5904287,-1.2499313,-0.10467202,-0.76694787,0.7596652,3.3988376,-0.7043136,1.3306007,4.04425,2.3218122,1.1232929,-0.21667479,1.6623739,-0.34549734,3.4530156,2.26089,1.9385805,1.4642935,0.6445718,-0.72969186,2.2273512,1.4378152,-0.87758553,4.3289185,5.0422,-2.2653353,-0.026053715,-0.37286332,2.3300476,2.3758879,1.7639533,3.154348,-0.68356466,1.8998116,2.2595313,1.0632893,1.043466,1.8217764,2.309281,-1.137463,-1.3376478,-2.4047885,0.95364445,2.6140914,-0.79590034,3.270953,1.4084932,-0.29000646,3.9497826,-2.4664357,-1.6461128,2.3535028,1.5959088,4.5480704,0.6732596,1.308374,1.7942545,1.9863253,-2.6617258,0.7128267,1.3360388,4.9091806,2.5507543,0.23256806,3.0914788,2.4246027,4.217849,0.99325347,0.08503586,4.062579,-1.3495846,2.0127082,-1.869376,-1.0354407,0.38402966,-1.7176162,3.4053013,-1.8009185,1.5770991,0.47340804,0.7478635,4.8272347,-1.9685495,-1.0425104,2.7679276,0.2815452,-0.42319378,1.7992803,2.0491743,2.2916956,2.824235,0.43643662,-0.5003207,-2.418264,3.507625,-0.25763583,2.6883934,0.47328025,2.7074187,0.021180581,-0.11289929,1.7003736,1.446647,1.1646152,-1.1924287,3.4512646,0.10544601,2.3126433,-0.09967761,3.2401533,-0.3057015,1.1693851,3.6071887,1.5096841
4.1637607,2.7488635,2.5337577,-1.8989176,-2.1504078,3.0472379,3.16113,-1.2075679,2.0987873,0.24703684,3.044401,0.4974309,-1.6197183,0.87551665,1.192105,0.80747074,4.941456,0.22257288,2.0941014,3.5913723,3.270542,1.4527457,0.58188,1.5822065,1.8575128,4.433096,3.4432776,0.5705854,0.85560036,1.2733289,-0.5337243,1.5480105,1.0239679,-2.4295154,4.403821,4.1890297,-2.76214,0.45558846,0.9537219,2.1260254,2.4652872,2.7039425,3.2999794,0.20465006,0.77616096,1.3745277,0.46730414,1.694742,2.697312,3.9949534,0.57617706,-3.2424116,-3.2711427,1.338538,2.783205,-2.1396673,4.4696765,2.8066945,1.2805306,3.6541903,-1.8127406,-1.0174394,3.7350974,1.6714945,4.689796,1.9332043,-1.2790415,1.3122239,3.3000507,-1.4057068,1.4851105,1.9992691,6.314183,2.1775398,-0.4159839,3.457523,2.1841946,3.9858596,1.0258638,0.17609997,6.0786405,-3.3314102,0.8538957,-2.062617,-1.2102145,1.5728763,-1.1662438,5.200844,-2.037913,2.449687,2.5865185,-0.24242146,7.0481,-1.2280368,-1.8196933,4.612543,-0.74347365,0.07351936,1.5451012,1.0869771,3.4878993,1.6344302,-0.7701388,-0.8603708,-2.0612135,4.347545,-0.18365431,5.951256,1.0650531,3.0176091,0.17847405,0.060875762,2.3625536,2.1182463,2.2518694,-1.4342976,5.0680594,-0.723105,2.380942,-2.5246036,3.8256788,0.3402248,1.4373319,2.4855804,-0.72324187
3.8709853,0.9694314,3.3126771,0.86257976,-0.52408916,2.7294748,2.0319402,-1.6093223,1.7373378,-0.45895487,3.4305499,0.82605785,-0.8350532,-0.56113714,1.1314689,1.5829127,2.4344313,-0.39564362,1.4699296,3.9544833,2.3621693,2.070012,-0.17177741,2.4860222,0.4361577,6.227231,2.5110538,0.6169363,1.3864943,2.4408722,0.48030892,3.016195,1.5614862,-1.4612803,6.0826178,3.20347,-1.3506647,1.225075,1.5961014,2.930927,2.9360552,3.2907295,3.0977988,0.48474354,2.4660466,1.9826186,-0.015359122,2.8918424,1.7365059,3.378467,-0.37141943,-1.4392709,-4.259295,2.1430726,3.3586037,-1.0532147,3.5324092,2.955754,-1.0839556,3.4919798,-0.75983596,-0.5901728,3.2640991,1.6016,4.3319383,0.7010976,1.3483943,2.600955,3.1682782,-2.3012698,1.1812953,2.3352005,5.1335306,-0.021555465,-0.7997045,2.7536836,1.7859714,2.2704473,1.6989828,0.6720961,4.998021,-1.6991276,1.0663558,-2.904192,-1.9771197,0.43255097,-1.7728623,5.079299,-1.3688756,2.7426734,1.8292409,-0.66723263,6.2703457,-1.409839,-1.8783052,5.8771825,-0.008161746,0.39064398,1.7040482,1.9573768,3.2340417,1.7094656,-2.0536523,-0.8140372,-1.4479661,3.5721598,-1.874931,4.862682,3.098589,3.5401506,0.15907605,0.8621504,0.34516668,3.4073222,2.756966,0.36292365,4.822525,-0.36310902,1.5272518,-2.0277538,3.977317,-0.9563025,1.7803066,3.0081203,-0.20425881
3.757376,0.9255404,2.7722526,-0.4645653,0.048505157,2.373877,0.98153895,-0.8712826,1.5976298,0.788652,2.3251436,1.3268657,-1.469635,-0.3265221,1.3606871,1.7410152,2.662319,-1.5539057,0.6968973,3.7664835,2.1059911,1.4673467,-0.2990268,1.1862284,-0.29493782,4.357186,1.1328317,1.093314,1.7502664,0.6188687,-0.780132,2.2990587,0.4371345,-0.52989846,4.385944,3.7908142,-1.5650688,0.033409387,0.8755173,3.098494,1.381692,1.993352,2.4151769,0.2517225,1.09465,2.3011637,0.6837262,0.87195206,1.8354126,2.048547,-0.60659975,-0.92627704,-2.5231,1.2373927,2.3474262,-0.24549866,3.5310965,2.291037,0.35039657,2.3755674,-2.2272594,-0.85953045,2.0391054,1.400071,3.006989,-0.11440321,0.97786933,0.9884168,1.6770473,-2.0650444,0.30386317,2.4296842,4.711388,1.6663405,-0.123925395,2.681455,1.771403,3.6184146,-0.2886175,0.23003802,5.384407,-0.7632434,1.5533077,-1.0123616,-0.8331425,0.57034886,-1.012969,3.1696353,-1.9955474,2.1813369,0.5980933,0.8830239,4.206457,-0.9037085,-1.0844163,3.5572515,0.73207164,-0.5913695,2.6107612,0.14279628,1.5787152,1.5111465,0.94857705,-0.35560256,-2.0499928,4.2889614,0.15748143,3.2435348,2.0105035,2.3148875,-0.37599275,-0.3056195,0.97898453,2.1689615,1.3722758,-0.3742333,3.67479,-1.0413477,1.5935699,-1.9458709,3.807466,0.3023999,1.2583647,2.4139736,0.15453176
3.5959537,0.06610392,3.5600626,-0.08075473,-0.6530285,2.114997,0.62914497,-1.7141874,1.7268875,0.5908994,2.2622917,2.6279078,-1.2939554,0.3576162,2.50716,0.8786976,5.0587745,-1.480868,2.3322592,4.0652227,2.9359586,1.9715413,0.9312261,0.6002188,-0.86241776,4.7419333,1.1360322,1.3800937,3.6897323,1.7067746,-0.8908565,4.208927,-0.43108293,-0.5669013,5.235355,5.02444,-1.2346002,0.9017069,0.7358818,2.20719,1.2165738,1.7870461,2.4674308,-0.3918646,1.528626,2.709595,2.6035542,0.49733052,2.6344643,1.7102369,-2.8899038,-1.5343733,-2.0001936,1.6910518,3.3076384,-1.4476025,3.3850365,1.439625,-0.12309158,4.1069813,-1.5313686,-1.2096391,2.791584,1.2331789,2.7297125,0.17074348,1.7169403,0.5201917,3.4644427,-2.3405516,1.5263715,1.4777812,5.181494,1.1919048,-0.74444693,1.6316342,2.1049721,3.483434,0.40216422,0.31773537,5.8482447,-0.4457658,0.8782198,-1.0795286,-0.22828023,0.629802,-1.1027138,2.2577543,-2.2211258,3.1994064,2.3478165,1.9379059,4.869466,-1.912078,-1.6275612,4.086636,0.49939868,1.797317,1.1252469,3.163056,3.5761232,1.924539,1.7511584,0.6336404,-1.3452052,4.122572,-0.8425765,3.543481,1.383177,0.84127796,0.10570657,-0.619548,1.2551452,2.551434,3.4648006,-0.042199157,3.6787877,0.19242127,0.27771932,-1.5541639,4.1131444,1.4752665,2.294464,2.1218166,0.35246694
4.998463,0.668411,3.305435,1.1584505,-1.2540542,3.3466017,2.1857312,-1.7354938,2.3933456,1.7504777,4.5871754,-0.6367607,-0.86512214,0.3399866,-0.36827886,1.9841214,3.1355927,-2.6830852,2.067393,3.5723505,3.7994926,0.8689785,0.6134004,2.8464456,-0.49721318,5.7496524,0.59137493,1.3588538,2.4937158,0.58299917,0.8053701,3.317126,0.008079153,-0.5791265,4.135645,3.7590714,-1.967128,1.5130063,1.9660687,2.2082348,1.8382581,3.6376958,3.9382179,1.0745609,2.6141207,0.89052314,0.71035504,1.4957241,1.1449927,2.8994172,-1.2848715,-0.47404215,-2.2624454,1.0938667,3.56191,-0.046539158,3.0863173,2.8502207,-2.0176234,4.750352,1.2045847,-0.60014033,2.3616562,2.2239242,3.4782226,1.8061519,2.061355,1.7339492,3.244172,-1.2596854,0.68131596,1.3708527,4.3156223,2.036598,0.21566749,2.0636137,2.1898797,2.5177064,0.2813719,-0.088716924,4.231879,-1.2045041,0.7549056,-1.1850592,-0.848216,1.3289475,-1.34733,3.486385,-1.4024599,2.6029944,2.3705678,1.0516973,6.5294156,-1.1769472,0.18402046,3.6447656,-1.131004,1.8884149,0.25886202,2.9409785,2.500098,0.75122136,0.57906103,-0.3022653,0.25545755,3.7256813,0.57029974,3.4178703,2.3474054,2.5347621,1.0906954,-0.00033856556,1.6557211,1.3861805,1.4103045,0.038548633,2.789283,0.9217976,1.0419014,-2.097731,4.41951,0.54700977,1.3785347,2.5344129,0.06922338
3.8875585,-1.4236742,4.2446404,1.3632579,-0.8076085,2.6936536,-0.03636896,-0.9087439,0.6630833,0.09596061,2.9258964,2.1275885,-0.869733,0.037869424,0.2654674,0.89946514,3.595334,-2.3982775,0.9984385,4.0440364,3.0932071,0.38523272,0.78885216,1.3270354,-1.2233555,5.357195,1.2508055,2.2752473,2.7621984,1.6948174,-0.610478,2.7985077,0.78264,-0.4163638,4.704299,3.5853553,-1.7500972,1.515677,0.70273143,2.079884,1.8479486,2.1773763,2.1853805,-0.19320965,1.8110603,1.730327,1.08596,0.93403727,1.4341689,1.0689929,-1.3230643,-0.6262686,-2.8800428,1.1078402,2.8520107,-1.4443219,2.2398188,1.4857979,-0.065200195,3.3192298,-0.063403115,-1.1329169,2.2024393,0.71944916,0.67586124,0.1271442,2.0242019,2.0589201,2.724491,-2.0745888,0.112895064,0.30760908,3.4733827,1.3970473,-0.18305786,2.4212058,1.7919886,2.7564912,-0.51640135,0.96906316,3.679793,-0.9129336,-0.043972082,-1.1278718,1.202874,0.20985053,-0.74194586,2.3618467,-1.5673926,2.2281759,1.7012445,0.5388946,5.3324943,-1.2080159,-1.6799134,3.3129013,0.90033555,1.4385785,1.7127061,2.0039868,2.6374586,0.9756642,0.08043244,-0.6685271,-1.7398257,2.8857527,-1.0649396,4.027855,3.0711093,0.8610958,1.4057462,-0.67482185,0.37684456,1.6613125,2.5505059,-0.6104031,2.7415833,-0.09876338,2.155055,-0.9405492,2.0805016,1.341207,2.1293178,2.7017019,1.4345348
4.962848,0.26757988,4.3552537,-0.86120486,0.8609691,3.0049357,3.0864775,-0.40623948,2.5338845,0.327224,3.3748248,1.1394978,-1.7103932,-0.84315765,1.0193862,2.1664712,3.8884332,-0.8633292,0.51083785,3.5091953,1.5197916,1.970995,0.012095399,2.8069224,0.6951676,5.160261,1.9766093,1.3914884,2.4626849,0.18704073,-0.7637565,2.4552803,1.4367112,-0.72157,4.9254336,4.7919984,-2.1075501,0.06850662,1.2555317,3.2270103,2.5574148,2.6378598,3.599143,-0.2821215,2.3917873,1.4303608,-0.45588413,2.0188398,2.5359569,3.5815504,-0.7709608,-0.456645,-3.561115,1.5480253,4.43953,0.29763672,2.64949,3.3138666,0.6330235,5.057333,-2.9353538,-2.400175,3.1692595,1.1496965,5.699354,0.42752457,2.9793475,1.2945302,2.2513018,-2.837505,-0.19069837,1.8108662,5.478132,2.3856716,0.13161242,3.1370413,3.7203455,4.001016,-0.2666814,0.95919067,6.1939526,-2.306477,2.806156,-2.7294831,-0.71185964,1.0938933,-0.7287339,4.6535406,-0.8785865,2.4420066,2.0939794,-0.09558076,4.6647143,-0.76234233,-0.35025802,4.3312297,0.9010476,-0.37196693,1.7206073,1.1486639,1.9160994,3.7491748,0.5539607,-0.85729706,-1.3200936,4.786786,-0.12826648,4.8567185,1.401556,1.5175633,-0.047475833,1.1997571,1.2674943,3.111574,2.750589,1.155124,4.4107027,-0.84673846,1.0578127,-2.2824042,4.3467727,-1.1435634,2.4752848,2.8752131,0.9464169
4.812373,1.1666235,4.327817,-0.3953237,0.93709373,2.7490969,2.205738,-1.949125,2.5525458,0.24283884,2.4629412,1.2708272,-1.2572968,-1.0575663,1.1784037,1.9005584,2.655376,-1.0890788,1.3400453,2.5882611,3.5177617,1.4370033,0.5027266,2.1981862,0.8377488,3.9624226,2.2631004,1.1854469,3.8744965,1.0574579,-1.6822232,2.272352,1.457648,-1.3930956,4.4530873,6.0189767,-1.7853409,-0.2713972,0.07237424,3.4993258,1.1272587,3.2997825,3.5323837,-1.426955,2.5612493,1.7248122,0.43909895,0.92584664,1.7146899,3.116622,-0.15643832,0.16755094,-2.7638838,1.1420475,3.651348,-0.30954766,2.2029324,2.8861768,-0.28833228,5.159785,-2.5744874,-0.863298,2.1071405,0.7737578,3.787316,-0.66224074,1.3348817,1.2663972,2.6340885,-1.7016174,0.024603965,-0.05463361,4.46823,1.5972426,-0.5439135,2.4100876,2.532484,2.9915953,0.3613037,0.3784191,4.822521,-1.5432644,2.9678745,-0.9825791,0.17840442,-1.2549589,-0.94187397,1.5384711,-1.4978768,0.7294282,1.148769,0.44530582,4.891471,-0.493567,-2.2992928,3.3843207,0.060979012,0.33399206,1.7158734,0.7136286,2.17415,2.322433,1.020191,-1.8672674,-0.93297243,2.7692263,-0.48864707,4.198507,0.98442847,1.3215932,0.758057,0.43321913,1.3274388,1.9964232,2.8136058,0.034651272,3.8389397,0.6222828,0.7203454,-1.611537,4.48276,-0.6460848,1.0216807,3.0244856,0.15999937
4.374716,1.1254132,3.4241111,-1.8545274,-0.092472374,3.5077171,2.2025824,-0.4958591,3.597685,-0.15804307,1.8007824,1.2291939,-1.5817355,-1.303382,0.6204946,2.0611713,3.9786751,-2.231696,1.7967216,3.5883245,2.1945405,0.7775753,0.042302445,4.077115,-0.21625549,4.148188,1.355668,1.7820235,3.8629732,0.56671625,-1.1300235,3.077021,0.9473838,-0.56448454,4.5152445,5.5460777,-1.7963318,0.4465351,1.1298652,2.98313,1.3992978,3.1932046,4.201649,-0.5686412,2.3701782,2.5523849,0.5826254,0.45463544,2.4731846,3.2872694,-1.9540925,-1.0128393,-2.5966487,0.070597306,2.7303658,0.73886293,4.9425907,2.8972387,-0.13660087,4.3465686,-3.6976938,-1.5535514,2.7993317,1.3137903,4.3028717,0.71962094,0.6277525,2.8314312,2.0397573,-1.8282981,0.5068945,2.688821,5.13447,2.8015103,1.2545961,3.191142,3.3952067,3.8331635,0.9633612,0.25220972,4.833083,-1.322091,2.1443763,-1.5006208,-1.2642996,0.4979741,-2.291215,4.0792003,-2.6336331,1.5834607,0.91568094,1.3943316,6.186608,-2.0830238,-0.035257675,3.7939353,0.7650968,0.30493116,1.1311164,1.673804,1.6641908,1.9797237,1.0913085,1.2388836,-2.292169,3.8865657,0.07353951,4.3127832,-0.60121983,0.26559937,0.05728158,0.48940253,1.5007607,3.8256464,2.7475746,0.0937218,2.7321444,-0.43007123,1.0495017,-2.3152306,3.7088783,0.30150053,2.5207374,1.8496846,0.78487736
4.2487736,1.0343437,3.2418113,-0.29638043,0.28144512,3.0157206,3.1108844,-0.90132856,3.8318489,0.52960306,3.3317916,0.5709259,-1.2407023,0.5938707,0.12763038,1.1190963,4.420624,-1.4210334,0.9580329,2.9676387,2.032984,1.9401913,1.3983791,2.5137382,-0.36376116,5.740568,0.7278327,1.3295041,4.044466,1.8107976,-0.13391924,2.961543,-0.054605342,-0.3761393,3.8045444,3.662333,-0.8993838,2.1731682,1.9049451,3.6372721,2.0557764,2.2901697,4.3709545,1.8382866,0.8700997,1.4574023,-0.61912364,0.13517943,3.116414,1.3090851,-0.6560588,-0.6143428,-2.117787,2.0423484,3.4825692,-0.94604903,4.5509596,2.8486426,-0.89928526,4.3843393,0.36053118,-2.2759504,3.1756516,1.033484,3.446321,0.22129996,2.5246596,1.7303069,1.8417196,-2.1006958,-0.27338964,1.3268061,5.1811185,1.0177155,0.84762275,2.9618108,2.2539108,2.652894,-0.13139549,1.2231101,4.665081,-1.070292,1.0926762,-0.69315094,-1.9899749,2.1092546,-0.9994437,3.0481904,-1.6862327,4.314907,3.5822947,0.07017678,4.8060765,-1.2600853,-0.4905413,5.2135863,0.17334282,1.5475079,0.9082621,2.184089,3.1744092,2.4139447,1.3964676,-1.6344334,-1.0768574,3.8141768,0.29285944,4.2466073,1.423501,2.2445698,1.6459646,0.0766172,1.660978,1.7203976,1.6018066,1.7140603,3.4471684,-0.06127466,0.6661705,-1.6310071,2.581022,0.43931255,1.3514769,1.4213527,0.3130269
4.273841,1.2730372,3.2929344,-0.5012214,-0.86289096,3.4862924,3.4883146,-2.2809892,1.7747566,0.3839939,2.315818,-0.07347665,-3.0225997,0.23886807,1.7031256,0.6094608,2.997011,-1.5621467,0.35112914,3.0788205,1.718085,0.9968944,2.2139428,2.065887,1.0072585,5.957867,0.26203942,1.2376922,2.4257782,1.3446882,-0.23204273,2.2993145,-0.050152916,-0.44294,3.3297513,3.5776787,-1.4886645,0.7541218,2.2360563,1.9785738,1.1187782,4.2515693,2.8217692,1.3507379,1.9262071,0.29107922,-0.48979008,0.429934,2.2986832,2.7448807,0.13730627,-0.2893574,-1.7212844,1.6582317,2.8672173,-1.160389,4.66536,3.587386,0.78020704,4.9118953,-0.9094534,-0.5350269,3.2553911,1.7027909,4.2519956,0.520934,0.5681842,1.7123895,0.7227983,-1.5990489,-0.22456752,0.61375344,4.7594075,0.40449125,-0.1868193,2.6458952,3.4661782,2.8243666,-0.25827837,0.19383214,4.814421,-0.7056937,-0.3550157,-0.21008906,0.22699536,0.1283223,0.48316443,4.045856,-2.347222,2.640492,2.3241894,1.7264744,6.4434085,-0.7603233,-1.2651625,4.440812,-0.76493937,-0.25128722,0.59129786,0.61673856,2.5456517,2.5114648,1.1141695,-1.2940528,-0.65689313,3.6145685,0.26122907,4.945764,1.4173157,2.8491356,0.78187454,1.5929995,1.0098628,2.5879486,3.3134851,1.904615,3.438123,-1.223651,0.87158674,-2.6272345,3.2582328,1.0122116,2.786217,1.5218551,-0.04822999
4.5615683,-0.45767412,3.5321403,-0.414977,-0.19419836,2.4417953,2.2358282,-0.71781904,1.7267004,0.302636,2.7876878,2.0800998,-2.4446132,0.84036744,0.38927963,-0.28026995,4.1630573,-1.618708,1.3545789,3.2925875,0.13916704,1.6926299,2.3537912,3.1603897,-0.30530685,4.505429,1.4488819,2.6249356,2.7933054,0.68964535,-1.0703473,3.483915,-0.66970193,1.0291222,3.3531158,3.916451,-2.5567014,0.9898655,1.7528468,0.8546987,2.664832,2.335987,3.8267846,-0.39463654,2.2019727,3.3343425,1.2503754,0.9670016,2.0405087,2.4233456,-3.7614021,-2.1903315,-2.943043,1.9146446,2.1773956,-2.6783056,2.46998,2.9904962,-1.2689754,4.5186386,-0.6735437,0.09636795,2.8851361,1.0023453,4.1033955,1.8168911,2.3294113,1.6115537,1.5057878,-2.1778247,2.036437,2.3057873,4.7398868,0.8582792,0.71681887,2.797113,3.5960042,3.365502,0.50590503,-0.4052758,4.9202185,-0.36882207,0.76292956,-2.751314,-1.1471813,2.1480103,-1.0766977,2.9822216,-1.2218331,4.2249966,2.357701,1.3943065,5.016676,-1.9189395,-1.2753842,3.5287442,-1.2737836,-0.6610779,2.088021,2.951615,3.3805637,2.0773973,1.2218183,0.4979689,-0.36914107,4.8537717,-0.60527074,5.385869,1.2745295,0.6192322,1.7977823,0.3887341,1.003981,2.4493248,3.9146817,0.15261818,1.9295747,-0.47822088,1.2648711,-3.0929844,2.9981923,-0.27084744,2.2482178,1.2920895,1.1242268
5.9411883,3.092065,3.6648529,-1.0281698,-0.66014767,1.5440364,3.9014354,-0.81527495,1.7688417,-0.23170753,4.7579217,0.40256777,-1.1065465,1.7362535,0.45263454,2.268322,4.403204,-1.1566577,1.8836994,2.5369678,3.1939096,2.272667,1.0744855,3.049089,0.78982455,4.5046663,3.8455074,0.54480785,2.8040273,2.8985007,-1.2678598,3.0690148,1.4596972,-2.6766179,3.8523521,4.543691,-2.4177964,0.062233545,1.3972193,2.7207131,3.9574049,4.2022176,4.5665097,0.8467626,3.7977307,2.1559846,-1.0075545,1.2334087,1.8237718,3.579976,-0.08329286,-0.21977158,-2.8391433,1.5880103,5.3711295,-1.8464239,3.609334,4.520663,-0.31164122,5.1310186,-1.8427632,-2.3411863,2.887536,1.577222,5.0441327,0.29550993,0.54952484,2.2126667,3.8148994,-1.2023417,-0.1707343,0.38988093,5.2415104,0.7605151,0.43859217,2.8302412,2.9813695,3.9380503,0.8067635,1.9066824,6.250787,-2.2213504,2.0397563,0.2410421,-0.7303775,-0.23843005,-0.34801313,3.6335943,-1.7449921,1.9655122,1.665714,-0.8594773,4.948709,0.568253,-1.0677876,4.337325,-0.94321054,-0.7561883,2.5288181,1.3369576,2.4921765,4.2693095,1.3615878,-2.9637315,-1.2732322,3.791572,0.96385854,5.083378,0.3712138,4.7464833,0.4910589,-0.8257726,1.8475288,1.9950216,0.7661176,-0.5755613,4.545272,-1.3511624,1.3043814,-2.5412564,4.522571,-1.997391,1.0616537,3.3051805,0.38656092
4.436962,-0.21261242,2.9663417,-0.011527628,1.0219063,2.7287376,4.143349,-2.647424,2.5136223,0.481738,5.0032387,0.74995464,-2.2371516,0.019534517,0.45187107,0.23766947,2.9341855,-0.6199546,1.7872999,4.013034,0.9607774,0.72158486,1.4030153,2.7206936,0.5204829,4.510314,1.8285042,0.97963053,3.206883,0.6288198,0.44852814,2.7175612,0.5882331,0.7084392,4.125381,4.856239,-1.301799,1.1928935,1.194915,2.7126806,1.5884335,4.0312495,4.5627594,-0.027761366,3.1537423,3.1515467,0.0661814,1.5795889,3.2896752,3.1353552,-2.6807256,-0.313764,-2.509464,1.4248493,4.3607144,-0.469688,3.7014885,2.7762547,-0.30713022,4.909239,-0.3657225,-0.57617384,2.2674842,3.5830781,4.4586344,1.3736701,3.1224015,3.9702852,0.27603537,-2.3496127,1.0396565,1.67677,5.01224,1.8031346,-0.020734955,2.2480748,2.3530548,2.7930455,0.7115879,0.50316966,4.113194,-1.0694779,1.4705765,-2.0887623,-1.4796273,1.6836517,-1.4537296,3.6870103,-2.6045702,4.3563094,1.2816445,0.5932808,6.4756665,-2.1097224,-1.0745138,4.1679964,-0.71456516,-0.2848901,1.4703445,2.92916,2.4380233,1.9719582,0.8999782,-0.91835487,-1.3507245,5.221381,1.0392464,3.579946,2.462495,2.6169631,2.2781742,1.748998,1.1997497,3.2821705,1.4659283,1.8133413,2.6839077,0.8123558,1.0185616,-2.2338183,2.766957,-0.8466574,1.2148585,0.9888309,0.5562941
2.9509492,0.8416045,2.2286973,-1.0514652,1.0167977,3.1790652,2.4552095,0.7165848,2.3016505,1.724035,2.1705227,1.4136698,-1.9555999,1.4180534,2.9151716,1.6896505,4.52509,-0.24769786,0.770042,3.5343935,2.3023548,2.286741,0.32013872,1.7670833,0.42588016,5.337777,2.5533433,2.2435508,2.60368,0.5646189,-1.3077713,1.9787462,-0.28178337,-0.6958648,6.2420464,3.776834,-1.4555873,-0.0296686,0.85536206,0.99993545,2.055491,3.4513063,2.1019099,-0.4130651,0.2271274,2.6790924,1.8123535,0.35043243,2.7151325,1.4720823,-0.0019106194,-1.8827043,-3.0849552,1.3413733,3.7085333,-1.7022343,2.7572234,2.6059394,0.9390274,2.489267,-2.287363,-1.9610854,2.9181204,0.83064604,2.7035108,1.0960243,1.3970848,0.6848279,3.5865877,-3.9587553,1.352144,1.4203811,4.398611,2.167476,1.684549,3.7919567,3.1980774,3.508586,-0.7910339,-0.9104951,3.5711265,-1.8838269,1.676023,-0.93929946,-0.9804079,0.51711696,-0.80227643,4.8949876,-1.7509608,1.4990948,1.3108655,1.4108171,4.3593903,-0.5850499,-3.7251194,3.380453,0.7510107,-0.7313508,2.8882446,1.0279074,3.1656644,2.612863,0.3513703,0.4535296,-2.3363574,4.056409,0.46042615,4.623928,-0.6931724,-0.058737203,-0.2796063,-1.2505894,0.58086866,3.9841158,2.1678064,-1.0281538,3.0267172,-0.22255147,2.0614963,-2.0705314,4.148258,-0.82757866,4.0612817,2.043886,0.8101155
4.1219854,-0.42846063,3.7430637,0.69205284,-0.6952072,3.5401595,1.2160016,-1.3538272,0.86291385,0.28416204,3.9013245,1.6387856,-0.030201009,-0.21832162,0.95593023,0.9287698,3.1364062,-0.32727462,1.4934537,3.6225567,1.3568361,1.2760447,0.19634072,0.8154205,0.22996517,4.9259467,1.7385403,0.4397562,1.8805739,1.3479666,-0.5825578,3.7647555,1.5952357,-0.08945484,5.0983577,3.3526108,-1.1385614,1.4924105,0.5579108,2.640129,2.316006,2.241398,4.140853,-0.42966527,3.01124,2.5205622,0.22339238,1.7272402,2.1468375,1.8557458,-1.6998771,0.51220804,-2.288535,1.1031287,3.409552,0.2691299,1.8394426,2.3511658,1.2737637,3.7599342,-2.0271015,-0.101335734,1.986401,1.8724229,3.6864686,-0.34305376,3.4220035,2.3278713,2.7008123,-2.6845992,0.35372612,2.2701917,4.838074,0.33386588,-0.97727764,1.5648862,1.9677684,1.9266249,0.9476919,0.11199634,4.0779586,-1.7982739,0.62320226,-2.0666473,-0.27791137,0.590384,-1.3133308,2.0924628,-1.4559691,2.5379903,1.1180872,-0.25391933,5.554551,-1.8059137,-1.7256128,4.923137,0.35646328,0.57087636,1.517746,2.8426716,2.1525943,1.0945119,0.58254063,-0.12449166,-1.092391,4.654533,-1.3977015,4.424035,3.2443473,2.4988885,1.7087529,0.35246924,0.51287675,2.2494164,3.284391,0.27461419,4.3188043,0.17155668,1.3033868,-1.8002731,2.8904004,-0.26648477,1.0585008,2.1524866,-0.16118295
4.225216,1.1915287,3.123138,-0.3424706,-0.9292512,2.3346279,1.527005,-1.4534642,1.228853,0.96257377,2.9351113,0.3718164,-2.1024806,0.83014035,0.77691144,1.8601562,3.309048,-0.9537165,1.86891,1.6422595,3.8059363,0.006549109,1.3827506,2.394768,0.08293808,4.2626166,1.7118905,0.266018,2.4120145,0.49753076,-0.46050474,1.7969325,1.4407318,-1.2833675,2.7267835,4.9820476,-2.1536238,1.0069696,0.8649977,1.8586196,0.6347637,2.603359,2.1413743,0.9791275,3.1157277,0.9319825,0.15413518,0.8329436,1.3381505,3.388261,-0.59493625,-0.67200464,-3.0941925,1.5377808,4.3483734,-0.8746501,3.0866983,3.8847685,-0.3766718,3.9129746,0.105058506,-1.3045468,2.1237154,0.4291219,2.693776,0.78070897,0.13231991,1.5866416,2.2032714,-1.2868295,0.5691848,-0.16699259,3.6448314,2.0323362,-1.0700617,3.1125336,0.9615935,2.9590023,-0.53632337,1.5646616,4.7197165,-1.2764738,1.954506,-0.4267358,0.09142482,0.6411022,-0.11684826,3.0889068,-1.7795502,2.1193428,2.077505,-0.09862862,4.622685,0.09003828,-1.8087941,2.4594688,-0.035789657,1.0951283,1.3219922,-0.06459717,2.7636302,2.713301,0.7452698,-2.163933,-0.5664712,3.193938,-0.0946807,4.5562963,2.4148061,2.3211799,0.7557154,0.18894506,1.4960591,0.4076861,1.3403752,0.22723366,3.6318924,0.25857246,1.2693383,-1.771379,3.1493921,0.5706477,-0.12626418,4.2362366,0.3207164
4.5823927,-0.13292739,3.2642345,1.4552238,0.36054748,3.6983442,0.23156083,-2.7808018,2.116596,0.28099418,3.4949367,0.88940006,-2.0009372,-0.032156244,-0.20988747,1.219801,3.1437986,-1.5069888,1.3476163,3.0130177,2.9640925,-0.23295742,1.1516976,2.5005677,0.024294326,5.3887177,0.65532345,3.9383352,3.016695,0.29804066,-1.470265,3.2902324,0.74594635,-1.0842633,3.627969,4.6446924,-2.7078466,1.5849657,1.2982705,2.6493745,0.046633888,3.6071217,2.6013086,0.4594567,2.5131333,2.3595145,0.30216253,0.9208377,1.5576152,3.7456074,-2.0701993,-0.38281846,-3.9287574,0.27434438,1.5356617,-1.8084791,1.9761299,2.6377175,-0.89439046,3.7624128,0.29993182,1.8847278,2.273889,0.8051676,2.7999463,0.7055429,0.7034694,3.8537698,1.9942095,-2.5913942,1.107323,0.35359785,4.2189155,1.8012165,-0.48244873,3.290359,1.9701042,3.094314,0.3169448,1.8076224,4.806006,-0.9625352,0.48744285,0.070722856,0.055964243,0.5378321,-0.40051305,1.547803,-2.4512763,2.535765,1.3870455,1.4678429,4.6832223,-1.3258421,0.24634981,3.757481,-0.31986225,0.58069515,0.69622785,1.4470359,2.933001,0.56025326,0.6656936,-1.5091933,-0.3237886,3.3567138,-0.6687945,5.7000623,2.9849627,0.508648,1.371756,0.109079875,0.16314285,2.2161717,1.6007769,1.0725616,4.08483,0.77484274,0.5817044,-2.5386586,2.7979417,0.69735885,-0.096187785,3.29444,-1.041513
3.407721,0.72202754,3.7801528,-0.29711002,1.4069847,1.6105709,3.0705733,-1.6345687,2.662892,0.931529,1.7692158,0.41191941,-1.2727484,1.0581268,0.8056172,1.0264872,2.3465362,-1.0733784,0.43775377,3.2681358,1.6196773,2.2913253,-0.3975529,2.9710453,0.12055617,3.673608,2.3061373,2.4454682,2.4629204,0.5174863,-0.57398343,2.328302,0.79115266,-0.072309874,4.3370185,3.8784506,-1.0330057,1.4405814,1.2137713,2.3113759,2.262797,3.279813,2.453778,-0.685094,1.1575361,2.5365574,0.1954079,0.66303307,1.3848542,2.721703,-0.6885456,-0.91490215,-1.8449435,1.4764555,4.5953264,-1.4256142,2.1572883,2.3720934,-1.2093602,4.243126,-1.2726175,-1.4633441,2.6782546,1.955611,3.018807,0.60370094,0.43430436,1.7100947,2.1536157,-1.6288915,0.77772385,2.0176601,3.7656083,0.5909089,0.6650855,1.7986273,3.2313154,2.5557103,-0.7236004,1.5958631,4.883366,-0.5979423,1.2361969,-0.7577943,-0.35109082,1.0948086,0.11546178,3.2415051,-1.9081221,1.7790161,1.7354025,0.22642513,3.9935598,-0.5349757,-0.6920861,3.8109546,-0.19083515,-0.5272452,2.622622,0.63181704,2.264956,2.439816,0.23723087,-1.2265613,-0.6600547,2.5871174,0.5515397,3.8400962,0.44857353,1.5519153,-0.7278455,-0.37679902,0.6425234,3.7429807,1.8056037,0.071359366,3.4480832,-0.41124955,0.8367875,-1.9206795,3.3913984,-0.014102129,3.1792607,0.87312514,1.4960194
3.4157555,-1.3934127,3.9999952,2.695993,0.2343415,3.575964,0.81709087,-3.2914102,0.9730074,0.512343,3.622398,1.1426663,-1.04262,0.17173976,-0.40242597,0.99605143,2.459198,-2.5575655,0.99910676,4.120746,2.5136344,0.46078497,0.85570025,1.4993932,-0.51129526,6.414861,1.1185806,1.8397739,1.7117164,0.18702187,0.76357603,3.66146,0.08089601,1.0521424,4.7660565,4.2413335,-1.8184987,2.648773,1.4597737,1.2217101,1.7339739,2.954227,2.0523348,0.3443657,2.5593472,2.4814153,0.9416999,1.9380988,0.4367761,2.8446429,-2.3892949,-2.022642,-3.232654,2.1513734,1.4223214,-1.0694555,1.9114965,1.8965609,-2.1076882,4.73535,0.36556157,0.6534393,2.3961325,2.2293365,2.4825952,0.027494965,2.4822154,1.6860244,1.766016,-1.4994342,1.3183839,1.7262586,3.4179769,1.0058582,-0.2689868,1.8085988,2.2968528,3.7716515,0.7812405,-0.036296885,4.5265346,-0.6745535,0.13251567,-2.7982793,-0.6164824,1.0011791,-2.0146782,2.550618,-1.218352,3.5765057,1.3780447,1.343762,5.553086,-2.2917328,-0.8512783,4.199724,-0.6034657,-0.023942016,1.7735567,2.6746364,3.5156639,0.6401086,-0.41728598,-0.46108627,0.0688378,4.0619254,-1.6185817,4.8061996,3.7431238,0.94656986,1.8423344,1.5472934,0.8544452,2.5660338,2.0204813,1.2664857,3.8291636,0.6289968,2.0855718,-2.6970828,3.3834922,-0.22031882,1.0255666,2.4156063,0.46263206
4.3545337,-0.017373405,3.8360953,-0.9731105,-1.7134055,2.7980382,2.4426389,0.104701206,1.4848897,0.0010898449,3.076248,1.2667089,-1.969851,1.2087743,0.8438263,1.044619,5.6138353,-0.20765063,0.7743634,4.2403145,1.8513589,1.9685574,1.1508305,1.591009,0.49380454,4.439365,2.1207807,2.7800448,1.3935668,0.9206386,-1.285092,2.3355508,0.97960544,-0.6433864,5.8680553,3.8599782,-3.5168889,-0.20185348,1.4358808,0.88102865,3.3090808,2.6316912,3.4020662,0.18816206,1.5663763,2.3807278,-0.005437267,0.739134,3.0656416,1.5178441,-0.58377254,-2.2867513,-3.1900074,0.2645276,2.7319582,-1.6841018,3.0197225,2.6587913,0.67378575,3.9890935,-2.4667532,-2.025957,2.9364972,1.0760968,4.5028496,0.23575157,0.6735897,1.1098297,2.2648282,-2.2977824,0.48134866,2.160086,6.0367,1.0062499,0.9749953,4.316921,2.2392342,3.3755608,0.045916364,-0.47353357,4.28543,-1.3000654,1.0019711,-1.7641397,-0.017404117,1.4133849,-1.1276841,5.1439643,-2.134016,0.95290184,2.1040976,0.694175,5.7247195,-1.7038068,-3.3375695,3.6943367,0.035085883,-1.1999352,3.1455834,1.9084209,2.0991964,3.2219312,0.27561408,-0.36678305,-1.926562,4.9551463,-1.3655499,5.2169867,1.0244908,1.7974133,0.8961662,-1.4697986,0.80090654,2.6270568,3.1717002,-0.8877557,3.1856034,-0.3428903,2.5463276,-1.6060417,3.2515907,-1.2014291,2.5560975,3.348806,0.7075007
4.668201,1.6644658,2.438707,-0.64022523,0.5269262,1.2596596,3.6888797,-2.6097703,2.3942008,-0.2709483,2.7569187,1.8683506,-1.9590132,-1.270362,1.8956459,1.8626254,3.4091032,0.3267363,1.0103501,3.521253,1.7541865,1.3450146,0.621876,2.2295997,1.0562464,4.38495,2.945292,0.09974757,1.8433833,1.51507,-0.047151305,2.719713,1.3538153,-2.1858807,4.5842376,4.9266615,-0.24209559,1.1504984,0.86541027,3.686962,0.71687526,2.5345392,2.6389446,-0.19835006,1.0826257,2.3065643,1.2251884,1.4598862,3.164429,3.515475,-1.1817563,-1.046296,-3.5152624,2.5191576,4.4882293,-1.0827386,4.120563,1.9339075,1.4344367,3.2925477,-2.3063807,-2.0119247,3.0834455,2.1063046,3.6807861,0.5432544,0.7060249,2.7359178,2.9354324,-2.3199446,0.48789218,1.6405637,5.3274975,1.9559468,-0.9581686,2.1252713,1.6951542,4.072458,-0.10726326,1.45176,6.272309,-1.9933537,2.4513183,-1.4416728,-1.0625949,1.3695946,-1.1286659,4.8418684,-1.4788576,3.2341235,1.4592922,0.37810567,5.2764006,-0.6254442,-0.914459,3.8466814,0.4313842,1.4696485,0.51657957,0.63887954,2.599497,2.7444985,-0.038869113,-1.1194689,-1.8876499,3.7801566,-1.3294069,4.8829803,1.5001502,2.0975513,-1.0004312,0.24367552,0.73704004,2.716554,3.2835026,0.62753147,4.6214347,-0.421639,1.6433346,-1.9379189,3.5212708,0.7779961,3.027966,2.4569943,0.58103603
4.9844694,1.3548112,3.6106095,-1.2325826,2.925888,3.589751,4.6909113,-1.211843,2.0845432,1.62025,4.4457984,0.32605308,-3.1258018,1.0932419,-0.002832584,0.24634373,1.645629,-1.1474967,1.0136279,2.1981807,1.222322,1.5717134,0.64574474,4.4704494,1.1115519,3.4062684,4.746469,2.1951103,4.6272225,-0.3322843,-1.3065153,0.9537364,2.4765658,-1.3859799,4.0066943,5.1107516,-2.5910263,-0.43595883,1.6065425,3.9122422,1.4118239,4.828248,4.6838202,-0.5436059,2.0363808,4.115838,-0.3139178,0.03836491,1.8182911,3.772872,-0.22498098,0.15892395,-3.627273,0.8078041,4.8950095,-2.7388563,3.1968212,4.87776,0.20303166,4.839067,-0.9027606,-0.70547646,2.0339959,1.4149408,4.691538,1.727995,-0.15638717,5.2902637,1.8792312,-2.5828137,1.9806069,2.169025,3.9881203,2.4754384,-0.057474766,3.34558,2.4776943,2.0044158,-0.42936063,2.5766447,4.8633657,-1.0994844,4.1228676,-1.455216,-0.8004615,0.80779654,-1.9334188,3.5754907,-1.9869263,3.0042956,1.3268768,-0.59638345,6.161685,-0.17857015,-1.7792478,4.806047,0.18435651,-1.0533793,2.874175,1.399717,2.7782042,2.895106,0.087116726,-2.0414195,-2.716085,5.383959,0.11409565,5.951114,2.6409254,1.8664707,0.14138678,1.4737338,0.71757036,3.6532302,0.5465449,0.45626155,5.246385,-0.17086403,-0.11780605,-3.4945652,3.1068819,-3.320902,1.571762,1.9330279,1.463645
4.074535,-0.3273423,2.4616904,0.23779967,1.4696631,1.4872031,1.0942329,-1.6739422,3.0530493,1.4202987,2.1364117,1.0422267,-1.6102142,0.055730782,0.53069735,0.115070365,2.136229,0.28029817,1.6560172,3.2079742,1.2958667,1.7159168,0.40491885,1.1008857,-0.034463666,3.073838,0.42079407,1.4973476,2.2833486,0.42973608,-0.78738004,2.9161427,-0.2137884,-0.438702,4.638341,4.305118,-1.5253053,1.1675622,0.23008713,2.285799,0.7026378,1.2301272,2.675192,0.9343362,0.92394024,2.9176853,1.9142826,1.227681,2.0295928,1.9711037,-1.7062162,-0.9579306,-2.6174624,2.0098228,1.3838347,-1.6635529,2.622692,0.8783425,-1.2441725,2.1695123,0.064154044,-0.17670128,3.0752673,0.45414487,2.1009743,1.7083,2.983584,2.327066,2.2244177,-2.5560844,0.65678066,0.69331396,5.043885,0.61785364,0.7839745,2.3643746,1.9789208,1.8879291,0.9004783,-0.6749879,3.1446648,-0.32067907,1.6563087,-1.1333789,-2.1961215,1.3915982,-1.0878704,2.4789808,-0.26621962,3.4236565,2.0156627,0.63546026,3.6564822,-0.9430026,-1.1218923,3.9117806,0.57141197,0.642912,1.7811813,1.6652163,2.6863317,1.8890644,0.7144158,-0.1976373,-1.0638815,2.7415514,-0.9706338,3.1320097,2.044968,1.7190351,0.4776745,-0.15728524,0.8175875,2.391571,1.4595907,-1.5757989,2.0993648,0.31990206,0.86572677,-1.5819978,3.5346107,-0.78774184,0.3130224,2.4720533,1.0730236
4.354847,2.1523154,3.5699542,-1.8856425,1.2198858,2.8860748,3.119341,-0.33306667,3.3466532,1.2182754,2.142198,0.21916258,-2.796448,0.6009821,1.5564337,1.3580608,3.3258085,0.22627763,1.5472561,3.8044982,3.0417774,0.54285336,1.1129779,1.4504219,-0.28033713,3.4237604,2.330592,1.4412385,3.4884276,0.09431503,-2.1137395,2.5314002,1.188286,-0.40683714,4.9630713,5.203705,-1.6103563,0.6737602,0.69001156,4.0136595,1.7101603,2.7708452,4.1012006,-1.1772485,-0.55691445,2.1596124,0.7994054,0.55242115,3.4540062,2.7546842,0.60438174,-0.6078782,-2.1961224,-0.5404815,4.521141,-1.9040482,4.0163875,3.82223,0.9357817,3.9052212,-2.845099,-2.5595038,3.1502705,1.9102874,4.176058,1.16071,1.4474747,2.5588398,2.4474683,-1.3967404,1.519024,0.34201103,4.622526,2.6675928,0.784574,3.491706,1.9317733,3.624527,-0.77813584,1.323144,4.9104753,-1.9666797,3.1637433,-0.09456722,-1.8956078,1.4380363,-1.0532203,4.131414,-1.1613685,1.9009758,0.082841694,1.311689,4.6527085,-0.24973473,-2.9863288,4.782681,0.44919166,-0.5628644,2.454969,0.7097606,2.8105621,2.8085227,0.6436687,-1.4505014,-3.06534,4.732251,0.66783744,5.4280634,-0.8519484,0.6491627,-0.33365905,0.037923183,1.0245309,3.1417365,1.643095,-0.42176023,4.865122,-0.44376898,1.2010279,-1.5910885,4.6460443,-0.76540715,3.5840657,2.368491,2.2051208
4.928615,0.97699285,3.4423232,0.08442243,0.7736396,3.2239661,2.1341474,-2.5974123,3.3944905,1.2180703,2.5165594,0.84674096,-1.5661756,-0.12087797,0.53359526,0.603068,3.6952503,-1.1305718,1.6109921,3.7762578,1.9166669,2.7010517,0.29210216,0.16673297,0.08281478,5.3142557,0.9868346,1.6477755,3.002345,1.5103496,0.47969675,4.5484395,-0.594808,1.530138,6.265629,4.489475,-1.266237,1.6831088,1.3623538,2.4742768,1.3865142,2.8360476,4.098878,1.6184788,0.90288216,3.0453193,1.67579,0.877207,3.3343678,1.7906336,-1.6534221,-0.6142089,-2.0461001,1.2301804,2.111905,-0.35460284,4.4649467,1.4857413,-0.6085244,3.3660278,-1.4336156,-0.7312691,2.4022202,3.3173375,4.3339195,0.22471057,3.308417,1.6205277,1.866754,-2.3941746,1.0857716,2.7737281,6.3109565,0.7149858,1.4287764,2.860255,1.865457,2.9571037,0.2680637,-1.1562924,3.8360863,-0.76942015,1.175961,-1.9659227,-3.1312044,2.3610387,-1.4358407,3.2226443,-1.4760141,4.302568,2.964897,1.1072774,6.007399,-2.5776455,-0.5953367,5.825994,0.11195012,-0.1808651,2.1190586,2.4471874,3.3286655,2.0404758,1.7250316,0.99149215,-1.0797089,4.9840918,-0.41325906,3.1392035,2.542868,2.9573393,0.7581645,0.75283045,1.3632488,2.5215394,1.8294041,0.7398947,4.1452856,-0.29399773,0.79489934,-1.8784751,4.385526,-0.1567721,1.4067174,1.4108968,0.07407715
4.470844,1.2987089,2.3492246,-1.0109285,-0.022976901,2.2903621,2.694371,-1.2130806,1.992173,0.5297288,2.2318254,0.8798081,-0.585763,-0.5946736,0.8055783,0.922966,2.4130297,-1.3914654,1.8575457,3.6866493,2.5822954,0.60643774,-0.012928154,1.0728202,-0.40485838,3.4396613,1.6401618,0.29270577,2.474456,1.3483943,-1.0853616,2.5569901,1.5742639,-1.3075892,4.589915,3.9477959,-1.6380616,0.14813,0.6709494,2.974694,1.6124687,2.6974733,3.7296112,-0.8629442,1.3840145,2.3713512,0.644116,0.7354006,1.7088635,1.0268036,0.048387356,-0.8513206,-2.294515,0.26553482,1.8558589,-0.10236741,3.476745,0.5847222,-0.8645233,3.5048506,-1.2636845,-1.027749,2.530364,1.2626367,3.2276373,0.57497,1.0877368,1.7909412,2.1839213,-1.5893837,0.61023957,0.92974675,4.667911,1.1903722,0.52758026,1.2759819,2.6494632,3.0822551,1.0500826,0.5069282,4.178379,-1.3345579,1.1956463,-0.1657368,-1.1044803,0.27364457,-2.5084524,2.1891062,-1.7771206,1.7665493,1.0009675,0.26353952,5.9759483,-1.1555521,-0.33160037,3.8341386,0.904665,0.8412247,0.43396312,2.2663245,2.394169,1.1553838,0.8086303,0.29605904,-1.4543587,3.0991623,-0.34442228,3.8645947,0.39330488,1.7263751,0.3785716,-0.35048047,1.1023145,2.268305,1.3204374,-1.0810584,2.8366396,-0.08734536,0.3645406,-1.1400559,3.0521152,0.67178035,2.2238111,1.6793307,0.49107003
4.0046196,-1.32795,4.498545,1.1801895,-0.9005292,3.4899385,-0.4877438,-1.967755,0.6441649,1.0584987,3.417613,3.032192,-0.63962024,1.3542038,0.891102,1.343012,4.710605,-1.9228101,0.81200045,4.575887,2.8038561,1.2598104,0.03788566,2.1353962,0.3808132,6.745141,2.0722358,2.2504733,3.18028,1.0007716,-0.3712747,4.1873636,0.6708364,-0.31381154,6.845507,4.3156586,-3.233332,1.7883574,1.0501878,1.550241,3.115377,3.402516,3.1706684,1.011132,2.19345,4.0895624,0.8262957,1.6402105,1.6163797,3.6901462,-0.5975213,-3.256666,-3.8147469,0.8937022,2.6196675,-1.4589983,2.1005454,1.2757365,-0.5908473,4.210969,0.04588308,0.5256048,3.1007247,0.82562584,3.3153956,1.3176779,0.5487561,2.4444902,3.853521,-2.8246927,1.3159177,2.68699,5.6852374,1.1184942,-1.0573246,3.1929736,3.7895994,2.1476722,0.5260493,0.054231264,6.3381996,-2.0833662,0.71939534,-2.9603202,1.0012169,0.3936362,-1.8974017,4.5371094,-1.2428739,2.177372,2.4544563,-0.038975626,7.128559,-1.5433261,-1.8922436,6.430519,-0.08797615,-0.31016344,2.4356155,2.3973699,3.8199751,0.6801825,-1.8121957,-0.26276693,-1.794067,5.0295506,-1.6609125,5.6070437,4.0252976,2.4964678,1.8577775,0.17767169,1.3005289,3.2234871,3.1505215,0.019443292,4.712644,-0.12506713,2.3834357,-2.6248896,3.1414175,0.7474274,2.1643975,3.3966014,0.13439693
5.739608,1.177706,3.0906496,0.13725407,-0.89783823,2.9889662,3.2002406,-2.227967,2.4443426,0.28153262,4.0882773,-0.5265395,-1.3575095,0.90632105,-0.49906054,0.810551,4.8052583,-0.88602746,2.3371289,3.8559992,2.3413236,1.336609,0.7479048,1.1913532,1.6356717,3.7914305,2.186469,2.002901,1.9262466,0.5952673,-0.20128492,3.9928563,1.0405556,-0.95891184,3.3195999,5.051688,-3.147345,0.97030795,2.3022356,1.0382303,1.7221086,3.753652,3.9415357,-0.2927414,3.6605756,1.4725957,0.5965704,0.90243536,1.8880105,4.5095024,-1.3125585,-1.1941085,-2.379247,1.038321,2.6239789,-1.9990774,3.39511,2.9532547,0.64884233,4.2767854,-1.5037247,0.5470949,2.7939835,2.550818,5.6679435,1.688052,0.7885894,1.9785235,2.986737,-2.5299833,1.1104159,1.4567945,5.286142,0.86719006,-0.16824065,2.387363,3.3890033,3.522286,1.1531907,0.76390785,5.316835,-2.3640647,0.35369638,-0.32867053,0.0072268583,0.37938192,-0.108296126,3.9228642,-0.52626103,1.9432731,1.9471285,1.0746462,5.8772054,-1.6503689,0.6417198,3.811795,-1.3231307,-0.7325487,1.3870864,2.6391308,2.2239358,2.610254,0.6882815,0.4493934,-0.6141548,4.170174,-1.2986513,5.680809,1.7492251,2.0369213,0.9629149,1.8082774,1.6696838,3.1758049,2.731642,-1.031777,6.20388,1.1790679,0.7395628,-3.0737855,4.260894,-0.871527,0.8122893,3.6189659,-1.2257438
5.6358604,1.0928764,3.9439714,-0.98111314,-0.10943137,4.5060916,2.7793448,-0.5180103,2.4668043,0.58554804,2.912356,1.575155,-2.6130617,-0.8455435,1.2301712,1.0968075,3.2859921,-1.3020297,1.3663847,4.17365,1.336894,1.3004383,2.2027748,2.8365943,-0.9008936,5.57206,0.44538847,1.1102905,3.7237623,0.55517435,-0.8407607,2.7769098,1.1221752,-0.027982824,4.679998,3.173266,-2.831063,0.66341025,1.5296817,3.9080021,2.341513,1.8221707,4.839825,0.47036323,2.6883302,2.4839,-0.6644193,0.6868595,2.611362,1.1052914,-1.3397845,-0.28567636,-3.1552405,1.398253,2.1973333,-0.92648166,4.5307126,3.8105042,-0.66961455,4.2723303,-1.9029098,-0.81598884,3.093134,0.91313684,4.450256,0.00839659,3.4307826,2.4302704,0.31479466,-2.6052203,-0.09982413,1.3744279,4.6703563,1.0357631,0.52681196,3.1380234,2.084206,2.6682806,0.9498297,-0.64734876,4.2777615,-0.40838042,1.9081049,-1.4648277,-0.676011,0.7043675,-2.5110612,3.4232042,-0.9391658,3.2799704,1.201626,1.7957287,7.043146,-1.3820041,-2.1066022,5.1080384,-0.07877324,-0.5087337,1.1964381,1.6955285,2.8602962,2.434988,1.5125825,-1.3863155,-2.3165622,4.68599,-1.7788336,4.7658267,1.790765,1.5904471,1.719209,1.6739912,1.0819675,2.2332265,3.4324117,0.74696046,2.9296563,-0.6274946,0.9530193,-2.1936517,3.7111983,-1.2687542,1.9557036,2.1870341,0.15474264
4.8363495,-0.3470251,3.6072328,1.2934638,-0.061146576,4.0331182,0.81700015,-1.1574105,2.125666,1.3910358,3.6932623,1.8914455,-0.76480126,-0.37707737,0.54232395,0.11101338,3.6100597,-2.8660307,1.0852935,4.0850077,1.88245,1.2831957,0.89743114,2.486823,-0.6949155,6.3587437,0.70871085,1.7294263,3.2019813,1.6964352,-1.1588377,3.2966106,-1.178444,0.058534462,5.011502,3.219671,-1.7819328,0.5298105,2.2608378,1.4174454,1.3165182,2.0084229,3.9267004,0.7166118,2.6959798,3.0850694,0.78564095,0.54039294,2.346392,1.4362731,-1.7332553,-0.5248339,-2.9371614,1.2667623,1.2157145,-1.1975796,3.3453646,2.5479589,-2.14247,3.0118203,1.1748492,0.23317863,3.0315623,1.9681683,2.4586055,0.8172769,2.954032,1.905803,2.562707,-2.4208286,1.2446532,1.7590159,4.578474,0.70915675,0.40340194,2.3460011,2.0772846,1.6379222,0.071776584,-1.0430453,5.501559,-0.27425095,-0.20845915,-1.0773494,-0.42184418,0.73087823,-1.2752631,2.0939717,-1.9413692,3.7581227,2.63094,1.7427781,6.422356,-1.7918462,-0.074299626,4.30544,-1.4467602,0.2532785,0.6490025,3.34031,2.5639503,0.53976166,0.58069766,-0.27157196,-0.46511206,4.2788987,-1.3073254,4.307179,3.573146,1.4937706,1.9575424,0.18767814,1.0748423,2.6799212,3.2476523,0.41774866,2.223977,0.17420596,0.5608178,-2.7445645,4.676503,0.15472749,0.8784105,2.6377876,0.5889818
5.360903,1.3471724,3.5101378,-1.0830029,2.2411795,3.3957105,2.0108526,-2.2829401,2.3410456,1.2928909,1.4331548,3.631351,-3.2821047,-1.4099538,2.1492608,1.9930027,2.5058966,-2.3965611,2.3940225,3.6034646,2.702733,2.0336792,-0.33275542,2.4598665,-0.39644825,4.0719304,2.020352,1.0857846,4.0422316,-0.15415238,-0.08164008,4.331555,1.6988193,0.5182525,6.6943765,5.9781637,-1.3803887,0.40108123,-0.1558737,3.0940876,0.25822434,2.2047653,3.8884182,-0.4105436,2.9512222,4.387854,2.028226,0.9951786,3.3776848,2.7766345,-2.5003996,-0.41870207,-4.1751966,1.5439197,3.19045,0.12521952,4.2510743,2.724131,-0.50785923,3.662467,-3.8726015,-1.7648746,1.9543734,1.9663533,3.3673043,-0.10746105,2.5045195,2.9084888,2.4530873,-2.7925994,1.1456168,2.3470485,4.588274,2.4413347,0.035954133,2.949578,1.9930383,3.5612779,1.3705549,-0.61934227,4.6408343,0.12685172,3.3646634,-3.2124155,-1.6070758,1.2279601,-2.9502752,4.3205056,-1.6800233,2.012608,1.137808,1.7565396,7.7979183,-2.1337152,-2.819155,3.664234,1.3478513,0.23483308,2.5480416,1.3558801,3.2053452,2.655382,1.7567362,0.57895315,-2.3826835,4.5325594,-2.547293,3.6230843,2.4528122,0.16198872,0.62592477,1.875054,1.1425685,3.7973723,2.9073956,0.36247304,2.6351483,-0.52129436,1.424488,-2.0361998,4.891798,-0.5539645,2.7978818,3.1948252,0.71589863
4.108094,1.3527843,2.9329967,-0.77010655,1.2612411,3.9302933,0.9570742,-0.2553219,2.5702276,0.11984616,2.315704,1.5038201,-0.76276493,-0.34241378,0.01223667,0.41114357,1.5486482,-1.2896094,2.2818215,3.1238644,0.33779103,1.9423445,0.8336388,3.2748508,-0.4425061,3.801667,2.7485554,2.3551736,2.8902268,-0.011277329,-0.76602805,1.738977,-0.7283535,-0.0940139,3.7134764,2.5083318,-1.8734847,0.78063416,0.8859021,3.0845213,1.3930547,2.738247,2.6675682,-0.9026112,0.3272568,2.712793,1.6726203,0.8615921,1.380309,2.0271623,-1.6749859,-0.26256293,-2.2088275,1.4173523,2.62336,-0.956996,3.0119221,3.4689288,-0.14053603,2.368205,-3.4582279,-0.56146264,1.4082425,0.45615786,2.1237702,1.5048263,1.447815,3.3864114,1.4030001,-1.2390461,0.9146179,2.6233394,3.651321,2.3753827,1.2865679,2.2945125,2.4775348,3.0165372,0.8135118,0.032554492,3.496044,-0.64571756,1.5903454,-1.9402949,-0.8665537,1.6399677,-1.7263669,1.9282397,-1.9395068,3.481634,1.0703641,1.080978,5.027027,-1.3143688,-1.1742835,3.4919662,0.9066227,-1.1817293,1.8308498,1.5943351,2.701883,-0.047223337,0.8374961,0.023335708,-1.6256356,4.150459,0.1051796,4.0543723,1.0531955,0.8362463,0.19797163,0.23035404,1.6258631,2.7826633,1.0199783,-0.5514781,1.6786575,-0.85308546,1.7979668,-2.4847484,3.39687,-1.5215043,0.35170174,0.43297076,0.9032739
5.6384373,1.7139964,4.067118,-0.91185236,2.118873,3.5234098,5.83485,-2.0269194,3.377892,0.13139307,5.3904715,-0.14211084,-3.5531754,-0.51837695,0.7965694,0.6124334,2.1072037,-1.3092813,2.4113877,3.6471283,2.376221,1.7447575,1.7895702,3.5780272,1.3107265,6.0951705,2.2006743,1.570484,5.041221,0.35869035,-0.34558016,1.2213912,1.9348115,-0.5592385,4.0461845,5.371516,-2.4381914,0.012436323,2.1398897,4.451734,1.8893923,5.711192,5.9305983,-1.4461335,2.9937809,2.4567325,-1.1953388,2.0669038,3.0230682,4.5046086,-0.87219614,0.520062,-3.3371966,0.26779032,5.1465845,-1.6352856,4.1547217,4.338564,-1.5561969,6.7446933,-0.2524061,-0.6495452,3.2261415,2.85315,5.482306,1.9104239,2.3439693,3.6191826,0.32200015,-1.0730013,2.1828563,0.4474433,5.3468227,1.7676302,-0.033286825,3.0475163,3.0858524,2.4942052,-0.064726494,1.5870067,4.8270383,-0.90173316,2.4031203,-1.9045473,-1.788664,0.33550066,-1.8449256,4.4498873,-1.26036,2.7599528,1.3258313,0.7485539,8.036891,-0.8585188,-2.0071278,4.623796,-0.55052805,0.2869622,1.7280644,2.1503043,2.265653,2.5218983,-0.06695514,-2.1020677,-2.2287476,4.951412,0.56381434,4.8450437,1.482163,1.7695653,1.5786142,2.1247976,0.7836229,3.5160363,2.5291054,1.9112414,3.863152,0.52451825,0.5482665,-2.3870618,4.4693365,-1.7410175,3.6951509,1.7308686,1.2100294
3.5011976,1.8803244,1.2267507,-2.223875,0.9209846,1.9353634,3.452372,-1.5827117,3.0347233,0.3901912,2.258255,0.22806221,-1.4382734,0.19108339,1.4225308,0.13917649,2.516883,0.5301416,1.6935036,3.684692,3.0659997,0.8135293,0.76039106,1.6790426,1.3628274,3.708827,2.300132,0.7606307,2.3050568,1.7514848,-0.88533306,2.5889003,2.5040123,-1.1627417,4.3398685,3.8307087,-1.7219231,0.48718384,1.0758845,4.0597243,1.5362821,3.0592012,3.8300393,-0.4987623,-0.15413788,0.91421556,0.36680812,1.0960475,3.2457185,3.2184737,1.0583932,-0.7996986,-2.5177646,-0.22110179,3.656713,-2.2314582,4.7784467,3.3064547,1.1763932,4.4341955,-2.1195576,-1.1484522,2.5832176,1.7960263,4.8661213,2.167155,0.2360518,3.5681431,2.3463213,-2.278438,0.9437945,0.87432724,5.483365,1.866064,-0.49590632,3.2380657,1.5665985,3.350555,0.49337503,1.7366555,4.9332247,-3.2499893,1.1798741,-0.4384967,-1.3060833,0.14045429,-0.06904884,4.0687065,-2.104471,2.6952794,1.4373755,0.75162816,6.140112,-0.6235562,-0.697354,5.914179,0.661097,0.25949675,0.23792179,1.0670053,3.0638041,1.9215939,-0.83458996,-1.6427975,-3.1773953,4.76341,0.9413675,4.4018903,0.50989413,2.2498875,0.22799496,0.9220811,1.2803074,3.3498025,1.9173589,1.5737748,5.9697304,-1.3535274,1.0636237,-1.9969797,3.3642342,-0.19856623,2.289476,1.4850986,1.1125865
6.3198013,1.1827288,3.0477133,-0.16599768,1.4586873,2.7587426,2.8945444,-2.657115,2.3237865,0.13624091,2.1958995,1.6103837,-3.1875784,0.34436294,1.4521892,0.95534194,2.9642017,-1.7009195,1.1941669,3.48904,2.4492078,1.5027244,0.71024454,1.3047152,0.7140245,3.9915245,1.3325799,1.6336415,3.152192,0.8460814,0.7071387,4.273461,2.8641841,0.54192585,3.8395762,4.918741,-0.51747376,2.660545,0.2842998,3.6652002,2.3599374,2.174991,3.7047057,0.022572966,1.493737,2.1074326,-0.4788846,-0.5933157,1.7857281,2.0299094,0.8304807,-1.3324445,-1.7817756,1.3032858,5.2181916,-0.5884935,4.2673936,2.5401504,0.1531682,5.552865,-1.4843343,-1.81378,1.9761082,2.1874337,3.4756858,-0.5894694,1.9129312,1.4332304,0.8136839,-1.9571962,-0.86652696,1.4335911,4.278071,-0.19178252,-0.8023955,3.0479407,2.6193876,3.892676,-0.5980329,1.5673401,4.259209,-0.48429674,0.33168977,-0.8181575,-0.64865047,0.6870489,0.46003595,3.2428236,-2.5792217,1.7744502,1.1320791,0.78543806,5.4605484,-0.33585334,-2.4700933,3.9755998,0.1899163,0.2605462,2.6241143,0.74916726,2.5036802,2.2914083,1.6121649,-1.0547029,-0.3967286,3.4611783,0.1140626,2.9912639,0.35438114,2.5883605,0.44061226,1.3912613,0.37627116,1.9014975,3.100042,0.9856848,3.9129763,0.034099445,1.3838216,-1.6317142,2.6196878,1.9632537,2.6123102,1.2958558,-1.2702966
5.552925,2.5824287,3.3166873,-0.3367546,3.358901,3.4360924,4.4470463,-1.357128,2.6821098,0.5951829,3.7560925,1.6250982,-2.8162982,-0.5653595,0.83325046,1.5940559,2.3231738,-0.7241313,2.222191,3.6832898,3.1658273,0.7224521,0.74279404,2.3164458,2.1563275,5.4358373,4.779214,0.6041816,4.089005,1.1477247,-0.87686145,3.076724,3.2748282,-0.92008275,4.138985,7.0575156,-0.9831667,1.3964905,0.74912804,3.782448,1.7405097,4.528113,5.601243,-2.2535377,3.4335053,3.494442,-0.040814202,0.706324,2.1765013,4.4072566,0.121934794,0.40250573,-3.6459641,1.9814265,6.747314,-0.60479456,4.2137623,3.597985,-0.4163956,5.079577,-3.359333,-2.051003,1.11136,2.91589,4.687907,-0.13493463,1.5095046,2.4277854,2.4780483,-1.5459013,0.9196393,1.3675573,4.0446534,0.6990281,-0.29338866,4.5234666,2.4321642,4.64712,-0.14470278,1.8143005,5.4419904,-1.574704,3.9339812,-1.3587927,-2.264088,-0.5918649,-1.2337168,3.7659001,-1.7861584,1.3553766,0.5312388,-0.13407454,5.848813,-0.20986296,-3.6567938,3.9897783,-1.1156123,-0.5513264,3.209912,-0.10836695,2.800804,2.818234,-0.43093672,-3.1082668,-1.2738825,3.934722,-0.39249927,4.9228024,0.8767721,1.5741609,0.45821276,1.4949889,0.8971203,2.560556,2.8905103,1.3734564,5.7464623,0.47764066,1.9312882,-2.8933163,4.8328485,-0.75361776,2.5683692,3.695751,0.44642502
4.237084,0.33475655,2.701005,-0.28208748,2.4987574,2.5223167,3.0334022,-0.16260232,3.4984794,1.4825268,2.8531451,0.5696313,-1.8431897,0.212223,0.5294813,-0.40965435,2.3732138,0.57977796,1.5575364,3.6405962,0.74256355,1.7287139,0.4621352,1.4244354,0.21700633,3.706229,1.4103233,1.7509388,2.7779813,0.21785197,-0.50910723,2.960473,0.31363955,0.03450428,4.0824313,4.0953183,-1.0771149,1.2393819,1.1433667,2.8229268,1.4695736,2.3958237,3.65324,-0.4535523,0.9040016,3.1068263,0.18635416,0.86908126,2.61284,2.4830742,-1.4688685,-0.07583946,-1.9182242,1.4543124,4.329527,-0.22389004,2.4667158,1.7942762,-0.775187,3.0989797,-1.1222004,-1.8393414,2.2586894,2.632554,4.4094586,0.8634004,3.9431763,2.092292,1.6691515,-2.3915033,1.3458177,1.4371178,4.6954107,0.32215965,0.3826692,2.2426422,2.48134,2.5311003,-0.15192465,0.902236,3.6792264,-0.5719159,2.3730698,-1.0092022,-2.083882,1.791845,-1.1268436,2.058565,-1.378892,3.495447,1.3769436,0.5703498,3.3485541,-0.7056488,-0.968561,4.130171,0.28472418,-0.21574764,1.3411735,2.1914244,2.7324295,2.3149319,0.7230736,-1.3203877,-0.57700896,3.5606012,0.63056374,3.590385,0.88907313,1.6843711,0.25318614,0.2972205,0.89051634,2.6002765,1.389121,0.8117134,3.1472578,2.3608562e-05,0.68782103,-1.6086048,3.9615326,-1.2084492,1.4934809,1.8737998,1.3953104
3.862846,0.039023492,4.1876984,1.0984403,-0.13118653,3.6991618,0.12893045,-1.5752976,1.4691758,0.96271294,1.1052569,1.5489558,-0.1604303,0.55431354,0.24198484,0.62202996,3.5165477,-1.8043578,2.5605428,2.879532,3.0978305,1.4506066,-0.6843283,0.48617455,-0.38751382,3.0506856,3.0588787,1.7283143,1.9091597,-0.27492028,-0.8762421,3.6510067,-0.58779114,0.809838,4.1495714,4.896827,-1.4826298,1.3328829,-0.4051757,0.61266077,1.2784069,2.383645,2.0453956,-1.6299137,1.8294009,2.4917169,1.926902,0.8450155,1.0028615,3.0023043,-1.3279545,-0.61779785,-3.216259,1.6666574,1.0852652,-1.5410197,0.5629054,2.1106358,0.19886126,2.7448301,-2.068809,1.6925572,2.755251,1.7261081,3.1297066,0.5175204,1.7488815,1.1733351,3.4415348,-2.407108,2.130428,2.404764,4.692103,2.1772318,-0.40936995,2.0554018,3.4797266,3.0906742,1.0833844,-0.2480822,4.775217,-1.12762,0.56122226,-2.0806932,-0.2781671,0.84013176,-0.8794838,1.703612,-1.8130473,1.8853903,0.54340386,0.8693845,4.4947653,-2.5176055,-2.2616339,3.0778596,0.3727072,-1.6482741,1.9624656,1.6946039,3.5557594,-0.32434472,-0.16362743,0.116169214,-0.49152985,2.9270053,-0.98865676,5.7113094,2.0280864,-0.14355439,1.7524462,0.80670047,1.5463283,1.9902353,1.9327917,-1.9607207,4.5776553,1.1709591,2.0121362,-2.0890045,3.5899494,0.8641549,0.36747128,2.368539,-0.5679063
3.4479835,1.09201,1.4686313,-0.6804862,1.2083749,1.9782064,2.6236675,-0.7695554,2.2582443,1.4175178,2.515258,0.22805196,-1.0646782,0.44242802,0.95799845,0.14928284,2.4218187,0.7354236,0.98504937,3.0339763,1.4196862,0.84680146,1.4038652,1.6667995,0.6164547,3.4353313,2.14484,1.9394757,2.1723785,-0.03409041,-1.3393191,3.0395029,0.24906603,0.0053452794,2.6744604,3.0491042,-1.7110063,0.95643604,2.0156636,1.8457656,1.4352096,1.761295,2.9567454,-0.68587905,1.0130364,2.8628218,1.5513302,-0.59027624,2.6990862,2.741956,-2.2235358,-0.14033802,-2.7309692,2.1457722,3.3311193,-2.627681,3.4421275,4.308332,-0.24148254,3.183561,-0.6097949,-0.20224144,1.2471048,0.94982797,2.7102113,1.9972638,1.1525687,2.6209402,1.7804899,-2.6826432,1.5661207,2.508401,3.6824105,1.6467096,-0.00428597,3.1918323,1.2633237,2.7657983,-0.9629165,0.44298315,4.542237,-1.174882,1.4114541,-0.40866938,-1.3012422,1.6081282,-0.29532525,3.1361241,-2.4427745,3.7988412,1.1818707,1.4800711,4.272683,-0.56148195,-1.2355238,3.0118384,-0.91896373,-0.26238522,1.2000495,2.1810093,2.6391664,1.6532192,0.48022148,-1.1778487,-1.2584996,4.7165375,0.4850068,4.218357,1.518563,1.0982264,-0.27327755,-0.11374476,0.84777033,3.0154269,1.7009857,0.6462063,3.5756552,0.21005912,0.52283555,-2.6033177,2.9135528,-0.13512023,1.6710881,1.1887759,0.12485203
3.5947535,0.5270217,2.5713294,0.5248744,-0.7368583,3.1856015,2.8672557,-2.6287596,2.10435,1.0287004,4.0845475,1.2145587,-1.4162914,-0.3911733,0.877664,0.03983745,2.7373686,-0.7473715,1.0013381,3.3502533,1.3469512,0.9732694,1.3493975,2.107787,-0.19436014,5.660381,1.3458439,1.8716642,1.7736194,1.2830982,0.050813764,2.7946463,-0.06600631,-0.31662756,3.1322594,3.4790118,-1.559155,1.4917824,1.4846854,2.2138937,1.1330329,3.2076077,3.8584151,0.09407162,2.815033,1.9259413,1.8186003,1.439397,2.2156627,3.179105,-3.874689,-0.33267382,-2.6797578,2.0714011,3.4557216,-1.6195694,3.121629,3.011085,-0.22567113,4.7841363,0.21025662,0.671851,1.6064694,1.7179003,3.8809588,1.9213685,2.3816442,2.069855,1.755142,-1.7371167,2.6726835,2.177313,3.3920515,1.4099563,-1.2433822,1.6115363,2.062452,2.6377084,0.6173957,0.4415308,4.247128,-1.3002983,0.7573911,-2.311849,-0.34919482,0.8403136,-0.69527894,2.8670194,-1.5863922,4.4155407,2.7922134,0.922312,5.6240106,-1.8885211,-0.54836756,4.10716,-1.126255,1.2601326,0.6237307,2.6647456,3.1034245,1.30992,0.41840178,-0.0017561223,-1.2665722,5.0705442,0.31306082,4.4280887,2.9158502,1.5209095,0.96361583,1.6419435,0.93506896,1.5263386,3.5428426,1.383489,4.054757,0.7437026,0.88697094,-2.6069074,3.695133,0.28848273,1.4122242,0.99622804,-0.33961403
4.07124,0.93805623,2.5364094,-0.920436,0.7230636,2.7145052,3.3056662,-1.3311181,0.8922535,-0.19530751,3.900347,2.05578,-1.6953112,-0.47688332,1.0489719,0.8022572,2.1326966,-1.1090986,1.9071848,2.5345483,1.1991639,1.9268638,0.97752,2.6031184,0.7952661,4.3294377,2.3427088,1.0669396,2.079596,0.70435715,-0.560138,2.046512,0.40747407,-0.2210754,4.237261,3.0549755,-1.5486796,0.4055814,1.2524668,1.6483781,2.2654877,3.3497865,3.376831,-1.3534042,2.5706604,2.9856594,1.398693,1.8561294,2.6824806,2.4595087,-3.2523298,-0.57386816,-2.439235,1.7692534,2.1819584,-0.60765636,2.0144963,3.052368,-0.93438077,3.9871762,-1.6705549,-0.633869,1.8519131,2.4148219,4.338257,1.1027821,1.1660931,3.0056362,2.098992,-2.0412085,2.6849675,2.7761571,3.6601653,2.26636,0.17942359,1.61279,2.326915,3.515566,1.0357907,-0.8279494,5.362122,-1.0734198,2.3768294,-3.482469,-1.0930426,0.5972699,-3.2130594,3.8366115,-0.37904948,3.746356,0.8904163,1.5780008,6.1281853,-2.859479,-0.47910824,3.8806808,-0.484356,-0.95509577,1.2799666,3.7518659,2.7070599,1.798263,0.84952277,1.1871905,-1.8451896,5.73559,-1.1258155,4.3966646,2.0031025,1.1330414,0.6463641,1.4481091,1.4721034,3.0138764,2.7431614,0.80564266,3.6120298,-0.81217587,0.965026,-2.9320264,3.68548,-1.7352163,2.8790164,1.2518651,1.4794407
4.9884453,0.8538323,2.8304443,-1.674005,0.112984076,3.4256713,2.1002953,-0.1662397,3.4148965,1.6882867,2.0899346,0.84204817,-2.6985166,0.48477775,2.2763987,0.6539316,3.6788673,0.6678273,0.1339015,4.1988893,2.0761302,2.0935385,1.1359391,1.2617961,0.37400606,5.362687,0.8168233,2.5667183,2.2574546,0.8659727,-1.3020194,3.743716,1.5269511,-1.9638634,4.5558863,3.499607,-2.2682965,2.3556504,0.7103671,3.3302364,1.7810016,2.5432,3.3451128,0.8539678,0.6399759,1.9359996,0.9589381,-0.4999422,2.2052534,1.2530924,0.08924117,-1.7046586,-1.7478917,2.53618,4.4653897,-1.1008353,3.822521,2.78995,0.4353373,4.543402,-1.0440644,-1.3757732,3.2450132,-0.47482166,3.969521,1.1353568,1.5135716,1.5655074,1.4679604,-3.192414,0.14250667,0.9493647,4.5517063,0.26976132,0.55897343,4.215386,3.4635994,4.122215,-0.4742874,1.3741125,4.1051273,-1.5342159,2.028229,0.20754841,-0.19955803,0.37534833,0.3803495,3.2156484,-2.4581985,2.0498886,2.215316,0.710848,4.152623,-0.91966057,-3.2103412,4.6643324,1.343414,0.13334434,2.275634,0.41578805,3.9502318,2.7510262,1.4541808,-1.1166719,-2.6949465,3.5520253,0.9534862,6.3742375,0.41091716,1.2283707,-1.2442191,-0.022285292,1.3372809,2.040335,2.6943357,-0.5828776,3.470582,-0.61323893,1.6254996,-2.292925,2.9955728,0.8068122,2.6836572,2.4096885,-0.43840736
5.0535617,1.0696741,2.7925944,0.25247315,-1.5818042,2.7803378,2.0028324,-1.0582852,2.5785117,-1.1550714,2.52601,1.5678265,-1.7924476,-0.70675254,1.3734455,0.684112,5.1725307,-0.5385157,1.0455077,4.8830004,2.7611728,0.34442097,0.7254167,0.78469074,-0.13599701,4.1796317,0.7643156,1.1684139,1.570457,2.5081615,-1.4374986,4.916985,1.3093103,-1.1150422,3.542309,4.8818946,-1.0464617,1.0075085,1.8951491,3.2815464,2.8679605,1.9198219,4.8533144,-0.8009097,2.6585171,2.2697644,-0.3095705,0.9180001,2.86152,3.061073,-1.7111679,-0.9229789,-2.6844926,0.8561518,2.7490344,-0.34987044,3.9586983,3.0798097,0.7409656,4.18059,-2.0616708,0.20203543,3.3991513,2.4855802,6.218918,0.07845237,2.5995574,1.8851125,1.9436202,-3.7750454,0.43853992,2.831868,6.4893637,0.59407926,-1.1384467,3.9273105,3.250948,4.606672,1.8354703,1.0337819,6.9054575,-2.2725005,0.16924435,-0.9135304,-1.6285387,0.08494204,-0.07624832,3.4769716,-3.174838,2.5701075,0.81095904,1.2636585,5.4122486,-2.3779724,-1.4673301,6.0630727,-0.66520584,-0.7430142,1.2154359,2.8770683,2.196604,2.296237,0.3974104,-0.44421268,-1.1047654,4.620991,0.06312112,5.2412443,0.9469744,2.3699005,1.1772904,1.2438813,0.7457752,2.7866447,3.6527476,0.2500765,5.366675,-0.64952767,1.0198689,-1.9257679,3.671647,2.5157244,1.3045608,2.266938,-1.3331995
6.0620008,2.0373988,2.8862238,-1.7755194,-1.1295208,2.0076978,3.8761156,-2.2779572,3.4093144,-0.6893393,4.2755,-0.47405934,-2.2606199,1.2339996,-0.34935966,0.842654,3.8026426,0.3767404,2.4402344,3.41006,1.606978,1.288089,1.6658871,2.9212105,-0.4603192,3.5858867,1.3818376,2.45093,2.5276413,1.3947921,-0.49568775,1.9717019,2.0732737,-1.7375519,2.732927,4.727723,-3.3085718,-0.101398505,1.1197023,4.636346,2.1074047,3.8997355,5.409128,-0.4861146,1.3541257,1.651871,-0.18891664,2.0608745,2.872541,4.3776813,-0.022999635,-0.631177,-2.636921,-0.23370093,3.5216892,-2.3117588,4.1943426,4.591642,0.33093065,5.580229,-1.428481,-0.020754192,3.3351102,1.4279883,5.8642373,1.4028269,0.97326046,3.966678,0.77427304,-2.2522192,0.022990251,-0.14804871,6.0339828,2.7856154,0.32824665,2.913068,2.4398694,3.303177,0.81240636,1.0646007,4.7327456,-2.1489809,1.3237388,-0.5504152,-1.0693716,1.2901349,-0.56294984,3.0198107,-1.8353729,2.5951846,0.678821,0.36354935,5.9427595,-1.108361,-0.1516915,4.3817286,-0.18748562,0.2715685,1.3157878,1.8599488,1.7178813,2.7004805,1.2656883,-1.8922256,-1.8500626,5.132119,1.6322268,4.673185,-0.41003287,3.2057793,1.6401261,-0.21229766,1.6908187,1.9649726,1.6397893,-0.53194773,3.2812176,0.60102284,0.589095,-1.9171755,2.596471,-1.6184268,1.0240232,2.7441912,0.687793
5.9322786,2.4349616,2.761553,-0.94672894,-0.2025897,3.8140216,3.3581405,-1.4536866,2.4322653,0.35231334,3.3112867,0.5552985,-2.1788998,0.02337524,0.7704093,1.8543898,3.6439717,-1.2207023,2.869255,2.655225,1.8364598,1.7784213,1.0040587,2.138335,0.9436779,3.29161,2.7799115,0.8586042,1.3923208,0.2930559,0.5469342,3.520552,2.514129,-1.4861454,3.7327714,4.6774817,-2.4533086,1.1861166,0.468092,2.0945091,2.679429,3.4210982,4.619681,-0.3043778,2.9114163,2.0555959,0.21321994,1.1618488,1.0933412,4.306545,0.14520267,-0.9797218,-3.126459,1.7782356,3.6534548,-0.781868,3.5792809,3.2029486,0.44796044,4.3841414,-2.7149866,-0.22644931,3.004652,1.9111909,5.111565,0.35027888,0.81861925,2.1567137,2.9699895,-1.567346,1.1149734,1.4450002,4.3058352,1.478667,-0.30002174,2.4189649,3.2677248,3.8852332,1.037409,0.66143125,4.3604455,-1.9029965,1.6457292,-1.4679043,-0.3531522,0.5155643,-1.9442368,4.66135,-0.89081645,0.93392813,0.595325,0.8973178,6.1871223,-0.99044734,-1.4770887,3.3318172,-0.1829074,-0.66437966,1.7398361,0.9191904,2.8859777,2.1698587,0.27572083,-0.4984463,-1.0849538,3.5217602,-0.7955279,5.826344,0.5844257,1.8570555,0.520755,1.7438214,1.6289219,2.0604134,2.7209275,-1.1041741,4.8649635,0.6369573,2.5816975,-3.063313,3.9916782,-0.81805694,2.0447986,3.1263342,-0.7389005
3.2868745,1.0415295,0.8015034,-0.8603177,0.34657553,3.174703,0.92249817,-0.16568816,2.1930242,1.8798826,1.3869164,1.1569408,-1.2108413,0.2288417,0.8293875,0.29775783,1.6653031,-0.11862212,0.5466001,2.5508666,0.512514,1.3709968,0.13397367,1.0649228,0.05268222,4.1214857,0.8199561,0.7873976,1.6291972,-0.4963943,0.38169232,3.3855755,0.47134706,-0.6786871,3.4214203,2.0851138,-1.5618455,1.0962101,1.1951752,2.3124516,0.9461765,1.7287931,3.4852047,0.5666695,1.0409381,1.9529309,1.0469346,0.043480612,0.86990255,1.952268,-0.47397983,-0.602071,-1.6229321,0.6185272,2.3996272,-0.78853434,2.6315632,1.9416574,-0.2883551,2.6254296,-0.5644558,0.27557728,1.1722479,0.33418134,2.617247,1.0014642,2.2465453,0.9524963,1.6535995,-2.1182978,1.3144408,1.1046802,3.3041,0.47906175,-0.03450411,2.3243518,1.571061,2.056829,0.6600859,-0.40150183,2.50396,-0.8536943,1.4488003,-0.91954136,-1.2884562,0.95732534,-0.69581443,1.7302072,-1.5438122,1.1940284,1.6176248,0.6317014,4.439377,-0.5793231,-1.5964969,3.0465622,-0.17137505,0.63974625,0.77625763,1.3623506,2.3689005,1.1208508,0.09026355,-0.17706075,-0.8349078,2.968639,-0.36119166,2.679065,0.8374521,0.34177342,0.312638,0.9300114,1.2670156,1.4649159,1.6499329,0.48665968,2.0995076,-0.14663553,1.0021224,-1.8471965,3.0416071,0.16441803,1.306638,1.8846934,-0.43647087
5.1964593,2.146773,2.8417857,-0.3968097,0.52064127,3.8826733,3.1251092,-1.0643283,2.632784,0.7647549,4.048319,0.12577878,-1.2620139,-0.4470464,0.49561128,1.4799832,3.0161233,-0.7996022,1.6938875,3.6086178,3.4817712,0.66888076,-0.15441763,1.789035,1.0246564,4.415322,4.331282,0.9384166,2.1953325,1.0184789,-0.65438634,1.3972408,2.6868873,-2.2305913,5.5346537,4.2160664,-1.630268,0.46254048,0.3651362,3.8387914,2.1613214,2.081047,5.066901,-0.2110541,1.940482,1.5899491,-0.5670191,0.86692584,2.3016405,2.337458,1.4109457,0.60990775,-4.383675,1.0297436,5.4919353,-0.38480896,4.764474,4.3414493,0.72471523,3.3355687,-2.85411,-1.926201,2.649908,2.0230284,4.831129,0.73743963,1.3729727,3.088151,2.941367,-1.9120694,0.14210747,2.0591764,3.7285807,2.4454424,0.14167511,3.8764892,1.919425,2.8905392,0.105844885,1.5687897,4.2328815,-1.831232,2.6300287,-1.4092712,-1.5598134,0.5596607,-1.4293634,5.382476,-1.7677006,1.1336199,0.88795733,-0.19299504,5.2102113,-0.14528985,-3.284808,4.1322737,0.33437327,-0.4615182,1.836285,0.43296772,2.1259897,2.5647864,-1.0553124,-2.3295226,-2.7057962,3.0816905,-0.093992814,5.349762,1.0563843,1.7140714,-0.32503372,1.0657103,0.39678076,2.3126142,1.3370926,0.596087,5.856851,0.5459352,2.531942,-2.2753062,4.4658294,-1.2825394,1.4383693,2.9764636,-0.58083224
3.241646,0.13447776,2.2024488,-1.3612134,0.6178669,2.9422731,2.9146092,-1.4880154,2.0541596,1.4391024,2.6997936,1.6623956,-2.7540731,0.057976842,2.738221,1.6866778,3.2156394,-1.0925488,1.0481027,2.396195,1.9150612,0.7126492,1.0856299,2.6495662,0.31793362,3.4164624,0.6343466,0.39645705,2.9505801,0.17453083,-0.6338909,2.5484862,1.1162671,0.16057521,4.6853404,4.1925077,-1.6579657,1.2241638,1.1400253,2.604155,1.485719,2.8820426,3.2251287,0.8699935,1.8220247,1.893876,0.75518274,0.3295857,2.5066822,1.6806449,-1.7260033,-0.8964063,-1.60887,1.280349,4.4015408,0.15272176,3.0667875,2.872841,0.88887185,4.8904114,-0.6852146,-2.331112,2.4150486,0.856611,4.2683663,0.6849676,2.2585769,1.966877,1.9379072,-2.568612,1.0710527,0.9730564,4.0402565,1.5656662,-0.27600777,2.6221447,1.9826049,3.1342304,0.9090109,0.6262716,4.5204563,-1.7250055,2.3953035,-1.3456897,-0.17108995,0.21823715,-1.0547804,3.6727855,-1.521819,3.1516728,2.5389922,1.022045,5.2200303,-0.9595704,-2.01111,4.5076947,1.0893538,0.5319314,1.0188551,1.4587888,3.1327574,3.1565633,1.3715105,0.04913529,-2.0470507,4.8381896,0.2230614,3.724522,1.7407973,1.1638095,0.82779306,1.9243531,1.4557672,2.399805,2.8391738,1.6804144,3.785963,-0.26520774,0.21967281,-2.2927363,3.747352,-0.6145146,2.1283112,1.5089293,0.77232707
3.6449866,0.5441877,1.433606,-1.5073826,1.0695957,1.7590263,2.983691,-1.4997787,2.3085616,0.40045378,2.375647,0.36479214,-1.170395,0.8635259,0.65487486,-0.4157137,1.940624,0.8808378,1.0430164,2.5901985,1.9447666,1.9096519,0.55617416,1.2717078,1.922288,2.9508376,1.9857935,0.9835164,1.6267151,0.8768314,-0.7891284,3.5994847,2.4585302,-0.6088883,3.2124348,3.5048416,-1.4487829,1.8498275,0.40419385,3.2641864,2.2134874,1.567638,3.618051,-0.15361439,0.82036495,2.1325598,0.12507966,0.23503801,1.9540628,2.1237755,-1.0062218,-0.5972963,-0.7872112,1.6095978,3.2652202,-1.6161549,2.261382,2.4124289,-0.031916782,5.1451116,-1.4444519,-0.6017266,1.816784,1.3271877,4.0989094,0.69859135,1.0373482,2.8205738,1.9252965,-2.3382301,0.037414595,1.330967,4.0624547,0.5866817,-0.42125183,2.317022,1.5427271,2.925757,0.43892506,0.88633496,3.2474005,-1.9351908,1.4932691,-0.8535014,-1.3537364,0.9993435,-0.6731124,1.8485843,-1.8838358,2.828411,0.9659461,0.2595336,4.920162,-0.9619744,-0.08680379,4.673282,-0.33650216,0.7371368,1.3797364,2.3211403,2.8358953,2.2844622,1.0224458,-1.929164,-1.4928796,3.62091,0.37315878,3.3038044,0.8909561,2.5551114,-0.31401676,-0.2744346,1.2615916,2.452979,1.0587671,0.5392744,4.573649,-0.8305247,1.4943792,-1.6533028,2.3894343,0.13818651,1.139076,0.46015158,-0.006051004
4.398895,1.7376199,3.0507627,-1.1324146,1.0760041,1.8800237,1.7213502,-0.66709495,2.5237355,1.3753155,1.8550631,1.7692528,-0.5119826,1.3920844,1.1266102,1.378691,1.8327475,0.57195514,1.1999313,3.7643235,3.5549467,2.5400896,-1.5884578,1.5977455,-0.08733813,5.023362,2.2599635,1.1490794,2.5214734,0.79288703,0.09543629,3.5610654,1.5140852,-0.69710225,6.2398868,5.242402,-0.5750202,1.7335148,-1.0650413,3.6572065,1.0328909,2.362864,2.5257256,-0.4390229,1.5300034,2.5693922,1.0740651,1.5322971,3.801196,3.7709901,-0.21858633,-1.3892137,-3.0257506,2.094908,4.411954,0.110295184,3.6221998,2.2092702,0.6183539,2.7646294,-3.7052927,-2.1414535,1.6930931,1.9558684,3.6105418,1.158419,1.0805385,2.0911021,3.5159962,-2.6236422,0.055297807,1.9067565,6.441404,0.82092434,0.14722967,2.7444825,2.8852196,3.3536267,0.4196578,0.19953425,3.6924176,-1.2667083,2.4892359,-2.129061,-0.9191815,1.0592592,-0.94525236,2.8502564,-2.4640727,1.4729381,1.2144121,-0.3462207,4.2172213,-1.1183186,-2.9760797,4.0897784,1.9891067,0.23098916,3.4848335,0.799898,2.263975,1.8242676,0.6185971,-0.47270426,-1.891659,3.8651628,-0.07702412,4.2843847,1.0328896,2.7108421,0.57119834,0.04041392,1.5787364,3.0593474,2.0384932,-0.43684027,3.2719634,-1.0239552,1.9273031,-1.7822154,3.4790812,-0.17364392,2.2688508,3.518374,1.0508428
3.654798,1.0957308,2.5782752,-0.79617465,1.53633,2.5502102,1.7852888,0.0782487,1.9383359,0.048162103,1.4929327,2.0220451,-1.0273031,1.3453128,0.024426902,0.8040834,1.8647108,-0.010389504,-0.06826019,2.4850295,0.9981737,0.18391138,0.89753807,3.5380669,0.31871396,2.8384345,0.53930825,1.19153,3.1069715,0.82122606,-1.0339774,1.9220605,2.2237153,1.1160622,4.253985,3.945578,-1.6565934,0.8444412,-0.5450983,5.1706023,2.3795798,2.016697,4.7966785,0.5346078,-0.20248733,2.022967,0.31151715,1.8797109,3.360948,2.9725685,0.29830354,-0.042301223,-1.1559023,0.35290065,2.2799032,-1.977003,4.1574984,1.9116844,1.0622294,3.778693,-0.1726113,-1.5780427,3.1413891,1.9222842,3.4193637,0.8375825,2.0153832,2.7136004,1.1556447,-3.9227397,0.5747591,-0.039493244,5.5831594,-0.29728648,1.5975012,2.820414,-0.121133044,2.679757,0.614505,1.459937,3.757103,-2.2772093,0.57948196,-0.22522202,-1.914345,2.3767343,1.2566376,2.0790317,-0.23702337,2.3107555,-0.1906316,-0.65007144,4.3915615,-0.75731176,-0.91770124,5.0119934,0.35268638,1.8688533,1.7348834,2.275008,2.1586862,0.48669666,1.8346815,-2.1877253,-0.59438384,4.485948,1.0743368,1.878528,0.63304955,2.6090543,1.1730348,1.4693741,1.4735876,2.491415,2.345215,2.1290748,4.4949465,-0.74537504,0.40192926,-0.7576395,0.9386026,-0.5827334,3.1518767,1.2259609,2.1863215
4.6000447,2.2109811,2.4772289,-2.212236,-0.11858708,2.3887587,3.123062,0.5465383,3.1413336,-0.936372,1.3755388,1.7118133,-0.40310502,1.0837439,0.011199582,1.1336958,2.8005927,0.9291767,-1.4025422,4.5996943,0.7657915,2.5532823,0.49789807,3.746848,-1.0682744,3.7668252,1.3129224,1.8932126,0.89127326,1.5995655,-0.13687474,1.6994671,2.611901,-1.0655191,5.9894214,4.4252014,-2.0652838,-0.63853806,-0.78730094,4.8974953,2.8680763,2.5962892,3.7683249,0.84206235,-0.4462425,2.362107,1.3953255,2.3128138,3.592957,3.5916789,1.5007747,-1.3015747,-1.3595127,1.7943882,1.85492,-1.9204408,6.0295973,2.2978547,0.7530351,4.3905463,-1.5268886,-1.9888332,3.9413993,1.6929538,4.716511,1.144231,-0.33518386,2.2273207,0.67750645,-4.4942336,0.0963811,1.5013152,6.8317857,-0.035737224,2.0499413,3.182075,1.1848954,4.236729,0.005132678,0.3768826,3.012049,-2.87138,1.5283992,-0.74563676,-0.5590357,2.331671,0.1182942,4.655805,-1.0700222,0.9076723,-0.28989455,0.1025139,5.584879,-1.3769642,-1.3294637,4.738054,1.5077285,1.1522367,3.1311347,2.7393358,1.613804,1.3222431,1.3712938,-0.95244664,-1.6808335,5.4585466,0.7790857,3.0880241,-1.0065726,2.875388,-0.25239074,0.4676505,2.3396401,3.2149014,2.5805185,-0.6673345,4.148982,-1.3060097,2.4564893,-0.096724756,1.5296916,-0.83633447,4.0439234,2.4205744,1.730695
4.323261,0.34010506,4.703952,-1.7087522,0.8425243,2.1681733,1.791572,0.09677406,3.3260763,0.57187676,0.39269918,1.9501673,-0.024310092,1.4708147,0.29225844,3.0249162,3.8741176,0.16152953,-0.9592912,4.213566,1.5491947,2.133663,0.843698,3.2289252,0.49183196,2.8549922,0.74030674,1.3934091,2.8318021,-0.31820685,0.07317236,2.8397508,1.4679987,0.6310317,7.15943,6.907725,-3.563589,0.20001918,-1.0523351,3.2420154,2.7635684,3.698759,3.3779655,1.3482101,0.47885975,1.6911572,2.3291762,2.5376432,3.4215384,3.9217367,0.22487758,-1.7647455,-1.2916075,2.2056174,2.9196577,-0.35298204,4.267843,1.4922473,0.7145283,5.933459,-1.5150096,-3.156732,4.4480944,2.2339847,4.961827,1.5545425,1.0676689,1.0759,1.6057026,-4.910969,0.23713286,0.458625,7.4815598,0.5699108,2.2894902,2.1823878,2.213641,4.094167,0.5234098,0.33244005,3.8850865,-2.140403,2.9831579,-0.6855342,-0.36422232,1.9944813,0.9861155,5.9771256,0.8268344,0.38769382,0.42612135,0.2619629,4.324939,-1.0778444,-2.9436538,3.7488728,1.9122415,1.3402034,3.6522722,1.9070691,3.4427645,2.412051,2.6571398,-0.57520336,-0.7055957,4.1169724,0.46067923,3.6746159,-0.58832055,2.4260173,0.8444785,1.6002841,3.520711,3.0741885,2.383464,0.6151886,5.3682923,0.3882073,2.2725992,0.7031902,2.0302536,-0.84585345,4.6303306,4.7961416,2.5584269
3.662646,1.2230308,2.1800416,-0.519827,1.946462,2.346891,0.3681672,0.34278968,3.0745118,1.0679193,1.0557647,2.6781242,1.1948607,0.11467786,0.44567525,1.6592852,2.1137853,0.31275153,0.8997635,3.8836808,1.7190228,2.283843,0.19972457,1.6780964,-0.3752919,2.697476,0.35737398,-0.14253344,2.728914,2.0066197,-0.46413937,4.6364813,1.805239,0.44272453,5.8825827,4.4332848,-1.6512268,-0.16655098,-0.7438582,3.6740317,2.5597653,0.86737484,5.286063,0.63671887,1.0120336,2.6276102,3.7584436,1.8706427,4.1287966,2.741346,-1.7034007,0.17427301,-0.5397959,2.4566724,1.2587491,-0.5262787,3.593247,1.0883836,0.12961712,3.8895497,-1.911214,-1.0612886,2.9546878,3.1892729,3.3781316,0.9907687,3.6220064,2.4104102,2.8358953,-5.5406914,1.0283071,1.4077883,6.029539,0.4074428,1.3994672,0.121349044,0.5499254,3.2428265,1.400766,-0.72626126,3.402368,-2.497774,1.6489204,0.059526853,-1.2820494,1.2811426,-0.56114846,3.3190186,0.76736563,2.389663,-0.24661991,1.9477788,4.4443984,-1.5895838,-1.0771105,4.724528,0.9117279,2.392275,1.1153535,4.2405105,3.8329718,-0.023635993,3.4159875,-0.15621078,-0.6148611,4.1203804,-0.4553104,2.2501283,0.7618089,1.5729309,1.2242749,1.6553862,3.0890932,2.6468945,2.2505016,1.0733367,5.232185,-0.43917596,2.0337164,0.17132938,2.5009024,0.34783977,3.11274,2.544964,2.2258117
4.316586,1.4431357,2.9071765,-0.8986187,-0.4944222,1.9603448,0.66018426,-0.58357203,2.2899523,-1.3409064,1.475961,1.2316126,0.18264256,1.2418841,-0.96421576,2.3377907,3.7796586,-0.3838526,-0.7026754,3.5196116,0.597896,2.7433755,1.2307487,3.2856207,-0.3590102,4.561908,0.889942,3.1705604,1.3481703,2.3620718,-0.072943226,3.7449112,2.1493742,0.6425254,5.915928,2.959125,-2.5939682,0.12142298,0.5583285,2.5417101,3.6237812,2.5901854,4.071242,2.2398145,-0.12478423,2.3195646,1.2045094,2.198,2.7648294,4.2368712,1.449696,-0.52867407,-1.905857,0.7905019,1.7354789,-2.484929,4.941153,3.4385247,-0.44692376,4.34388,0.0023779478,-0.5657994,2.8630795,2.1676784,4.337232,0.069511555,-0.6772243,1.9106953,1.3520985,-3.711314,0.2744468,1.9696488,6.3260283,-0.9140515,2.0147345,3.534239,0.21575749,2.890134,-0.644505,0.17491387,3.8457916,-2.6026435,-0.07886864,-0.82209945,-1.3006798,2.907966,1.421217,5.029072,-0.40311867,1.0673782,1.1284387,0.2238247,5.179477,-0.7635574,-0.5600686,4.77496,-0.59769756,1.0943422,2.679843,2.4598362,2.4281626,0.50775325,0.8176421,-0.94540924,0.97776824,4.5904484,-0.060290314,2.6389153,0.42991388,2.857026,0.9559512,-0.25821057,1.5869856,1.920774,3.099457,1.5198417,4.717068,-0.8121394,1.8951173,-0.15490176,1.4305936,-0.26529115,3.0596592,3.3403015,0.027678018
4.00832,1.5147558,3.026312,-0.66006666,-1.6587118,2.189927,2.2040577,0.31115472,2.4355812,-0.5218578,1.3344827,0.34370264,-0.014718154,1.037081,0.30848917,1.3193532,3.3083034,0.3617721,-1.1027458,3.9956355,1.7857555,1.2701046,-0.28206483,2.418861,-0.28519532,3.0558112,1.5141262,1.1546996,0.24978706,1.7153715,-0.53476286,1.7707124,1.909855,-0.054186597,5.6735754,3.7455356,-1.6639067,0.6256464,-0.7032017,3.209904,3.3286824,0.9769307,3.714436,1.1671385,-0.14299113,0.49761584,0.78627,1.9951749,4.2296586,3.0804625,1.1158088,-1.0604353,-2.010083,1.9147631,3.2631488,-1.2405438,5.22091,3.6738229,1.7683927,4.3130465,-2.034653,-2.7550173,3.834376,2.6046226,4.965891,1.2879225,0.1467838,1.1953913,1.6455796,-3.4123554,-0.53067315,1.9822673,5.7268286,-0.14638403,1.3708174,2.75636,0.9822564,2.618517,0.3924673,0.906871,3.5093844,-2.3928556,0.14510179,-1.2374768,-1.3382266,2.8704164,1.5786489,5.7245193,-1.1976025,0.7588593,0.3243396,-0.26544464,3.7409806,-1.1119153,-2.381344,3.9071045,0.38697737,0.70906657,2.8548,2.1117957,1.7263867,1.0593665,1.2348342,-0.76822764,-0.714119,3.9633174,1.2767036,3.8902462,-0.55970526,2.5461903,0.054318044,0.57923406,1.1672499,2.700314,2.8624156,0.48059413,5.1227736,-0.35714343,2.4477875,-0.1680909,1.6677145,0.43918115,3.1701133,2.595446,0.50814354
2.8250651,1.5244653,2.7953837,-1.2260121,1.1359229,1.8365372,2.1215255,0.36722234,2.5163095,0.034629364,0.69216186,2.0728445,0.027671501,-0.04928025,0.61460537,2.091228,2.3740325,0.48423943,-0.4487809,3.5239992,1.7659278,1.5110092,0.35760456,3.5001912,0.91042495,3.0578766,1.8240197,0.45592082,2.1899383,0.9306148,-0.39399853,1.3007026,1.3820539,-0.31913385,5.14133,4.7431083,-2.5513568,-1.4166328,-0.4813198,2.8120084,1.998764,3.0473626,3.273459,-0.3270101,0.8249937,2.2566612,1.7358991,2.7192502,2.730662,4.3511744,0.2155301,-1.4289777,-2.1163204,1.6443269,1.6018317,-0.33950612,3.6637504,1.8162036,-0.29439706,3.4823189,-1.8492764,-1.4769053,2.4833457,2.4458072,4.77658,1.2691648,0.065278925,0.7283802,1.2808048,-3.9062123,1.1441743,1.8812755,5.1475616,0.4559579,1.0844729,2.4897099,1.1535981,3.1901035,0.93436706,-0.4102028,4.3162546,-2.4485319,3.076227,-1.7734567,-0.84564406,0.7744426,-0.11794645,4.6750393,1.0778357,0.35994774,-0.44932416,-0.056487754,4.702866,-0.8629558,-1.8300847,3.8840008,0.14434431,0.38518313,2.276859,1.4950628,2.3114371,0.75197625,0.31543183,-0.8705053,-0.37403703,4.239633,-0.19047219,2.4379885,-0.012332197,1.5323017,0.2512267,1.8937155,2.383091,2.8169563,2.6355548,0.85624355,4.5203695,-0.108650975,1.6882056,-0.30879667,2.7461572,-1.3337725,2.8909488,3.2890277,1.1172245
2.6842544,3.2101057,1.1805475,-1.3253114,-0.28719002,2.0407622,1.9486698,0.30140132,2.127829,-0.5855016,1.6847638,1.0493698,-0.3925529,1.8583077,0.31877664,2.5764802,3.226731,1.6774056,0.544249,3.3120048,1.408958,1.7768576,-0.3106923,2.9982533,0.30074838,2.8442879,1.9622357,0.8367762,-0.9969642,1.1635604,0.297381,1.7053325,2.1992211,-1.260113,4.1914454,4.416902,-1.9478755,-0.2549716,0.015030116,2.3330283,1.9574629,2.5023775,3.174742,1.1453748,0.46439698,1.7687488,1.6675718,3.2239864,3.0802524,5.223788,0.84183955,-2.1092157,-1.166236,2.5487144,2.2349298,-0.55858403,3.9432058,2.026785,1.6584759,3.12388,-2.7573464,-2.3349066,4.1876082,1.6406387,4.3552012,0.51517755,-0.5643453,1.8263936,2.406373,-3.3691773,-0.12409961,0.9067664,5.1201224,0.17332278,1.9984856,3.0621083,0.7225296,5.08139,1.2279227,0.44514775,3.0829687,-3.9124615,1.2698485,-0.68302333,-1.5754567,1.8323609,0.6059978,4.142887,-1.201426,-0.14459194,-0.6695026,-0.35594958,3.5717218,-0.5627005,-1.2823875,3.1993647,0.8896527,0.89286566,2.0028603,0.8086486,2.1803784,0.6458175,1.4453166,-2.4838583,-0.65970117,3.5993164,1.0443038,3.2569299,-1.2073534,2.7922757,-0.95282465,0.057375398,3.4932969,2.8373299,1.5684297,-0.6241007,2.803299,-1.2784725,3.086243,-1.8847369,1.6356723,-2.4670267,3.0335352,2.5459118,1.7003782
4.443109,1.665723,3.1435122,0.02722768,1.4401864,2.2876854,1.7946476,-0.8659116,3.6308713,-0.83458686,3.63495,1.1915647,-0.31704727,0.72373056,-0.30171224,3.0840745,3.8332102,-0.67861354,1.28145,3.1608672,1.672055,3.7502816,1.3627105,2.5740771,0.9607245,3.3434136,1.8795469,0.8887955,1.5032257,2.8149793,-0.14245476,3.0460746,1.7781899,0.7006302,5.8053803,5.167511,-3.0207407,-1.0297945,0.9554903,1.6517874,3.732412,2.1768725,6.2186832,2.3079405,2.0669184,3.064289,2.0720906,3.0328941,3.9681377,3.7028747,-0.5671837,0.44560385,-0.86262363,3.007588,2.5654848,0.14182764,3.7948642,3.9425328,-2.0770514,6.159485,-0.17008351,-1.7368122,4.2694297,3.6512723,5.193288,0.6854129,2.4876754,2.4945588,0.7778316,-3.3174343,-0.037308086,2.2549148,5.725722,-0.05424813,2.896318,2.8547263,0.68519044,3.5384078,0.3884925,-0.12128215,3.9084752,-1.80486,1.7593604,-0.46585336,-3.0504775,2.5753872,0.3547608,6.3273997,0.76373833,1.5127147,0.6866159,0.9394179,4.2097826,-1.1901797,-1.8007392,3.7525902,-0.40624535,0.6001555,3.4266145,3.253879,3.0668097,1.1025383,2.8886576,-1.8885028,0.84632635,4.5510097,0.025427476,3.1891167,0.67325264,2.4389129,1.1039431,0.7787823,3.1781144,2.4335797,1.4714919,1.3815621,4.262562,0.012007532,2.9185872,-0.6671189,3.2976038,-1.2117602,2.202713,3.507644,1.1659751
3.7810416,1.362873,4.3539166,-1.1258372,0.22338878,2.4218454,0.4019339,0.9392014,2.7472825,1.3748901,-0.14113273,2.2540927,-0.12404966,1.1414565,-0.124636196,2.8258321,4.3029895,0.065158434,0.2028236,3.5664237,2.697773,2.2980962,0.35361904,2.7349749,-0.25484604,3.662622,-0.13625562,0.26888326,3.2132277,1.3591231,-0.22372316,4.8520885,1.8752345,1.3366537,8.131948,5.671763,-2.103207,0.70168,-0.9636434,3.0173056,2.9504592,1.3603181,5.294706,2.8437643,0.5293606,2.702734,2.4006968,2.2403831,5.275405,2.1538355,-0.6103732,-2.062009,-1.4716599,2.132761,1.0998236,0.8446374,4.426752,0.5849781,-0.22879,4.148096,-1.9128351,-3.1032383,4.2128406,2.3054638,4.589032,0.6393993,1.8285218,0.80004793,3.1373422,-4.681602,0.47671032,2.8651166,8.34396,-1.3817537,2.953008,3.0580194,1.0980436,3.2678995,1.3498464,-1.0409434,3.4502473,-2.0141754,2.451237,-1.8284886,-2.892772,4.140506,-0.85444343,4.7375946,0.077917896,1.0416154,1.5965557,0.1262843,5.0574737,-2.4532373,-3.9451873,5.455208,1.3108698,2.358158,2.8100967,3.186494,4.391036,0.772967,3.4550726,0.10874131,0.47700363,4.5361156,-1.3996621,3.7056496,0.87621003,2.8229039,1.5900921,0.34239957,3.0736477,2.3921854,2.7203465,1.241909,3.7127314,-1.3487747,1.945933,0.056205068,1.4837685,0.6052319,4.142346,3.4801538,2.2441058
4.023506,1.6934248,2.6956165,-0.3606757,0.5106959,1.8169909,0.059892613,1.877911,1.3734396,1.5176121,0.9432273,2.6714582,-0.018713776,1.9058301,0.36511096,1.5275818,3.0861366,-1.6887271,0.15525211,1.6949737,4.008038,1.3688456,-0.83752567,3.0314288,0.6127987,2.6578438,1.8267945,-0.13129282,3.0589256,0.890923,-0.83251107,1.8848406,0.20315081,-0.67971176,4.117437,4.4014053,-1.3613917,0.07456884,-1.36341,1.7479373,2.5031471,1.3776358,2.8676257,1.0646197,1.8786389,2.6362357,1.5660373,0.2577804,2.470153,2.4362583,-0.32552522,-1.0356356,-0.8465072,1.8783969,2.6554618,0.06511247,2.3226407,1.2158452,-0.8224825,2.830551,-0.766654,-2.2168217,2.5953748,1.9715555,2.8633103,1.5670112,0.5591414,-0.2079559,3.433593,-3.4761899,0.71169406,1.2983613,4.573992,0.10010749,1.7374852,2.1632254,2.5555744,3.0867238,0.56434506,-0.10947602,4.533988,-1.0894592,1.8658667,-0.14723633,-0.22251034,0.5689171,0.9297032,2.8251579,-0.018945737,0.17789964,0.019104283,0.4587323,3.145597,-0.63231087,-2.5956073,2.4414487,0.2761318,0.16718066,2.304997,2.5859418,2.654509,0.9237468,2.1262581,-0.55657154,0.4476378,2.4874344,1.4165184,2.4733222,-0.35904428,2.0746553,0.39730385,0.7247065,2.6227822,1.2579504,0.83724445,0.022853425,3.5173624,-0.84633726,2.1286335,-0.4166946,3.1775396,1.2885159,2.0416806,3.1052883,1.2722701
3.7948062,1.439743,2.9043458,0.7268164,0.47476023,3.6566653,0.72003794,-1.0521432,1.8245264,-0.04626317,1.7410955,1.5145351,0.4633709,0.012986502,0.3569401,1.6593119,2.1937742,-1.1226747,0.9119334,1.6003832,1.3353342,1.492257,0.4765798,2.7876363,1.4962498,2.9023178,1.9959571,-0.13222662,1.2244794,0.5934453,-0.107816026,1.9759449,0.81935346,0.15069316,3.8922532,4.1274157,-1.8162447,-0.039955422,-0.31333312,1.1163403,2.5026238,2.6580985,3.4525936,0.26771933,2.5470629,2.096433,1.4558357,2.2023969,1.4413878,3.1484594,-0.4924189,-0.10750419,-2.1024287,2.5671263,0.94775456,0.47509474,2.0867715,2.5364807,-1.1143832,3.6843305,-1.0884098,0.36203003,3.0436792,1.8634058,2.803265,0.8580339,1.5051941,1.0500047,1.7816228,-2.607877,0.88285345,2.2820532,4.1933417,0.20045242,1.3994229,1.059292,2.0240197,2.905697,0.8983541,-0.93587756,3.5585532,-1.3509209,0.8385445,-1.4044014,-1.540275,1.2618307,-0.23120959,3.8256211,0.591508,1.104669,-0.036405392,0.037177376,4.1354814,-1.5250844,-1.9403569,2.3163962,-0.44905722,0.17069522,2.2053773,2.3144,2.5530307,-0.20253758,1.527743,0.093002394,1.7491091,3.2197766,-0.3213128,4.36125,0.61856484,1.1595768,1.2680998,1.2044863,2.169458,2.157802,1.931686,0.18385659,3.623278,0.40211675,2.7014408,-1.7537572,2.786368,-0.23419882,1.4262668,2.4438124,-0.2066647
3.426412,0.9449047,3.3789415,-0.454046,0.99713975,2.5829802,1.384144,0.39996535,2.4400964,0.18845198,1.771208,0.17487189,0.10163334,-0.05532012,-0.586164,2.9269567,1.8252462,-0.094027825,-0.41726926,3.0847416,1.6718299,1.3819796,0.7825268,2.6377096,0.318067,3.4505112,-0.018379014,1.7482485,2.1081529,0.46626183,-0.5560565,1.060535,1.6734246,-0.23079908,5.807121,3.600278,-2.6442795,-1.1339533,0.13920844,3.1409512,2.378739,2.3176255,3.9407961,1.7193055,0.45554566,1.1077629,0.4458709,2.5564547,2.9825914,2.9805434,0.71170104,0.65660095,-2.1849735,0.91177815,1.319075,0.6655902,3.324318,2.3011618,-0.3601565,3.7143595,-1.2040973,-1.5282114,2.7056868,2.7573743,4.384253,0.25792927,0.93702126,2.115213,0.89284486,-4.0910378,-0.5747256,1.6373096,5.652354,0.90867466,1.8875822,2.359387,0.83346504,1.9154191,0.25190806,-0.22788386,3.2646267,-1.3931706,2.0034723,-0.77960604,-1.3713586,1.771803,-0.20149183,4.861718,0.35844228,0.65401137,0.23988187,0.7816778,3.9896743,-0.27713788,-1.2996877,4.4313827,0.62480587,0.78404313,1.6348004,1.6132298,2.0833817,0.4173369,1.8308904,-1.6077082,0.7689829,3.3028321,0.2749845,2.006208,1.021619,2.683681,0.93090796,0.8946458,1.4242357,1.7942269,1.1074312,2.316362,4.2997117,-0.5290754,1.320403,0.38078266,1.4589175,-0.7666084,2.2223582,3.1296716,1.2623024
5.1467443,1.7516285,3.7157526,0.060332745,1.7427818,2.4579973,0.38084143,-1.2514057,3.5411787,0.46281284,0.3536285,3.0401278,-1.800703,1.2768619,0.37596518,2.4852285,4.7479305,0.2881699,-0.37240422,3.3207188,1.632182,2.9450042,0.91865927,2.106165,0.15102872,2.9336321,0.47950363,1.8789794,2.2340977,1.0099825,0.4260959,4.7539477,2.7194476,1.013894,5.4348593,5.8911905,-2.667977,0.73724437,-0.91472214,3.527756,3.814399,1.3275086,5.567836,2.0529249,1.2686692,3.0560613,1.2710054,1.3157539,3.0130653,3.4913251,0.19381495,-0.7336323,-1.2762694,2.2992933,3.5224302,0.20872194,3.8113244,2.8347583,-0.7384175,6.307725,-2.0569692,-1.8078284,3.3822212,2.8262413,5.3679924,-1.16079,3.2730262,0.3403329,0.6860142,-4.2030196,-0.47885314,2.3816407,6.295586,-0.9615742,1.631384,3.891155,0.5411239,4.6693645,0.02645931,0.13032243,4.0909886,-0.9208432,2.247527,-0.83986604,-2.6656072,2.1298976,1.4136504,4.7230697,-0.2161743,0.09603216,0.26448756,0.7839478,2.5761268,-0.947322,-4.232441,4.00366,-0.63663936,0.42409483,3.567563,0.85605645,3.3116806,2.5859566,3.4468536,-3.0342827,1.1483524,3.9708786,0.49812227,2.2653859,-1.4766582,1.7469296,0.46673608,0.6874934,2.7809496,0.80628455,2.62625,2.2889845,4.7372303,-0.20312934,2.476641,-0.18854858,2.3655467,-0.00013643503,2.9921134,3.6778116,0.009875062
2.4863434,0.9268191,3.1194425,1.5342906,1.7718858,2.6771884,0.9931051,-1.158166,2.617305,0.49542722,1.4123051,1.9400365,-0.1251349,0.75177836,1.0458949,1.5616744,2.480813,0.47310734,0.79635835,2.9741073,1.2063245,2.0389347,0.28050187,2.1512394,-0.84395075,3.5494444,0.9300168,0.7559022,2.034005,1.4357516,0.25519672,3.7908437,1.218409,1.0480561,5.498855,4.9003882,-0.41126955,1.6004692,-0.56405914,2.6275795,1.8361106,1.3965479,4.02525,1.723027,0.60677373,3.1357083,2.9210856,2.3343468,3.593843,3.8064485,-1.6854511,-0.62443423,-1.3717501,3.1855624,2.724529,-0.6252063,3.0899675,0.94666,-0.29646894,3.412251,-0.4966804,-1.7296566,3.6873853,3.232953,3.0389602,0.23525211,2.819703,2.1082916,2.354188,-3.598346,1.6559607,1.6878288,4.816715,-0.66826344,1.4780291,1.594875,0.32499066,3.0432205,0.4884114,0.70407736,2.8379972,-1.7163334,1.8121594,-1.5760255,-2.209398,2.8163273,0.06916181,3.391564,-0.2861588,2.6928933,1.0079155,0.2994871,2.9875543,-1.2128333,-1.7769942,4.984752,0.59847736,2.4178736,2.0389733,2.6865091,3.855734,0.05889059,1.7946153,-1.3184699,0.8005892,3.73474,-0.33512756,2.4845908,1.5313584,1.3217303,0.25268692,1.5187104,1.6750463,2.236634,2.4126825,1.7687947,3.6913197,0.32524967,2.3224745,-1.1334196,2.1662354,-0.5929738,3.1082685,1.4272273,2.1125631
4.241319,2.03879,2.1830595,0.62057483,0.4003694,3.9871373,1.8750484,0.40325102,2.3330774,0.6899892,2.4898562,2.0992322,-0.96301967,1.798199,0.2552988,1.0115803,3.3413162,-0.9651853,-0.91762275,3.6998425,0.470173,1.0352541,2.2885852,2.5189824,-0.8609315,4.0246477,0.27768025,1.1516817,1.7632699,0.5882605,-0.1381839,2.7488146,1.2951355,-0.25900334,2.8729734,3.5443084,-2.3681664,0.614212,0.6698635,2.9113166,2.5674827,1.9907894,4.962508,1.8486974,1.9086642,2.4944198,1.330814,0.29597437,3.3259268,3.0666845,-0.5073241,0.5703324,-0.74883664,2.4556887,2.3051589,-1.8178037,4.9434443,3.6852093,-0.12615265,4.588877,0.5938973,-1.1352304,2.9289734,2.7919786,3.4799602,1.1761831,1.8476529,1.8165327,0.5582552,-3.79327,1.0251634,0.77879643,4.3549986,-0.32867837,1.3900495,2.0434525,0.69639647,3.4380207,0.11357342,0.8397979,3.4849052,-0.8963705,0.82998866,1.078099,-0.5246863,1.1379739,0.8745227,4.226471,0.093611345,1.8509514,0.72596794,1.7709442,4.2550545,-0.71969205,-1.8786669,3.186543,-1.5819815,1.164671,2.2761836,2.8790932,2.6281784,1.4297322,2.626403,-1.9811553,0.03316919,5.298141,0.40355638,3.3316402,0.34452143,1.268811,2.0039463,2.2310154,2.40116,1.0956767,2.1214821,1.6738296,4.3859262,0.40921265,2.070001,-0.8667423,2.3113322,-0.35111642,3.060341,3.9768639,0.57666236
4.5910177,3.0561485,3.191141,-2.5200045,-1.6941739,2.5670023,0.8854308,-0.4489403,2.6837227,-0.55875224,0.90544325,1.8217679,-1.3554997,2.1414948,0.72961694,2.434051,3.693651,0.745829,-0.08468077,5.531168,1.5289313,1.7933528,-0.10128717,3.1124167,-0.62877256,2.6346164,0.7737667,1.699843,-0.13244846,0.4831868,-1.5834631,2.7844298,3.1581872,-0.45467913,5.508475,4.888428,-3.4774296,-0.41056946,-0.83403313,5.893573,2.7855203,3.0667775,5.5041184,0.63871056,-0.8433842,2.3177817,1.4470837,2.6517508,3.964254,4.281488,1.8576317,-1.5023376,0.043682653,0.35921866,2.4840803,-1.2799258,5.6508455,2.433053,2.6701229,4.853586,-4.382877,-1.5655607,5.665655,1.5697058,6.286038,-0.17510352,-0.4791609,2.212545,1.0551382,-3.1889267,0.021490917,1.0403425,7.545386,0.2642615,1.9167575,3.4454887,1.0139878,5.7485986,1.5386535,1.703326,5.6557255,-3.0163975,0.39158946,0.79061407,-1.3148185,2.476682,1.8501009,4.2873983,-2.041458,-0.94391495,-2.3432264,-0.0728463,5.984415,-1.3771318,-2.8936944,5.051583,1.2814027,0.40814978,3.336539,0.15568456,1.9522587,0.82307565,3.1768134,-3.4963849,-2.4052744,5.5814223,2.0603702,4.2571454,-1.2249242,4.4809704,-1.3458487,-0.75914556,3.5672827,2.7074206,1.7633003,-0.75962645,4.357048,-1.1598874,3.9514782,-0.4131445,2.3639717,-1.0278833,4.088796,2.7284257,1.7749196
3.774688,3.1265585,1.6459764,0.81436944,-0.19009514,1.8347068,2.871101,-1.0901508,1.4948531,-0.60005957,2.2715926,1.6284219,-1.2468194,1.2809014,0.83032507,1.6174103,2.265769,0.74608743,-0.3878708,2.5212128,2.5839484,-0.17705822,1.2265451,1.9186782,0.92422026,3.0828974,1.9137206,0.6249592,0.111307874,1.9593623,-0.27189937,1.1705698,2.1330159,-1.2228882,3.9355607,4.2977724,-1.3883953,0.034782927,-0.3981879,3.7640707,2.1693182,2.413018,4.314146,0.6478247,0.13056967,1.3470031,1.2873142,2.1606143,4.777147,4.256652,-0.045470383,0.171816,-1.1464952,2.1286795,4.241786,-0.6802082,4.4574866,2.6378226,1.307907,4.184503,-0.46635327,-2.1824892,2.7375228,3.6337776,4.74468,1.4694815,-0.17223513,2.589502,1.4738727,-2.7065196,1.0574789,0.0029378012,3.9665227,0.33722633,0.097190596,2.4404776,-0.16592251,3.8826694,0.31363687,2.3568237,4.263298,-2.2493486,1.3725877,0.6792213,-1.1347941,2.4200354,0.84444106,4.4846334,-0.57233226,0.67942286,-0.13380092,0.67028034,2.8695252,-0.7362749,-2.11908,2.4647498,-0.88326013,1.8793048,1.870864,2.429867,2.222419,0.9513048,1.1951914,-2.8832045,-0.38406783,4.405923,0.7945263,3.3383012,0.34828055,2.6831362,-0.02255639,1.201779,1.483906,1.982712,1.7434614,2.9388638,4.7761655,0.31580722,2.4653752,-0.18397845,2.4186263,0.71639204,3.7915678,3.6272721,0.91912174
4.342888,2.6689103,2.5204813,-1.8328638,-1.05781,1.9564738,2.5892262,-0.5751237,2.927094,0.47079244,1.5791348,1.092385,-0.022670446,1.3993922,-0.826426,1.1752014,2.3361323,0.86380184,-0.7831332,4.196555,0.635398,0.79905987,-0.36472225,3.1965742,-0.205407,3.1774962,1.2821931,1.3755443,0.47312388,2.1532028,-0.3176724,1.4562029,1.2653878,-0.79701275,5.4138575,3.3977592,-2.2177718,0.22479725,-0.03338596,4.056243,2.7216763,2.5792387,4.953384,1.7662886,0.6554305,1.7582878,0.6749752,2.5398917,4.2729454,3.2750335,1.0713986,-0.6883558,-0.92186296,2.215186,3.4178107,0.31613016,5.318713,2.1128557,1.2495357,3.1975338,-1.8987515,-2.765134,4.0150228,2.2239702,5.063842,1.0619003,0.62102336,2.4738348,1.3808652,-2.938115,-0.37898293,1.6476516,5.3391395,-1.2026007,1.6880485,1.6414311,2.4913027,3.0922341,0.9721231,1.1339052,4.3818407,-2.5931718,0.9200434,0.20606387,-0.79027396,2.6994581,0.79973096,3.8457813,-0.86816686,1.0896559,0.3075363,-1.30469,4.090061,-0.6057622,-1.2063267,4.1987762,0.68207735,0.1815094,1.4934503,1.1769227,2.2305803,0.86664045,2.122173,-2.440774,-0.80935085,3.3219094,1.7592229,4.1977034,-0.43462795,4.3720636,0.3344387,0.6601627,3.280388,2.852291,1.9197773,0.89911544,3.6149244,-1.741267,2.4539366,-1.3739895,1.2594954,-0.5354567,2.9801698,1.9039547,1.8362584
3.4816458,0.5180706,4.508637,1.1267033,0.07234357,4.151391,-0.06637342,-0.6316969,1.5762174,0.76937896,2.4346359,2.0442176,0.65966433,-0.4431619,-0.26356205,2.6375105,2.9620476,-3.4555829,0.034672547,4.3847427,2.407236,0.3825681,0.54680455,2.0833619,-0.82570696,4.7721753,-0.29317808,1.6739919,2.5230324,2.3506818,-0.42579848,3.1394274,0.41585484,1.0416296,5.796645,4.3422875,-2.0387626,0.8326133,-0.6856364,3.2928042,2.6732314,2.390068,4.3917513,1.3902735,1.260914,1.7230812,1.7224141,2.8015213,2.6561942,1.7478802,-0.8541259,0.35676762,-1.5246568,1.6849447,0.6602258,-0.009027956,3.5628386,1.7187502,-0.42663598,4.4774995,-0.606179,-1.2720288,2.4805248,3.6418788,1.7097896,-0.52349234,1.7790755,1.034072,2.3043828,-3.5202396,-0.36218765,1.3869294,4.5022492,0.04584076,2.0608256,0.67899024,0.5263389,3.0492465,0.49716756,-0.5868417,4.4690747,-1.4362549,-0.2516013,-0.36686555,-0.45726076,1.4846249,0.2843597,2.987924,-0.14575422,2.092848,-0.25626647,1.6751493,5.0136623,-2.7004857,0.26871863,4.227073,-0.101402685,1.5981996,2.2965562,3.0509875,2.8725538,-1.5226283,3.0805762,-0.19864221,0.25264937,3.9222932,1.093954,2.3416705,1.9013684,1.8218563,1.9721609,0.8492027,2.3010702,2.5650382,2.6289759,1.2109387,5.462354,-0.596479,1.1109287,-0.99081445,2.2359543,1.2934718,3.0577867,2.5837483,1.2127452
5.485502,2.4445088,2.8294957,-0.8357472,0.6279769,3.3348994,3.809693,-0.7090837,2.508816,-0.28887528,4.0565143,1.1101668,-2.261929,2.1012208,-0.23839253,2.335223,2.0552287,0.15151462,0.20545055,3.2588842,1.3966528,1.3919839,0.6894969,4.816081,0.46946004,3.6499639,1.6325413,2.0549915,1.4066118,-0.04373231,0.43167752,0.97868377,2.141244,0.31926677,4.6196766,5.585561,-2.7654006,-0.6230285,0.60574985,3.6092954,3.114503,4.219344,5.5854053,0.98457205,1.7783315,2.24135,1.2674972,2.465685,4.275063,5.8458705,0.2191787,-0.34734064,-0.45385507,1.2854918,4.2112064,-0.8452503,5.2120867,4.0906696,-0.19100559,6.5365267,0.3316754,-2.5620306,3.9688563,4.0868163,5.416064,1.5083514,0.7645017,3.9611905,-0.008274652,-3.021688,1.1495454,0.8481688,5.375532,1.2416266,1.9599346,3.4089246,0.28379324,4.760557,-0.3764679,1.0685141,4.5443006,-1.6768125,1.9550475,-0.4116089,-1.7486525,2.400053,0.8799709,5.985619,-1.2423434,0.5548109,-1.4077892,0.72025186,5.1922994,-1.0264562,-1.5042933,2.7687845,-0.620646,0.8208446,2.6033468,3.2177558,1.5095193,0.84508806,2.795562,-2.5109103,-0.09689507,6.0967593,1.9614788,2.3011198,-0.61497873,3.3063867,-0.16306847,1.9099573,3.259707,2.7715197,1.907287,2.1355932,3.4869547,0.28224337,2.5138185,-1.6135094,2.1470945,-2.2115734,4.7196984,2.7544959,2.9998214
4.0503044,1.4950455,2.7772987,-0.38491008,1.0263126,3.3082783,-0.79047567,0.44906294,2.992683,-0.2975818,1.0355376,3.0249324,-0.08016904,0.44562113,0.18500805,1.5012771,4.0005593,-1.9390631,0.40097824,3.1569629,1.2015433,1.9704363,0.05751057,3.993392,-0.45552912,3.5740728,0.40248507,2.5932257,3.4152825,0.7976812,-0.31717646,3.96522,0.8229128,0.97087526,4.0455127,4.464143,-1.8120255,0.059338443,0.57222754,1.6580635,1.3865545,2.1268334,2.8410683,0.4294384,1.6567159,4.540353,2.3191733,1.4737005,3.539885,4.3499823,-1.7261358,-0.2835834,-1.9569048,1.8106043,1.1050687,-0.19766656,2.8295577,2.355301,-1.4271566,3.37276,-0.33090055,-0.20227554,3.225599,2.6592293,3.4193177,1.5614866,1.1792762,1.3868568,2.2820513,-4.212846,1.8006417,2.2869058,5.5356245,-0.78489286,1.4569229,2.1692443,2.400844,2.9312723,0.26289624,-0.50740635,3.9139245,-1.715019,0.8301211,-0.89103717,-0.58596534,1.0535923,0.6345866,2.2921486,0.42511222,1.1794001,0.8115857,2.1268334,4.71265,-1.5385302,-0.76986027,2.3635187,-0.35791487,1.317124,1.2468847,3.5730796,3.2634978,-0.7215103,1.9324794,0.9574268,1.8155671,4.132296,-0.48435897,3.897399,0.008024672,0.06305781,2.6807933,0.6690698,2.300237,2.153435,3.9462786,1.2400209,2.925535,-0.62212837,1.4283692,-1.1942998,2.5885751,0.8182716,2.8313026,3.766199,0.6241124
4.5921025,2.408331,2.9775724,-0.2391913,1.8310001,3.0083015,1.0428039,-0.8045065,2.581025,-0.12253167,1.8883849,2.1092362,-0.7695318,0.112226196,0.4042279,2.5175135,1.9611785,-1.5544503,-1.007059,2.6458511,0.563347,2.568579,1.6657739,3.9819055,0.29664862,4.6951056,0.33526304,1.5611441,3.6145933,1.7440729,-0.46993697,4.0710344,1.6699538,1.788353,4.4760785,3.8941853,-1.5255556,0.011746012,0.47988895,4.1490135,2.2807732,2.6023936,5.7549114,1.7198409,1.3573267,2.8069851,1.361595,1.6375761,3.9882197,4.0000806,0.08356211,0.82260126,-1.3654296,2.2131793,2.023459,-0.87805814,5.079821,4.4083505,-0.5517308,4.7627835,-0.9003882,-0.2228123,2.4310224,2.8342478,4.5856047,0.46732682,1.4204934,2.3523173,0.6966764,-3.8116207,0.14107828,2.0855956,5.5369444,-1.0394673,2.06454,2.661012,0.45800266,2.7406986,-0.44681856,-0.035129018,3.557021,-1.4343135,1.489735,-0.95146203,-2.7901652,1.5051864,1.1045024,3.8210738,0.45589003,1.88521,0.23722568,0.8220392,4.395732,-0.82454646,-1.1715038,4.377629,-1.4706466,1.3134675,2.4673426,1.8011982,2.46296,0.1271436,3.4700112,-1.0859072,0.74687696,5.2738047,0.33817902,2.7915678,0.70068884,2.3113375,1.5016725,2.0211682,2.1181018,2.0384052,3.669314,3.2291663,3.962803,-1.0032976,0.8910415,-1.8905905,1.7989007,-0.88455486,3.8831005,2.1578617,0.13947158
4.071362,3.8044024,1.6049533,-1.8690454,-1.1634693,2.0200438,2.6023233,0.56613725,2.2791646,-0.8310076,2.1136038,0.56673104,-0.23583804,2.2915318,-0.16686177,2.7611415,2.8856847,0.7098768,-0.033083405,2.9569995,1.8625038,1.4227694,-0.1576595,2.8274846,0.90796226,2.8342035,1.6731721,0.74317974,0.7736184,1.5612255,0.053937744,2.5652046,2.445764,-0.8482345,5.0506687,4.8771152,-2.520224,-0.42767027,0.055079594,4.584876,3.395226,3.1752348,5.5037093,2.2829542,0.2715832,0.9592396,0.40126997,3.0338776,4.699319,6.021259,0.28801286,-0.004894563,-1.581725,0.9783965,3.3254695,-0.90649194,5.320849,3.0552044,2.3226597,5.2040544,-1.9991646,-2.0679336,3.2609906,4.0135794,6.794516,1.4710697,-0.8840443,3.1307018,2.2397113,-3.7162597,-0.24611028,0.97454095,7.8262105,0.7489871,1.1579839,3.1288576,0.16165332,3.621778,1.9338051,1.7044761,4.1950874,-3.085136,1.589782,-0.22065096,-2.9981134,2.8423157,1.1199594,5.350942,-1.8552272,0.4452775,0.23668137,-0.46717632,4.0738077,-0.35973665,-0.7288244,4.7603426,-0.2904994,1.7497637,2.5015566,2.0323908,2.2339017,0.5050648,2.2329893,-2.668852,-0.33271956,4.3254356,2.7944918,2.3450694,-0.6328933,4.6235957,1.0075754,0.51702857,2.6640105,1.7927713,0.76632524,2.4816666,5.782564,-1.7009753,1.8480297,-0.20121257,1.1776723,0.019509435,3.123785,3.367287,0.55644387
4.4076085,3.3901768,1.7486525,-1.1057518,-0.33608836,1.7967227,1.7189269,-0.25916824,2.4491239,-0.22472337,1.0331464,0.23979416,-0.071612194,1.6288779,0.04627636,1.7128981,2.7804363,1.9809357,-1.4459221,4.2585206,1.6782862,1.2663388,0.55806196,2.0038872,1.1750399,3.5475717,0.9555697,2.053399,-0.3250655,2.2018974,0.10840885,2.834946,3.3990183,-1.8542492,4.5901237,3.2135055,-2.2343223,0.43348816,-0.29238728,4.2151666,3.2737386,2.68112,4.155622,2.0928748,-1.1634902,1.1357868,0.56505024,2.1329627,3.9171019,4.3321366,2.9880264,-1.2545468,-1.2223406,2.1982386,3.9331782,-0.44251102,5.2291865,3.006214,2.0527804,4.2187033,-2.6660302,-2.5011654,3.259908,1.8432122,5.176545,0.9302145,-1.0404223,2.3744626,1.5102043,-3.9581203,-1.5582362,0.96732426,5.5015035,-0.6736401,1.5690846,3.0517812,1.628931,4.0206842,0.0027054558,1.2207383,3.2304907,-3.9283173,0.8844789,0.45971775,-0.9660588,2.0028749,1.8968878,4.953116,-1.3985336,0.15737496,0.035830084,-0.54699385,3.5561986,0.25946957,-2.1620815,4.8418107,0.1488789,0.74131227,2.5846615,0.8005683,2.6314845,1.1171216,1.5297878,-3.329216,-0.7851178,3.5413094,2.9701693,3.8180342,-1.4098271,4.536044,-0.7440323,-0.31391454,2.6676002,2.5987349,1.2226424,1.3728367,4.103668,-1.9428046,3.0413392,-0.58535504,0.8870356,-0.4446398,3.6543403,2.9859097,-0.023393521
3.2007465,0.37413883,3.6177325,0.9794097,1.8466966,3.2012491,-0.23499097,-0.41763377,2.8903778,0.8368735,2.4810529,2.443869,1.3792827,-0.09535961,0.35824254,2.4421973,3.7423658,-1.217962,0.5416971,4.385231,1.8857387,2.6866353,1.15953,1.8977165,0.18223785,4.873362,0.76639336,2.0701563,3.3011053,2.7826085,-0.10183652,5.301865,0.41232264,1.7597187,6.4406114,4.1744747,-2.1166527,1.3357909,-0.8429343,1.7862949,2.7739758,2.1982186,5.0101557,1.2842312,1.2985116,3.2337549,3.6769412,2.7691464,4.6034403,3.5867584,-2.0533295,0.34704885,-2.0381937,3.5951111,1.74197,-1.0667024,2.9309025,2.4850676,-0.9375591,4.5241065,-0.60499024,-0.34130204,2.6534421,4.576439,3.4765732,0.8858985,2.8501797,1.6739955,2.745479,-5.17889,1.2947111,2.114199,5.917508,-0.32129663,2.7656422,1.0904913,0.97778326,2.7979546,0.428717,-1.2228092,3.5755394,-2.1498406,0.7221715,-1.3757595,-1.2055197,1.819,0.84810144,4.6207523,0.7814212,3.0457993,0.6906677,2.2736902,4.3616195,-2.7232919,-1.8176746,4.478745,-0.72949916,1.3400906,2.202171,4.061665,4.8733425,-1.3103364,2.5754468,-0.054172117,0.8277436,3.9569335,0.8765977,3.7630577,1.5298027,0.30939767,2.720401,1.8153604,2.7431886,2.428425,3.6937943,2.3892865,5.7647247,0.55554336,1.8137858,-0.8405951,2.5304008,0.5708511,3.7924318,3.101083,0.34440866
3.6608007,2.3506262,3.9204879,0.28156412,-0.38577086,2.3363476,0.8110429,-1.0930895,1.1563798,-1.3574991,2.505631,3.2385643,-0.6045649,0.964844,-0.23362252,2.3413801,4.4215994,-0.047731694,0.9489104,3.4364247,1.7318165,0.38175458,1.4182054,2.2683177,-0.42736417,2.800775,2.15747,0.8991276,2.060016,1.5016209,-0.14015177,2.6448402,3.1774194,-0.028413229,3.861147,5.759953,-3.4045072,-1.29105,-0.48963356,3.6407294,2.7197502,2.3784895,5.133845,0.41940182,2.596025,4.321401,1.7337602,3.0779982,3.750928,4.872608,-1.7844737,-0.3706927,-1.8260542,0.68879485,2.6215284,-1.3045654,3.6382136,2.1358998,0.6537477,5.5468845,-1.5923021,-0.93519413,3.579865,1.926738,5.1115527,0.5773358,1.791021,1.7432952,1.0230874,-2.5191758,2.5045125,0.24227975,4.4866924,-0.54167986,0.11209499,0.773792,0.69254017,3.9611008,1.6693105,1.7976403,3.985277,-2.632606,1.7193893,-0.19293728,-0.8213139,1.3974267,-0.2223953,3.4676697,1.7385911,0.62208706,-1.1309489,0.009871689,4.677053,-0.90444297,-2.605333,2.8384843,0.047774114,2.3524203,1.9456902,3.6823728,3.4126573,1.445492,1.7003338,-1.7660708,-0.78145516,5.2860494,-1.5302263,3.863037,-0.036893137,2.283708,1.835144,1.9918563,2.5635335,1.8199143,2.8053992,1.5871285,5.0643787,0.8803632,2.020889,0.40828294,2.5160365,-1.8557061,3.2600331,4.565949,0.83964735
3.4463208,1.6771514,3.7452257,1.8084657,-1.2420827,2.6249394,-0.4940557,-2.0885434,1.1508925,-0.69813657,2.4314587,1.7623832,1.6650418,2.1068504,0.10850938,2.6172624,3.9098063,0.05503799,-0.1298902,4.516688,2.6675897,-0.072039224,0.820235,1.9117948,-0.74578536,4.681731,1.6424271,1.4896967,1.0257516,2.0077567,-0.6291539,3.4402742,1.2984296,-0.5551002,6.2671275,4.028872,-2.5505178,0.78570753,-0.8025448,2.6470642,3.8778875,1.9327898,3.697368,0.99820554,1.4147155,2.6444244,0.8384926,3.4147775,2.6464455,4.3745227,0.15261404,-0.8027956,-2.5723743,1.29752,1.905206,-1.2686379,3.541974,2.5991654,-0.41153955,4.071543,-0.74468607,-0.19022909,3.7991242,3.116219,2.722127,0.23536882,0.9862851,2.3037808,2.639197,-2.9868338,-0.5447239,0.40296596,4.753335,0.09280593,1.553401,1.0870335,0.60929126,3.4113064,0.7352609,0.11875799,4.3427415,-2.7610939,-0.16441496,0.3383707,-0.88063127,1.9781637,0.063561246,3.8119197,-0.13146666,0.73823005,-1.0545615,0.38278913,3.2459214,-0.5579139,-1.1308286,3.997479,-1.4548867,1.3496281,2.4523478,3.086342,2.338844,-0.11004489,0.9753275,-2.5451255,0.7503675,3.2816179,0.31551075,3.8791301,-0.6767492,1.8215984,1.3615906,-0.5447466,1.7373071,3.3424058,1.532015,0.8502631,4.386894,0.22843817,2.1563365,-0.95380855,2.289827,-0.72239244,3.1114414,3.5796704,-0.39561835
4.3251405,1.5067059,4.0781565,0.66844237,1.2310108,3.6437688,-0.265931,0.7786721,3.8381813,0.92223245,1.1334306,2.7509289,0.91539735,0.6739167,0.6592838,1.0589826,5.3420815,-0.011400171,1.6576287,4.471934,2.90155,2.8581645,0.36509326,1.119103,0.24630313,3.1895785,0.94375867,0.08661856,2.852369,2.0007749,-0.880231,3.863082,0.7681285,-0.0064665154,6.8988986,5.5735183,-1.6162658,-0.18204407,-0.33704472,1.9758841,3.2385218,0.05100423,5.0992107,1.3295888,1.0848727,3.928431,3.6472018,1.7935072,4.6801443,2.0898213,-1.1487101,-1.0758395,-1.2484848,2.9622893,0.60784537,-0.3181147,4.4468656,1.6864175,-0.9833703,3.4647548,-1.3349189,-1.4240533,5.2349,3.4549394,2.5636368,1.4855243,3.8234386,1.1468443,2.8494794,-6.2825136,0.8709591,3.092178,7.7082357,-0.35469785,2.9397862,2.154662,1.574495,3.853526,1.1820483,-1.6788853,5.321142,-2.2066364,0.8669491,-0.3000348,-2.8692765,2.5179706,0.41336238,4.4826965,0.6387124,2.3166482,1.163539,2.102567,4.7923465,-3.0098376,-3.1535833,5.217647,0.7387552,1.5257593,2.4769409,5.5951633,4.6673727,0.024040569,3.1629064,1.0339208,0.91097987,4.6836185,-1.4334611,4.134379,0.77562386,1.2311766,1.9360662,0.99766517,3.0517216,3.7529867,2.609771,-0.19263254,4.878775,-0.38994938,2.7221851,-0.5058114,3.3780854,0.5283687,2.1586654,3.9658465,2.439319
5.3906245,2.860724,3.0702245,-0.3572752,-0.4145028,3.098418,2.3917692,-0.45823354,3.2588317,-1.0770035,2.0892847,1.6526154,-0.8321518,0.96389985,0.3880963,1.295111,3.9997294,0.046294775,0.6342755,3.610339,1.7216853,1.4674124,2.245667,2.7700443,0.23071614,3.6532013,1.3842537,0.64590377,1.7672385,2.8846865,-0.31039673,2.4957037,2.3443594,-0.5930425,5.3935137,4.0985765,-2.3713317,-0.23426048,-0.021679241,3.9726028,3.3320367,1.892,5.491142,1.8290356,0.27171054,1.9578173,1.9534117,2.1714702,3.8997698,2.650516,0.4254874,-0.005161877,-1.5291567,1.7058793,2.0287638,-1.628213,6.6521626,2.9372332,0.17278661,4.7938566,-0.8093439,-2.4534414,4.34212,2.6585662,4.7765737,1.024173,2.336254,1.6635095,1.2023214,-3.4591534,0.18744306,0.7264134,5.8193507,-0.7117226,2.4146607,3.4982853,0.22115198,3.8966134,1.3928714,0.21393844,4.144131,-2.1554835,0.57748276,0.109756745,-2.180301,2.5613434,1.2464072,4.721784,0.93689656,2.0055828,0.83297694,0.44713515,5.9509983,-0.90053326,-2.6296656,5.2377667,-0.18773857,2.0576756,2.280609,3.4610984,3.1474187,1.6810757,1.8756036,-1.652922,0.31703898,5.301751,-0.08883118,3.3392317,-0.009891469,3.4211152,0.8066279,1.4105017,1.5714858,1.5885477,2.9332647,1.4822195,4.7255826,-0.15814349,2.3076322,0.022685513,3.3996854,-0.812735,2.5999827,3.475047,1.0703353
4.163201,2.3154573,4.147284,0.55518746,1.2853328,3.2496963,0.8071823,-0.08574576,2.965522,-0.42878732,0.55066353,1.6580426,-0.15793857,0.22442694,0.4439355,2.4267101,1.6889967,0.083142936,-0.40065092,3.4060931,1.8695314,1.8880063,1.0458795,3.0808969,-0.3214994,5.3344893,1.226381,1.1126478,1.7796769,2.3029473,-0.40029797,2.7393272,2.757695,-0.25564826,5.0383673,5.055119,-1.8105923,0.17923544,-1.1382756,4.7786794,3.5627708,2.0713496,5.1589627,0.913644,0.17233618,2.1277642,1.4227024,2.8408506,3.033169,4.489432,1.4583195,-0.6123597,-1.472986,3.4817207,2.863564,-0.12808263,4.5912957,2.8696876,-1.2789105,5.6741734,-1.2475132,-0.88773125,4.10742,2.2393694,4.6911855,0.3350672,0.9931982,2.0986233,0.59414023,-3.8972008,-0.26063684,0.7800013,4.793471,0.0576699,1.4135176,2.5060508,1.518232,3.80095,-0.16458194,1.0974939,3.8477821,-2.0493124,2.026224,-0.62074715,-2.6153398,2.027435,0.028639905,4.014058,-0.4001389,1.1628238,-0.63447267,0.24264564,3.0809183,-0.84511626,-1.6301081,4.556072,-0.27391076,1.9859345,2.8432083,1.6211128,3.8316877,-0.09192946,1.648351,-3.145358,0.251488,3.4606745,0.9074161,3.5742319,-0.44564623,2.8933024,-0.30875805,1.0271971,2.351559,2.3492095,1.9886836,2.1522205,3.9294674,-0.17799106,2.635115,-0.16131327,1.7297145,0.6907633,3.9098735,3.3751376,1.0810318
4.6126857,2.5528228,4.742465,-1.2596291,0.44542283,2.7671905,2.501215,-0.6450834,3.461088,-0.19840351,1.2649518,1.4913529,-0.49103093,0.99508595,1.7740539,3.5033667,1.668923,0.67896223,-0.28290874,4.41348,2.3068295,1.6275458,-0.47940275,4.3697724,-0.29183093,3.932071,2.1221743,1.6663295,3.0710583,1.1180773,-2.190228,0.98678076,1.950128,-0.38781756,6.867217,6.232404,-2.1344047,-0.6253458,-1.8039877,6.282333,2.6625116,3.7216933,5.1943893,-0.7015148,-0.9735233,0.9036973,2.3872535,3.1446414,5.0797114,5.9672704,1.9174356,0.44174296,-1.7375057,2.279631,4.593096,-1.7688209,5.407139,3.4455009,2.2912526,6.161134,-3.9819639,-2.0736048,4.551894,2.7531824,5.744845,1.0337274,-0.31918466,3.2125254,1.7318941,-4.077064,-1.4245713,-0.13521999,6.7287807,2.2687814,1.6977673,3.200466,1.7315148,3.5306826,0.44185302,1.4380715,6.2905784,-2.7510502,2.700327,-0.20530055,-0.97119236,1.6158066,1.6877944,5.454189,-0.6878988,-0.42463827,-1.2490382,0.5371436,3.9972878,-0.6237751,-2.1595776,5.0652394,0.8878349,1.2918584,2.7515178,0.53558064,2.0203273,-0.49373975,2.224992,-3.2015162,-1.2149938,4.392571,2.2347848,3.7501004,-1.4445617,1.8299792,-0.6076265,0.636665,2.114498,3.6662328,3.6172566,1.7319661,5.42069,0.48940182,1.9870366,-0.5593134,2.3560143,-0.32961136,5.255286,2.9666464,2.6369376
4.2036304,1.7497631,5.104449,0.016595645,0.7741643,4.3651567,1.5693594,1.2317026,2.4014308,-0.027199756,2.1023004,2.7076018,-0.5550811,0.73412716,1.3640491,2.186066,2.1961076,-0.63487613,-0.22533455,4.1515226,0.044135477,1.9252713,1.2199619,3.817595,-1.8336648,4.297186,1.3515975,1.8383192,3.2503576,0.7225729,-1.315068,3.2633348,0.55008245,1.5636003,5.1365213,3.903176,-1.9740797,0.5731813,-0.20726135,4.0839334,3.8278477,2.2969236,5.251117,-0.55405706,0.82562846,2.9926245,2.1487653,2.053036,4.2867494,3.643173,-1.7448355,0.25780547,-1.0939889,1.9283217,3.1922297,-2.029817,3.4393811,4.0171695,-0.07272951,5.6216426,-1.3824449,-1.760883,3.2810807,3.399088,3.4252856,0.644575,2.8043041,2.1727061,0.62087,-3.0014882,1.6123066,1.2543035,4.566675,0.14273137,1.9853444,1.6161153,0.6798131,3.171542,0.04248902,0.8398215,4.7662616,-0.8015169,1.8004631,-0.76965284,-0.8289076,2.5983639,0.6932158,3.628887,-0.5288077,1.6677016,-1.003618,1.6431916,3.798183,-1.6274769,-2.5042984,3.8405862,-0.6103166,0.7210389,3.5862067,3.5552235,2.896249,-0.80021715,2.9699507,-1.1802547,-0.18667191,5.6413927,0.64345837,3.8289633,-0.36078516,-0.024207462,1.1495184,1.6993518,1.7323549,2.9795237,4.1000066,1.6352813,3.5545628,0.08825803,1.1642282,-1.0060422,2.4566917,-0.5176575,5.349446,2.028009,2.259545
4.0689993,1.1591719,4.36934,-1.1298927,1.8425295,4.105048,-0.41750476,0.105198376,2.9799244,0.4104261,1.0592725,4.921287,-0.5042859,1.2502134,1.8407892,3.160825,3.640067,-0.9697007,-0.29295352,4.3825283,1.5303353,3.3500476,1.3796145,3.5420432,-1.1679946,4.8408356,0.36941737,1.579129,4.485302,0.7495077,-1.5280533,5.1241846,1.7103207,2.5494852,6.5850825,5.253369,-1.992447,0.92860013,-0.6981885,3.6725612,2.4004476,0.81534195,5.638886,0.54634774,0.8702853,3.4411218,3.9193075,1.4358484,5.2841854,3.2715745,-1.4721584,-0.010250623,-0.30523127,3.222131,2.0878367,-1.2236259,3.9510472,2.7879739,0.08763951,6.320698,-2.2288773,-1.041299,3.9898872,2.403655,3.9383848,0.44258294,2.6108747,2.197756,1.5339413,-5.008877,0.104466006,2.0792205,5.8720503,0.598812,1.9298545,2.870648,0.9654732,4.1199274,-0.4518018,-0.49530205,5.009799,-1.6527977,2.3559985,-1.0654619,-0.40851995,1.6779875,0.7322573,4.4580626,0.938077,0.9464722,-0.009731427,3.125539,4.9128156,-2.0605724,-3.4065304,4.9578667,0.15005368,1.8714736,2.5469313,2.6458292,4.2544174,-0.7328105,4.5292225,-1.4895821,-0.42009187,5.8310666,-1.3473138,4.46058,0.22279927,-0.82349426,1.7212673,1.756522,3.42398,1.9499711,5.75877,2.7164092,4.7056355,-0.48517695,2.5656657,-1.0478027,1.7780641,0.91975796,5.972104,2.5523179,2.5032587
3.583621,2.2801232,3.3968167,0.050786458,2.5745292,1.6517346,3.0890143,-1.2171942,2.434419,-0.05301754,1.1384739,1.6642363,-1.0822562,0.8580593,0.3980003,1.7667865,0.86074775,0.5311556,-1.0681925,1.8942118,1.7768706,0.90522623,1.1361111,3.6766696,0.8588625,2.4910722,2.2768192,1.154188,2.4258099,1.5819376,-1.3182201,1.1283045,2.2547588,0.13217902,3.9960272,4.9304147,-1.0147129,-0.05764696,-0.7313435,4.302126,2.0364292,2.8396285,4.1151876,0.14834508,-0.010874875,2.1507857,1.5371168,1.4865079,3.7100313,4.61133,0.90327,0.7325988,-1.662456,1.9859861,3.2078748,-1.8915861,3.941899,3.5774393,1.1211503,4.2971644,-1.9243131,-1.8526309,2.537313,2.2214954,2.9682398,0.7661829,0.36102757,3.2321184,1.4308795,-2.8698504,0.16618362,0.820207,4.377226,-0.3345121,1.2902027,2.2813396,0.89410794,3.013077,-0.6398561,1.7428131,4.000875,-1.8833466,1.9687922,-0.0610288,-1.2001278,1.49466,1.714456,3.7511852,0.49727118,1.4213682,-0.3400222,-0.67584294,3.7853436,0.8137549,-1.7453138,4.2410746,0.17269185,1.3849859,2.498945,0.829892,2.1875122,0.9812731,1.7209486,-2.6975274,0.49706686,4.411925,-0.033937007,3.4879525,0.2219513,2.062594,0.23652667,1.9485265,1.2067384,3.1433296,2.718654,1.8223505,4.6617827,-0.92545617,1.698331,-1.4318963,1.4549671,-0.81046325,3.706968,1.5443794,2.5375588
2.195342,0.3853308,4.0446324,-1.6197935,1.5885472,2.7950044,1.1153115,-0.16681272,3.0688791,0.18894434,0.7246087,3.205117,0.10819027,-0.6120806,1.2844858,3.135346,2.9344332,-0.81042886,-0.34053317,3.9451804,0.9671576,1.2626394,1.3888644,3.3759608,0.023775714,2.5575016,1.2385374,1.1617588,2.467824,-0.29258135,-1.2550501,2.5463264,0.5629089,2.547458,6.6420574,6.068067,-3.9268372,-0.769228,-0.8022809,2.0847807,3.1462371,2.848091,4.346226,0.1088315,0.7813708,4.149993,3.529814,3.1515775,3.7574253,3.7995305,-2.3780677,-1.1252021,-1.7618241,1.5926292,1.41384,-0.47144765,3.9994028,2.3668697,-1.2422003,6.0563116,-2.109479,-2.0392683,3.209447,2.1767213,3.4537334,1.5200434,1.9263842,1.574987,0.3491464,-3.2297738,1.5577172,1.266817,4.8349695,2.2715476,3.1525602,2.272816,0.85213304,4.1320753,0.78774786,-1.3266077,3.7162156,-2.1096835,2.8184204,-1.9929236,-1.8475507,2.1589682,-0.72797745,6.3408957,0.99642307,1.1523993,-0.92459357,1.8303214,5.638363,-2.3933032,-2.2598593,3.1848392,0.5922662,0.34963626,3.7477016,2.8023634,3.4731665,1.1685325,2.258224,0.2094416,-1.5717638,5.5845265,0.65455776,2.9177754,-0.27601597,0.36978215,0.9677014,1.5133564,3.1999688,4.1578817,2.416515,1.2255983,3.6859865,0.42349148,2.9955943,0.27807888,3.2395747,-1.341562,4.8205514,2.9304166,3.41175
5.6478467,3.382546,3.9664059,-2.1109996,-3.4012547,2.4613612,1.7305248,-0.46822485,2.8113067,-0.74965334,1.2284316,0.115706414,-0.6998538,1.549426,-0.4786457,2.9223387,5.5308733,1.5861653,-1.056423,5.1485,2.7311814,1.9270881,0.97413206,3.6591768,0.7158117,3.4211833,1.9395431,1.5355927,-1.0410652,0.5595258,0.3983373,2.7748036,3.6831574,-1.6680753,6.669835,5.358812,-4.7167583,-0.84909016,-0.23432425,3.9352922,3.8415513,2.4629145,4.7725286,2.8619404,0.9979741,1.120636,0.2081283,3.4431915,4.1103168,5.1605296,2.1312094,-3.2070487,-2.7418122,1.6534988,3.5028968,-1.2048554,6.148714,4.5927744,2.104317,6.066611,-4.140029,-2.3341708,5.90598,2.0637891,7.0897126,0.4202472,-1.0501221,1.6852895,1.1892211,-4.29619,-1.2076638,0.7839412,7.9824953,0.043987595,2.1120203,3.7440248,0.6524809,5.7327,1.1897342,0.86958534,4.1976476,-4.367689,1.3662459,-0.6257944,-1.6002094,3.515413,2.0610528,6.494553,-2.1808188,-1.269609,-0.6537291,-0.5079581,6.014139,-0.938216,-3.9372377,3.7527642,0.2555719,0.6106225,2.8104093,0.8331232,3.6732688,2.3905652,2.6953502,-3.7353163,-0.84523755,4.0445914,1.0799509,6.1592607,-1.1054895,4.8915615,0.052099265,-0.098533444,3.992635,2.9305885,1.69259,0.691465,4.3848066,-1.6498209,5.4489746,-0.6493883,1.6055706,-2.352159,2.8990219,5.007463,0.7508686
3.1990838,2.5914502,3.6121688,-0.068600155,-2.0707214,3.0277185,1.9467252,0.2561617,1.7726417,0.4485106,2.235127,1.059568,-0.061009027,1.3386953,0.40476754,2.4457417,4.233371,0.78904426,-0.6399796,3.7803202,1.9158018,0.6938979,1.5173744,1.7122734,-0.113135114,4.214763,1.3186482,1.1420339,0.8570361,1.8550481,-0.7965628,1.0512413,0.34801626,-0.7769001,5.4700384,3.7061048,-2.8551512,-0.7537729,0.50993264,2.0032423,3.9939263,2.9493704,4.353133,2.1684968,0.5357049,1.3369973,1.7849152,2.0642097,4.2399197,3.3835773,0.49064118,-1.5057162,-1.4752287,1.853417,2.2400703,-1.0163095,4.428476,1.9666286,1.2713102,4.3023424,-0.1991355,-1.751252,3.87834,2.255841,3.7203891,1.3321059,0.30492386,1.0622544,1.910569,-2.974012,1.1452348,1.3855911,5.6215816,-0.10110545,1.0283107,1.845689,1.2394791,3.0443878,0.19869037,0.25934315,4.375245,-2.9681542,0.8283358,0.25223657,-1.1232737,1.9704815,0.15041322,5.530729,-0.19264053,1.0225412,1.1855375,0.12120972,4.1210256,-0.41725424,-2.840626,3.9622693,-0.7093413,1.2385374,1.5520616,2.483919,3.786178,-0.1653171,1.914704,-1.3631636,0.004846107,4.5104685,0.581842,4.3247395,0.15852472,3.5579484,1.1895782,0.320433,2.626201,1.4746896,2.2289562,0.8455876,4.373229,-0.2236158,2.5418487,-0.31879023,1.3498039,0.07778692,3.7461393,2.685879,0.984067
5.7025833,2.337043,4.0467997,-0.21349967,-1.3064506,4.049545,2.0214813,0.027503053,2.7912843,-0.58668417,2.5615816,2.3871698,-0.122577995,1.5151083,-0.015889807,3.2311795,4.2536216,-1.0106388,-0.2931581,4.80433,0.77257794,2.3164072,1.5093379,2.5849986,-1.0484219,5.5249996,0.92188126,1.3357855,1.3414763,0.78135216,0.46580538,3.5508711,1.8037845,0.3651437,6.703549,5.0476193,-3.084858,0.2778667,0.4357453,2.9376037,4.209463,2.5032735,5.8795953,2.7953327,1.0543028,2.489503,1.8985761,2.0734208,3.377036,3.5242112,0.052118294,-0.9905387,-0.458833,1.6083152,3.632849,-0.11036604,6.381307,2.7259097,0.37195045,7.3956184,-1.307416,-3.2687523,3.549341,2.780566,4.6091785,0.5888276,2.0843618,0.8935699,0.6205904,-2.617246,-0.63653725,1.5774016,6.0916557,-0.33472702,1.6766105,3.2545316,1.1838083,4.5283356,0.5913611,0.4556581,3.960155,-1.9235227,0.9774527,-0.19562306,-1.1249886,3.122919,0.30963084,5.581805,-0.57220906,-0.53890604,0.8480068,1.4554679,5.452217,-0.8527361,-2.9667332,3.6694975,0.4025212,2.052551,3.3798022,3.4765694,2.622683,0.633363,2.9329188,-1.1454682,0.25255424,6.130207,-0.4177626,2.653847,-0.3312815,3.3358266,1.1637402,0.44019893,2.559906,1.3467746,3.1759093,2.0488307,3.5149724,0.13437031,4.1617794,0.49741444,2.784563,-0.23583625,4.03996,4.5044703,1.6503075
3.2824724,1.1884936,2.1978974,-1.1114058,-0.62776375,3.138162,1.6235576,1.4996022,0.8013217,-0.036849562,1.6185514,2.2941048,-0.5895071,1.0616542,0.91194165,1.5998803,3.5858755,-1.585594,-1.5881246,3.5457375,0.15278536,1.5072246,-0.06309411,3.8449264,-0.08775441,3.2185025,1.1903536,1.7654215,1.2347893,0.5363548,-0.12475896,1.6716237,1.5472529,0.62191725,4.474678,3.2929626,-1.9673913,-0.14596848,0.31285587,2.4757895,3.5186193,1.881941,3.385887,1.7215598,1.0515386,2.913586,0.8568741,0.6864852,4.2180953,3.2156994,-0.48406464,-1.4294528,-1.8312546,2.470349,2.8075867,-1.0540015,4.695912,3.521151,2.0565522,3.4491885,-1.2868196,-2.0853207,3.0313315,2.6193454,3.9703248,1.3122904,-1.0470428,2.186725,1.3679713,-4.8658237,0.8962528,3.2913334,5.3291836,0.17487319,1.2831999,1.9887344,1.5243161,3.1608536,-0.37097403,0.54571915,3.572506,-2.0246654,0.704811,-1.5810236,-0.48697436,1.6859301,0.31205165,5.9555573,-1.6887821,1.8553027,0.34821656,0.6688823,4.4092774,-1.1864192,-1.2378426,2.8406563,0.0892563,0.4437902,2.9753194,2.4851115,2.3823316,0.46761128,2.3556983,0.693225,-1.4076259,5.119778,1.1293209,3.227628,0.4493021,2.198688,1.2042146,1.2091762,2.1273344,3.1250224,2.7903466,1.1438606,4.160743,-1.5208024,2.60019,-1.5375293,0.21552783,-0.1427181,4.543656,2.038482,0.61785156
2.9272141,2.6986473,2.827334,-0.5381764,0.51446474,2.5451748,2.7576535,-1.4266224,2.8983753,-0.1794785,1.623583,0.47702718,-0.6009318,0.82291234,-0.10830318,2.353977,1.8932316,0.077444755,-0.02301472,1.9762443,2.5707774,0.43379065,0.441172,2.2535124,1.0922657,2.391134,2.2960095,-0.02620672,1.7437619,1.1249719,0.16553693,0.7025537,1.525375,0.22044556,4.447976,5.4148517,-1.536824,0.43950492,-0.74009925,3.4366987,1.5989574,3.5826461,3.9832754,0.93834525,-0.45164514,0.96709096,1.4982893,2.1746466,3.426964,4.2440257,1.3572227,-0.38588572,-0.84271806,1.0485125,2.374744,-0.15155897,4.1948023,1.6338397,0.676877,4.8588476,-0.82095325,-1.6378328,2.7464705,3.2650096,4.3082914,1.5128763,-0.7913947,2.1929774,1.1315765,-1.1978987,0.6880348,0.6006498,4.72697,0.9985792,1.2546114,2.2680209,0.34839454,2.7469568,0.6110029,1.0776576,3.0571597,-2.3383005,2.4423628,-0.5376752,-2.3536003,1.7162791,-0.005944644,4.487386,0.5331919,0.4585352,0.2934743,-0.57326484,3.9228897,-0.9299209,-1.6080005,3.7746453,-0.15718882,1.3420665,1.9896917,0.97772646,2.6433415,-0.24557109,0.75818074,-1.4010599,-0.32804656,3.8697248,0.9002343,3.2193406,-0.31952205,2.2482998,0.7721838,1.8588257,2.4360023,1.4062073,1.2450238,1.5326241,5.241656,0.5887646,1.522206,-0.34252962,1.723884,0.04548282,2.769122,2.4055429,1.2448382
5.112225,2.8264802,3.6514187,-3.042777,-0.46486205,1.1984943,3.706564,0.5422489,2.2955437,-0.5398148,1.3879979,1.5427483,-0.86786675,2.4822428,0.4970941,2.7038684,3.0430284,1.3645009,0.22464983,3.1025176,2.3088963,1.2127999,0.7171341,4.0029507,0.8545594,1.4673642,1.7995247,0.37107998,2.323566,0.36222333,-1.1594036,2.3002765,3.4005718,0.21665664,4.6766834,5.428142,-2.6854649,-0.7092913,-1.4830761,4.7506084,3.1576548,4.026296,5.704969,-0.82559305,-0.3248641,1.4377637,0.9546733,1.8817222,5.058552,5.7123637,1.9459116,-1.0951593,0.75880027,-0.6524548,3.8280072,-1.3006995,4.696915,2.2345545,3.289141,5.949342,-3.368633,-2.8341687,3.6491303,3.2567732,6.2288218,0.8343483,-0.46421015,2.6449485,1.2653363,-2.8084269,-0.03218548,-1.0190609,7.088203,0.6416234,1.6879046,2.6543984,1.1397921,4.623368,0.6020447,1.8575757,4.955012,-3.9804363,2.041021,0.76987386,0.075920686,2.1068695,1.7226367,3.407117,-0.279713,-1.6278446,-2.1989005,-0.6212755,5.483112,-0.43369392,-1.616259,3.630773,0.9206655,1.4551318,2.1234193,2.076385,1.4005512,0.6023035,2.906312,-2.1731372,-1.1122196,5.810825,1.2915853,3.2515485,-1.9751135,3.324651,0.68950665,1.2158706,3.1713135,2.8014004,2.847234,1.0326322,3.5697095,-0.21351351,2.4426632,-0.12206612,1.1638654,-1.6710932,5.374869,2.8053908,3.13674
3.479048,3.138716,2.3369393,-0.5386162,-1.3778108,4.299868,1.7327787,-0.3616978,2.5531871,-1.0138932,2.500764,0.4108892,0.8220471,0.6723527,-0.34726852,2.360509,2.5128608,-0.12596029,0.2113878,3.5590384,0.4699934,2.1327605,0.42754573,2.5832462,-0.12664947,5.44284,1.8345861,1.6308815,-0.0839192,1.4790174,1.1865585,2.4257782,0.5283244,0.31446904,5.4932156,2.0719643,-1.9816688,0.95423555,1.1110424,1.8610632,3.2493315,2.5753155,3.7199032,2.5069232,0.73588836,1.2646744,2.1620283,2.8929844,2.9573672,3.66119,-0.7180031,0.23271684,-1.4928569,2.2351658,1.7816494,-0.77389234,5.1747394,3.2100465,-0.007967282,4.3737965,-1.7237802,-1.5216799,2.8131652,3.3829076,3.8563125,0.96451,0.64757454,1.9359092,1.2818558,-2.1209333,0.24902438,2.5100489,4.0124035,0.20354949,2.5283093,2.632056,0.45172328,3.5350008,0.8380513,-0.9268795,2.8953485,-2.2480593,0.42207327,-1.5036553,-1.9523672,2.577207,0.45522356,5.2637577,-0.31965718,1.3762546,0.8114661,1.42081,5.144887,-1.556336,-0.610615,4.2270637,-0.63421524,0.4996794,1.7095289,2.6875896,3.11179,-0.6770365,1.0942954,-0.7509937,0.41748217,4.379692,0.6847043,2.9184785,0.10053818,2.524723,0.3740755,0.99928623,2.162142,1.6891552,2.4295108,2.476128,4.337762,-1.2814838,3.331552,-1.4150661,2.4028528,-0.9966196,2.9406838,1.8598342,1.0264462
4.766813,2.1569412,2.3256721,-0.24158965,-1.5496268,3.3189979,2.0239255,-0.56151557,1.4970722,-1.3263203,2.4602346,2.3608902,-1.1557404,2.0114202,0.49542236,0.73813045,3.1854236,0.07117994,1.8169867,2.9726593,1.0259465,0.7585644,2.2417238,2.222322,-0.9343404,3.5319073,0.95799655,0.5115561,0.9403234,1.7933924,-0.012673696,2.3919902,1.4524072,0.30334982,3.3780942,4.121887,-2.252493,0.6433034,-0.13592029,2.7803466,3.5975745,1.5085603,5.156634,1.5030571,1.245509,2.46953,2.204645,2.0577178,3.5220053,4.0559926,-1.4290037,-0.3105136,0.0047238804,1.8176925,2.2573016,-1.6091052,5.211527,2.742477,0.17335793,5.3087997,0.42131257,-1.2313738,3.8267117,2.9667966,4.515131,1.4544057,1.9322907,2.909329,0.0728705,-2.6259198,1.2660605,0.4673171,4.914053,0.23186487,1.2155356,1.874944,0.71541494,4.3084116,1.0697459,0.34470057,3.920525,-1.6014388,0.30841818,-0.16493084,-1.4787475,2.7823727,0.08147997,4.215077,-0.013796678,2.9515367,-0.106836535,1.1469777,5.010545,-1.2520175,-0.79555285,4.0809674,-0.41421938,2.183335,1.463529,4.725288,3.153505,0.28665274,2.3856158,-0.8506147,0.482405,5.3813844,0.25750306,2.7020714,-0.4606839,2.6825173,1.4183266,1.9303479,2.404889,0.6791874,2.8401115,1.2296164,3.6354747,0.041624665,2.8683553,-0.4819575,2.0350182,0.4886086,3.0773668,2.4548144,1.3926032
5.4119997,2.1876614,2.2366636,-0.568482,-0.6130799,2.5170338,1.9966309,-0.57322586,2.1645112,-0.0017797584,3.8333607,2.3095095,-0.48536164,0.51286674,-1.2928063,1.9935614,2.9242573,-0.7075275,0.5157101,3.4490163,2.5157387,1.5720805,0.33127657,4.577637,1.0418684,3.7928839,2.0749345,1.2664831,1.6152982,2.69523,-0.9984669,2.2374697,1.4439988,-1.1144063,5.2997775,4.086192,-3.0305026,-1.1852036,0.34354693,3.1435485,2.5987186,2.4298046,6.696234,2.3480575,2.1302764,2.604064,2.1656647,2.0026727,4.2792335,3.0024998,-0.9957023,-1.0606883,-0.8821738,1.4160706,1.5206063,-0.55728984,3.6317422,1.7083219,-0.30859122,4.4657063,-0.21899498,-1.5489014,3.4618616,2.5950775,5.145514,1.1856544,0.9651164,2.9522395,1.9086744,-3.026813,0.95862156,2.106585,5.818664,-0.40920812,2.338494,3.1455727,0.7762979,4.244893,1.8553263,-0.13404426,4.9697404,-2.793894,1.8162299,-0.47264525,-0.65924925,2.2066617,0.6352819,3.4562643,-1.001324,1.2528267,0.556187,-0.18007585,6.127778,-1.2257857,-1.6585835,4.216051,-0.6512525,0.9909398,1.3779594,3.3761141,2.5925295,-0.81163317,2.641498,-2.4073355,0.075261295,4.7719736,0.30323198,2.993912,1.6649255,3.4328206,0.7698276,1.059518,3.429148,1.0433791,2.269765,1.3273895,2.8747144,-0.9911182,3.2712026,-1.8346621,2.8930452,-0.8687948,1.4799434,1.6009297,0.96129227
6.218767,3.557052,5.3907623,-0.6582683,-0.98496157,4.1014447,-0.20714708,-0.23135795,3.3825073,0.40007398,1.1572876,1.3264753,1.9644518,0.38036776,-0.2815522,4.0106225,4.1079144,-1.0897156,-0.61975473,5.872508,2.7873063,2.6201272,0.21618311,2.2932115,-1.7595643,5.064074,0.030017268,1.3373733,0.96343285,1.5171438,-0.09046224,5.3507113,3.125344,0.39367986,8.8262825,5.2951465,-2.5764017,-0.7181314,-0.6014298,4.089279,3.328841,1.8892992,6.154482,1.9948531,0.59453493,2.467995,1.9518832,3.6656594,4.016647,4.4335055,2.5017726,-0.63911253,-1.5323842,0.4907251,1.2352272,1.1699064,5.917424,2.3788261,0.18366252,5.0540156,-3.038276,-1.0600876,5.1105275,4.322046,5.209059,0.14750043,1.0630287,1.2404743,2.9402356,-4.3211627,-0.54409444,2.4702528,8.317223,-0.6803113,2.308762,1.8947412,1.4904095,4.042148,-0.21194315,-0.6247367,4.4286246,-3.8331738,0.48314708,-0.265999,-1.0060581,2.8107789,0.7373514,4.2486773,-0.5980711,-1.3952645,-0.4309261,1.5555184,6.65087,-1.1066228,-1.3428596,5.715439,0.63673496,1.7866124,2.595554,2.4690022,2.8278265,-1.1925843,3.312031,-0.76918054,0.9630156,5.564155,-0.2685853,4.2901373,0.48947135,4.613096,1.0580723,0.4929972,3.3394496,2.8962579,3.5141668,0.45150977,4.594352,-1.5761427,3.1795812,-0.48546878,3.0312982,0.012616985,4.7085223,4.4060206,1.8293986
3.6220822,1.4634705,3.065547,-1.1659881,2.42767,3.610836,0.5389194,-0.24157912,3.4124722,0.9913846,1.9161662,3.1683156,-0.49169546,-0.5336335,2.044147,2.1363635,1.4750379,-0.5724014,0.6865849,5.9325733,0.7744599,2.4752014,0.3145301,2.8014398,-0.45338154,4.8047366,0.90074027,0.7853798,3.2563283,1.2220335,-1.0337609,2.9578605,0.48300764,1.8423219,7.757528,3.9285586,-2.261113,-1.151854,-0.43319857,4.7678065,2.550673,2.3469663,5.489162,0.22721004,-0.69957644,3.471064,4.12167,3.3908813,5.205195,2.9745154,-0.05554113,-0.4732849,-1.372917,1.941024,2.5064366,-0.7985592,4.9537244,2.3216329,-0.5154387,4.1684256,-2.124674,-1.5397365,3.4751508,3.6996572,4.4913,1.9469758,3.2233934,1.8436077,0.8416636,-4.336638,1.7901933,2.089664,6.1239743,0.84519136,1.8150988,1.9040132,1.046286,3.3358293,1.2006568,-1.2190673,5.562129,-1.9667493,1.9124681,-1.8317903,-2.598203,2.3724213,0.28776792,5.3149467,0.42748085,2.7380092,-0.25170174,2.103256,6.5340014,-1.5079931,-3.1144645,5.5754194,0.11819893,0.5389376,2.5834167,2.7572095,4.363285,-1.4512502,2.354751,-0.59514445,-0.7497879,6.3852067,0.81199497,2.128608,1.1572477,1.9640731,1.1797973,2.0306313,2.8902273,3.4301858,2.8721242,2.4320586,4.0885887,-0.4169214,2.3930647,-0.2458497,4.256268,-0.1483524,3.8691683,2.0598922,2.1404247
3.6417909,3.56573,2.2080274,-3.189747,0.6684109,2.9917178,2.129085,1.2028732,3.13686,1.6698649,1.1155744,2.2663314,-0.15151443,0.5207223,1.1708667,3.0151837,3.989558,0.33165103,-0.21391657,4.3539467,2.6512818,0.11826355,0.062050145,4.3403277,1.7718263,2.8487434,2.0557504,-0.6996615,2.6466098,0.69996864,-0.48033965,3.0182061,1.8822296,0.92778385,6.9879556,6.5322895,-2.9475389,-0.24863006,-0.26521188,4.3870835,2.3993134,2.6573744,5.29895,1.2999747,0.4868564,3.5967932,2.4297493,2.5199423,5.972607,5.2198787,-1.2489086,-2.4314544,-2.3735113,2.4337842,3.869123,0.44958353,7.4252706,2.4570935,2.3841574,3.422344,-4.539958,-4.1495695,3.34232,4.164023,5.974724,1.5123173,0.34284228,1.4931898,3.114826,-5.0461674,1.2672961,2.4541984,7.212161,1.1392616,2.5754588,2.8490806,0.1431503,5.460976,1.2070944,-0.10293176,5.6952157,-4.341316,3.1454537,-1.0188104,-2.471871,3.3188856,-0.20342398,6.288482,-0.6753705,2.1244204,-0.9252133,0.57836056,6.1128826,-1.4523664,-2.7035758,4.6445327,0.4995137,0.97756535,2.714753,1.7218909,4.083417,1.3371556,3.35319,-0.9665455,-1.8214738,5.646608,2.3679194,4.4922256,0.043967642,3.720943,0.09678182,1.771805,4.299682,4.365343,2.2713177,2.6766381,6.623385,-1.6087961,3.1789324,-1.4041429,3.341244,-0.9584091,4.2531896,3.478576,2.396056
4.7270236,1.8042607,2.0436573,0.1434227,0.70150965,3.1784327,1.1463298,0.42831436,2.0049398,-0.44316328,2.5398848,1.677234,0.5934766,0.41550446,-0.337464,1.205028,2.9515193,0.1884247,0.4273373,3.0603445,-0.10316505,2.1392992,0.6496168,3.4055982,0.7024959,3.7014055,2.7181756,1.814209,0.59290355,2.0321622,0.38200453,2.5872126,0.9723311,0.34139574,4.9888062,2.8207443,-2.084383,-0.41837108,0.6187216,1.5088809,2.721059,1.8606067,4.1298594,1.2512372,0.91223735,2.6842418,2.1069958,2.3190234,3.6524048,3.533524,-0.048902676,-0.23701887,-1.8345298,2.1019673,2.884186,-0.08414855,3.6807752,3.7332082,0.051983222,3.095951,-1.5797617,-1.9674877,2.3748426,3.457177,4.2334237,1.4728912,1.3268689,3.0222275,1.8382109,-4.2492895,0.032306552,2.561004,4.7412724,0.19143209,2.4301713,2.6043007,0.30238238,2.8035622,-0.0038782973,-0.7077776,2.9330125,-2.3835368,0.70254904,-1.632615,-1.7857473,2.807528,0.9943851,4.2903438,-1.0397149,2.1822803,0.6537873,0.444049,4.3262086,-1.0728039,-0.069167614,3.1652641,-0.9171461,0.20721781,1.5217239,3.3974824,2.5203748,-0.07185114,1.7275842,-0.64456916,1.1800946,4.849608,0.63805133,2.2495868,0.52102125,3.0180442,0.18645844,0.53739476,2.304995,2.6815896,2.2671142,1.3953952,2.697302,-0.650109,1.97954,-1.6033735,2.2296314,-1.8334638,2.0263915,2.5701823,0.94886947
4.4420886,2.0611367,3.472674,-0.61891174,1.453452,2.5549016,2.8137517,-0.24875262,2.9565706,0.31814978,1.5273983,1.8338832,-0.5444519,0.19101308,1.0066916,2.181266,2.1143103,0.027293667,-0.4699143,2.452665,2.7497633,1.731327,-0.60464805,3.6946688,-0.17577834,2.9203854,2.1445458,0.4457589,2.3468196,1.0294571,-0.07103277,1.1643301,2.0110803,0.113959424,6.053786,6.1208453,-1.2625095,-0.708998,-0.99871933,4.3148284,2.3471649,2.522255,3.9939387,0.8478728,0.7181946,2.5654492,0.955992,2.1954975,4.0570617,4.3014035,1.0472858,-0.17594947,-2.3824155,2.0867336,4.018766,0.57374215,4.481471,2.5963354,0.060894128,4.172549,-1.5299538,-3.3703456,3.2403986,2.5910506,4.5702624,0.44686866,1.3864046,2.0384405,1.6536776,-3.3630002,0.083951235,1.3419054,5.385791,0.95392644,1.6324495,2.400605,0.82453936,3.38793,-0.98600155,0.6600848,3.397571,-2.0180109,3.6670012,-1.6226588,-1.7465192,2.1870332,-0.40503535,5.174862,-0.3397442,1.1597757,-0.37262014,-1.0612345,3.856983,-0.37708986,-1.6930662,3.888854,1.7989191,1.4674746,2.7337885,1.8621788,1.8897212,1.5092498,1.731692,-1.467807,-0.46996105,4.1816373,1.1593598,3.0481265,-0.33219665,2.094978,-0.33180678,1.1220016,2.388804,2.8988037,1.9147826,1.023654,4.1665826,-0.373031,2.3847876,-0.7208846,2.6168296,-1.3516836,3.861159,2.5579622,2.2094946
5.359165,2.0463324,3.3557048,0.7327027,0.6468959,3.005991,3.1346772,-1.5654652,3.1742656,-1.3753629,1.942468,1.3411763,-1.2609357,0.10941705,-0.3079334,2.2654734,1.7423922,-0.55961716,0.33943918,2.9947147,0.5680306,1.6845533,1.8834245,3.7360616,0.022736514,4.8058114,1.6169713,0.7950875,2.231276,2.509863,0.73386604,2.9092484,1.6688731,0.27979127,3.9020715,4.6522255,-1.7715462,1.3813026,0.56149197,3.5169618,2.910998,3.7292778,4.203654,1.9196105,1.5435547,1.7525209,1.7799151,2.1849918,2.492156,4.2595987,-0.38440895,0.08759437,-1.7627592,3.6213284,2.7425942,-1.917311,5.2044415,3.20169,-1.2045674,5.7130914,0.56320685,-1.3977478,2.816948,3.1199226,4.575959,0.49948287,1.5795046,2.4658058,-0.3201268,-2.9022393,0.2504856,0.33576173,4.415685,-0.83689386,1.3506019,2.2647927,0.6336514,3.9116461,0.9966649,1.1824358,4.272171,-1.1617801,2.167293,-0.14006777,-2.1899328,1.9348178,0.6063767,5.0468597,1.3366902,3.0698128,0.71378326,0.1490222,4.312971,-0.9571441,-0.9118831,4.1963463,-0.7230838,1.5933499,2.4245791,2.2106302,3.9366832,0.75135785,1.3500412,-1.5669748,1.2473079,3.8852663,-0.7570725,3.7920206,0.610371,2.064522,1.5116808,2.529674,1.6645739,0.82196534,3.0606356,2.5311706,5.3858166,0.7264443,2.3003023,-0.2734481,2.3482165,-0.11397658,2.2109094,4.3250623,0.39148927
3.8567517,1.4646441,3.459844,-0.5685415,0.8407301,3.7567096,2.1222281,0.28393984,3.4382243,0.3344522,1.1248204,3.2630475,-0.6960198,-0.96123016,-0.39676702,1.1166745,1.1095442,-0.91601133,-1.2546203,4.55812,0.05550631,0.5518572,0.57334167,4.39906,-2.4313803,4.202112,0.17719153,2.2054255,2.5882938,0.6920129,-0.50068164,1.5865421,1.4805987,0.008396491,4.3842187,4.764577,-2.2585888,-0.13918748,-0.62372166,4.5452847,2.0018148,2.495569,5.203822,-0.06315667,0.5805496,3.7364676,2.9899359,2.5414658,3.7503026,4.0662923,-1.8242838,-0.5091979,-1.9779042,2.16953,1.6600103,-0.7884146,4.884829,2.391599,-1.1171865,5.1834903,-0.6983806,-1.5059751,2.7986028,2.081277,3.9082024,2.0250385,1.6983346,2.7303557,-0.08544334,-3.4795887,2.185787,1.9086984,3.907564,1.513508,1.2826179,1.5891634,1.8360608,3.2531607,0.8515505,0.1432054,3.5493755,-1.6605747,3.1840806,-2.1364267,-0.61956793,1.3780874,-1.9260647,4.3774467,1.162862,1.6855849,-0.19859913,1.6434299,5.1039085,-2.498485,-1.5970623,3.8503027,0.573717,1.6709121,2.0599065,3.3215208,2.681684,-0.16397431,1.3526635,0.15589084,-2.0636382,5.6634207,0.27600935,3.6364605,-0.151458,-0.28933933,1.407522,2.3433766,2.4253595,2.0097697,4.012848,1.2448617,3.3417265,0.10563871,2.4589627,-0.10067215,2.095914,-0.41600615,4.6746283,3.3367686,3.3702958
4.786579,2.2853782,3.590174,-0.93002754,0.21746437,2.5600302,1.680912,0.13054238,2.6395292,-0.65462714,2.502362,1.974605,-0.23427376,0.8083228,-0.34291962,2.1371565,2.7215474,0.41122314,-0.199404,3.483891,0.26412392,2.4992204,0.7379307,3.075848,-0.061834507,2.9713142,1.8358762,0.7218797,1.8922468,1.6037475,-0.0008724979,2.7286763,2.3877568,-0.25609985,5.587966,3.6479669,-3.1331396,-0.60945344,-0.036330212,4.1412086,3.7359328,1.729389,5.96252,2.0435762,1.8527488,2.61301,0.77391976,2.2879632,3.5689042,3.7804763,0.15998317,-0.43898833,-1.3113947,1.2166609,2.3392336,-0.3801668,5.1292477,2.9954567,0.4835924,4.3492637,-2.5045595,-2.0838876,3.0470362,2.4796307,4.7680154,0.3260254,1.7389092,2.8138578,0.5221589,-2.804164,-0.53060216,2.0159779,5.492874,-0.8372902,2.0003476,2.2364652,0.42777815,2.963941,1.1416217,0.96634334,3.5691278,-1.6036626,2.1918263,-0.94506663,-1.8109167,2.3099842,0.16973446,4.6488833,0.514368,0.6893625,-0.11937132,-1.1052161,4.4342318,-0.32576206,-1.1515522,4.9622827,0.44056132,0.68879867,3.074279,2.1546965,1.898187,1.2450399,2.6567967,-1.6417061,-0.5358792,5.0173817,-0.591029,2.6973283,0.4596746,3.3205075,0.30746382,2.047458,2.355023,2.5215023,1.774085,1.143329,3.8274355,-1.2128114,2.159,-1.1370263,1.4622631,-2.6982484,2.364393,2.5365076,1.1446599
4.123077,2.309026,3.1124856,-1.2329538,-1.5816095,2.9452527,1.1737324,-0.23828518,2.5087094,-0.8440423,1.6572937,0.55083734,-1.2445652,0.97425437,0.90455484,2.1744258,3.3803065,-0.20363401,0.54402447,3.6584604,0.47154036,2.2271528,1.0385976,3.2628632,-0.4850484,2.5753524,1.0296211,1.7164428,0.54757756,1.8661661,0.33646536,2.390966,2.7722213,-0.08319908,5.0798945,3.0176654,-3.2210174,-0.5021504,0.45438963,2.914885,4.686378,2.6073942,4.7070775,1.270733,1.029498,2.0502245,1.5084227,2.5460994,2.4796252,3.7447684,0.50044274,-0.6852187,-1.585959,1.5416063,2.6527288,-0.98383796,5.047078,4.4150457,0.15725707,4.89652,-2.2354958,-0.68518656,3.7512543,2.3685262,4.490954,0.8025878,0.07494682,2.4498143,0.66986287,-3.1583955,-0.20606428,2.5417147,4.72682,-0.2512595,1.9109356,2.4958909,0.9782037,2.9688113,0.5696291,-0.06364732,3.223889,-1.7595308,0.66827196,-0.9039569,-1.870033,1.792073,0.37036604,6.1843324,0.10026025,0.39299607,-0.34003988,0.72176063,4.9000225,-1.0208346,-1.7536377,4.1898384,-0.3350635,0.4215279,3.1556077,1.8227978,2.6284957,0.69655085,1.9197243,0.030825336,-0.040169306,4.4683113,0.7657913,3.679854,-1.0293941,2.2867403,0.24221441,0.34330204,1.5548028,2.8740647,2.8140965,-0.029225659,3.9673681,-1.1507528,2.5569196,-1.4416862,1.4159328,-0.9178897,3.5496325,2.4242084,0.60579616
3.1448205,1.0988158,3.8637316,-0.4571652,-0.9788676,3.54631,0.049978495,0.9608949,2.2322762,0.8373891,0.24749587,2.820831,0.86145157,1.4563398,0.6193225,3.149817,4.1062846,0.87106764,-0.2759077,4.9357524,2.5144498,2.0829878,-0.46917298,1.7187773,-0.3443079,5.060703,1.4766182,-0.19290343,0.8545573,1.0008651,-0.5700987,4.0955415,1.3424749,0.4745628,8.3332405,5.206007,-2.6199703,1.0533148,-1.2200186,2.28336,3.318978,2.0467944,3.6133912,1.7460907,0.41092524,2.5121632,2.6625993,2.28873,3.415983,3.3827462,0.31377363,-3.1550004,-0.84096444,2.1050942,0.9758444,0.18047366,3.772798,-0.33723825,1.2178625,4.216689,-2.2079375,-1.5671694,3.7439811,2.5269742,4.2542534,0.36586955,0.9536778,-0.0018834956,3.0265634,-4.280723,0.62304974,2.4732578,7.9545016,-0.8966182,1.1200684,2.5743492,1.1083652,4.1813054,1.8365487,-0.5458055,4.279348,-3.1203654,0.9618911,-0.82071924,-1.1975702,2.95779,-0.5971627,4.5925384,-0.98631084,0.15393929,0.35022914,0.06826025,5.5266123,-1.7982014,-3.4350398,5.1656456,1.1264893,1.5528852,2.9641623,2.3797135,4.313853,-0.8850686,1.6167171,-0.38153344,0.24627009,4.672714,-1.7892405,4.2169633,1.0421757,3.094611,0.690463,0.203661,3.032409,2.0787108,2.4817483,-0.46221897,5.308319,-0.03255148,3.4676435,0.86861306,2.3388429,1.7607245,2.9200063,4.035629,0.44954443
6.096131,2.6291454,3.7012322,-0.30998793,-0.46133566,2.9134712,1.3587903,0.68285245,1.8795202,-0.21246597,2.5175672,0.4523382,-0.49705154,2.307348,-0.73106354,1.9916593,3.2796633,0.31388676,0.0764563,3.3320415,1.6953393,1.0779757,1.1579016,3.7397556,0.64635944,2.8003364,1.8476745,1.6554729,1.3542114,1.2917243,0.2636382,1.7954794,3.57924,-1.4099853,4.2673407,4.952929,-3.1920204,0.14584383,-0.2600205,4.2739763,3.3792691,2.498542,4.758259,2.2828486,0.8696676,1.4984568,0.2832735,2.0969224,3.3098376,4.7194695,1.7524955,-1.025619,-2.1806464,1.7782547,5.1050982,-1.5969405,4.9827833,4.686086,1.6056405,4.707519,-1.0164019,-2.9370008,3.7962646,2.5718772,5.0772,1.2144388,-0.36592835,2.9954638,1.4668442,-4.4063296,-0.19400696,-0.023832768,5.9478655,0.1213089,1.4310746,2.569391,0.35712683,3.2406695,0.39994213,2.167258,3.9593203,-2.6240604,1.6290044,0.25755182,-0.50001234,2.3642256,2.3702078,5.0792727,-1.1292223,1.322294,0.41191664,-0.8849204,3.7789693,0.4634777,-3.0421634,4.0046716,0.07377966,1.1522558,4.084504,1.6642064,2.992506,1.7093695,2.1451082,-3.1058087,-0.2930543,3.8280904,2.07461,3.9252665,0.5130393,4.9671197,0.9491882,1.204631,2.647419,1.6161786,1.2863457,0.9766311,5.1204343,-0.03989837,2.5246813,-0.23974535,1.7366521,-1.9169008,1.6908545,5.6237226,0.8503171
4.656231,2.446201,3.8331454,-2.6700058,0.48030418,2.6441026,3.9746091,0.6055416,2.8133824,-0.3733425,2.110538,0.97886354,0.075468555,1.8365743,0.26224577,3.512837,3.5922801,-0.18543255,0.1950403,1.4912205,1.9686838,2.3325157,1.0861777,6.2768416,0.8887078,4.3753405,2.8239496,1.2259815,2.6702132,0.9533287,-0.22776248,2.0695536,2.705879,0.104256704,5.96537,5.504494,-1.8959386,0.6099904,-0.98070645,3.862547,3.401693,3.9164872,4.7916617,1.084269,0.71046257,1.7293462,0.026967444,2.9875715,3.2618132,5.7348237,0.50442773,0.15163992,-1.894074,1.9838322,5.7352157,-0.6192754,5.024498,4.4129977,0.7035336,6.442216,-1.9673473,-3.936755,4.0010715,3.1209397,5.621932,-0.09434731,-0.057603925,2.45412,2.6565216,-3.508958,-0.29073432,0.35080463,6.04088,1.4335865,3.0504978,2.9677079,0.6171648,4.556063,-1.2099823,1.9080788,4.116425,-3.3836772,2.622041,-1.1095923,-1.7274003,3.783618,0.6066851,4.7854466,-0.99518895,0.94168556,-0.32916725,-1.0445731,4.397444,-0.17919175,-0.110422164,3.3831897,0.983568,2.9985173,1.8333411,1.9733727,2.598679,1.9374346,2.882081,-2.8075495,0.46925515,3.8684354,2.4485786,3.9202404,-1.965569,2.1948953,-0.4431196,-0.3932993,2.8169208,2.918998,2.5717542,2.922455,4.501007,-0.9464692,2.5178256,-1.2046132,1.688289,-2.0101166,5.37774,2.6331244,2.6024356
5.7979884,2.2731144,3.8271425,-0.6733109,1.2322536,3.4997828,1.7913057,1.115887,4.053843,0.21882519,0.7634053,2.7709846,-0.16154799,0.5756974,0.83124065,2.5457895,3.2219107,0.11318946,-1.5884812,3.193243,2.168515,2.7762723,-0.30335668,4.1788297,-1.2651428,4.50332,1.6466867,2.2761364,2.969198,1.9647993,-0.87670434,2.7538376,1.8343251,-0.41953936,6.6260257,4.919946,-1.0524315,0.38146773,-0.72350377,5.2898593,3.9210227,1.2999549,5.1617646,1.476273,-0.46981442,3.3322928,2.011154,0.9997483,3.8658032,3.1261942,1.1235644,-0.08497231,-2.1597345,3.1862028,3.5812593,-0.3599926,5.031393,4.0311356,-0.1784189,4.648726,-0.28931898,-2.6011887,3.7477086,1.5828117,4.520451,0.55124116,2.466006,1.848081,1.546942,-6.036418,-0.6132949,2.6891577,6.235872,0.2988264,2.9682374,4.66993,1.7562916,4.174152,-0.96112466,-0.16694845,4.415207,-2.2642422,3.5691192,-1.3168199,-2.3356512,2.4978447,1.0768052,4.428508,-0.8047871,1.8958435,0.6478481,-0.46235883,3.3421154,-0.5789498,-2.975496,5.3771086,1.5120037,1.6999255,3.670564,2.897349,2.9832764,0.85340416,2.0363736,-0.9708557,0.22973841,4.635214,1.3885324,3.7664683,-1.150323,1.1609879,0.19967759,0.83136064,2.0272405,2.0918713,3.5015216,0.7864381,3.97117,-0.8324586,1.755787,-0.8923694,1.9859059,0.17004794,4.0682387,2.7279356,1.0675117
3.562224,1.6453682,3.6288357,-0.15646292,0.30913317,2.9163527,1.069899,0.77793777,2.8120532,0.99337035,0.82552934,1.1738263,0.6080681,0.94599605,0.4952906,2.399112,2.3083265,-0.9170878,-1.778761,3.92934,2.6601298,1.5882405,0.034245916,2.639224,-0.50848913,3.3530726,0.6909093,1.6992174,1.8627896,0.221518,-0.70553344,2.0034525,2.190468,-0.1743968,5.106332,3.8793359,-2.555439,0.7047067,-0.68674386,4.0827036,3.0186303,1.8326927,3.9759004,0.9103557,-0.2716242,2.0634406,0.993472,1.2315599,2.5599964,2.535119,0.9003063,-1.0542369,-1.6328424,1.7947088,2.8131595,-0.3092979,3.7440057,2.269824,-0.1462858,4.129591,-1.5746703,-2.006003,2.367874,1.5666771,3.1844456,0.91502094,0.3002439,0.6272208,1.3804425,-3.666954,-0.7198502,1.4339212,4.502934,0.86006516,2.2442498,2.2074156,1.410477,2.8233585,-0.17759046,0.59618473,2.6188827,-1.8708433,1.9152678,-0.5471376,-0.54595506,1.7728589,0.5731208,4.5528035,0.0015492328,0.29599524,0.51348716,-0.20690933,4.24008,-0.41309926,-2.3960278,4.3582697,0.71594036,1.35946,4.3303537,1.0918242,2.35262,0.8505317,1.8480068,-1.2465163,-0.75197536,3.416938,1.6470162,3.414945,0.24896562,1.9315501,0.27812237,0.38783166,1.8110031,2.0051942,1.0787992,-0.12407905,4.119359,0.095341235,2.7726002,0.53724444,2.0812743,0.22145373,3.4531446,2.9103456,0.48867935
3.3488812,2.428792,3.010123,0.5762602,0.5544434,2.5273867,1.0993668,-1.2127974,2.3783169,-0.37976494,1.3300614,2.5276382,-0.14280283,1.5917217,1.1955603,1.6008142,3.966705,0.84307957,0.40232733,2.73987,1.6749909,1.4325619,0.5229376,1.4967012,-0.059965145,1.8378874,1.4461517,0.40978095,2.037575,1.260731,-0.34143838,3.579589,1.8962649,0.4119325,4.6884494,6.0272574,-0.7134512,0.63508654,-0.8778592,3.311061,2.0859091,1.4212852,4.6325226,0.59035563,0.1121939,2.984356,2.2106678,1.5714976,4.3313165,4.2701135,-0.7051636,-0.7312821,-0.9366251,1.6584052,2.2924056,-0.55746865,3.5014305,0.70604706,1.4621722,4.343914,-2.2644744,-1.4175192,3.5129511,3.5512252,3.9868865,-0.22003174,1.4704459,1.6571876,2.5015545,-3.0800269,0.56865656,1.3088204,6.431838,-0.2545953,1.1249772,1.9773475,0.16137454,3.7637048,0.71907187,0.5123895,3.7334683,-2.1759977,1.6160378,-0.6330665,-1.8766823,2.0782397,0.5340391,2.6680694,-0.8126001,0.7529969,0.3996065,0.50597334,2.915787,-1.2631894,-2.4273596,4.50196,-0.3147459,2.1116502,2.1126509,2.663244,2.6436172,0.14261262,2.5943408,-1.5358078,1.0934378,4.441328,0.15827838,2.9233599,-0.55438256,1.6769068,1.1272659,0.691286,2.0407996,1.5244005,3.092733,1.5031359,4.210563,0.25335833,1.7287824,-0.97698635,1.7072722,-0.11777426,3.285634,1.957692,1.4400604
5.2790422,4.2445593,3.6035066,-1.2715311,0.40602213,4.465939,2.9555202,0.44355026,2.1014087,-0.16984035,1.8909426,2.2687004,-0.8231649,0.9606925,-0.5545835,2.170783,2.127466,-0.06288177,1.1238217,3.4238093,1.4469992,0.52302927,0.30919093,4.0426626,1.4384463,3.9912395,3.8377585,0.44209158,1.5070527,1.2985015,-1.1701871,2.0592978,2.359458,1.1339738,4.969096,5.6616592,-2.3218822,-0.2572087,0.024591945,3.9127522,2.6219182,4.323587,6.782019,-1.6333224,1.8973942,2.782573,1.9265425,2.891447,3.7379317,5.45454,-0.43981624,0.26239917,-0.6967689,1.6097776,3.0733106,0.10947471,5.640448,2.5091488,1.7909609,3.9045768,-3.649007,-1.1511788,3.2051156,4.60268,6.248366,0.9472879,0.9891589,2.4469633,2.098575,-2.8810227,1.9783359,2.4876366,5.8061986,-0.45909086,2.0011857,3.211107,0.8293748,5.3247633,1.1794959,1.1153282,5.1379595,-2.9513516,1.1949289,-0.37843952,-2.919629,2.5722983,0.24913551,3.4462147,-0.10635909,0.36878866,-1.7914346,-0.53372633,5.978548,-1.6145843,-2.0076146,3.4103146,-1.0769596,0.7302075,2.570683,1.536357,2.5027542,-0.7380507,2.6364295,-1.6272671,0.20017368,5.3626537,-0.15523899,4.8463583,0.078621864,3.5954564,-0.31586435,1.9941008,2.978234,2.6065986,3.760369,0.9289873,5.747228,-0.3051738,2.4187338,-1.9054438,3.0314448,-0.8198297,4.599275,2.6166184,1.7773724
4.301117,2.1326869,3.3219678,1.269177,2.6578393,2.85062,0.69232154,-1.5656824,3.9641764,1.91448,1.55161,0.9150589,-0.16682743,0.65358555,0.2815701,2.2974234,3.0946841,-0.5849289,0.88229007,2.2695723,2.5611956,2.6499639,1.070268,2.5543585,0.73732585,3.5801094,0.730244,2.0850997,3.511425,2.4682498,0.019231182,4.770871,1.3161166,1.0551665,4.997749,5.026396,-1.4044129,1.6324197,-0.9506712,3.4728644,2.2160285,2.2183733,5.93469,1.9750558,0.27914026,2.6103957,3.0103621,1.7844458,3.7260897,3.7216632,-1.1546615,0.74285465,-1.5668628,3.6052022,3.5610425,-0.50237846,3.5072305,3.120448,-1.0117768,4.0804706,-0.8876125,-0.8120755,2.4227946,3.9359107,3.658821,0.3194571,2.5972524,1.9074957,2.7199948,-4.7456255,0.44580796,2.0322382,4.908533,0.24501453,2.9650414,2.252255,0.2354961,2.9342644,-0.60209775,-0.041295946,3.0862963,-1.7153912,2.0658464,-0.36871085,-2.8201447,3.2264445,1.2894738,3.729746,0.37668642,3.0552719,1.2240939,0.9109662,2.5768507,-1.4463335,-1.5481572,4.725084,-1.0266931,2.065028,3.1602626,1.8424714,4.169211,0.28988087,3.7259219,-1.7113769,1.4075739,3.1717627,2.2595496,2.8440022,0.8950805,1.3789124,0.35031906,0.6441021,2.2048733,1.8226398,1.6593806,2.147148,5.2595086,0.700111,1.6079948,-1.348937,3.0284603,0.34037942,2.618435,2.139589,-0.112444445
3.8796115,1.09269,3.3577385,0.9465589,-0.4307165,2.8400989,0.18596195,-0.2208901,2.431378,0.9732005,1.9949875,1.1369631,0.5071409,1.1484272,0.2049377,2.039392,3.1596057,-0.42467937,-0.054614965,3.6373413,1.2535279,2.4580367,0.037571784,2.191855,-0.90964293,2.4725635,0.52446985,1.8577249,0.3286072,0.26791975,-0.7025413,3.6003156,1.0637696,-0.75957364,5.742752,3.3099751,-2.4751782,0.50323606,0.093983866,1.9102058,3.4117556,0.9083105,4.0704827,2.0197728,1.5052599,3.5896485,2.1474683,1.8561548,2.2102473,3.203782,-1.3372647,-0.090408735,-1.7309588,2.3795803,1.213224,-0.80490947,1.9652932,2.9673219,-0.7597197,3.1400192,-0.38566115,-0.090108,4.0132008,2.5792751,2.2964063,0.7469408,1.4719051,2.1678207,3.1015503,-4.222714,0.83477587,3.0910316,5.324646,-0.7768396,1.4314526,1.4941863,1.466163,2.3013105,0.6410861,-0.3144104,3.8141088,-1.2923348,0.92161775,-0.3929958,-0.7023552,2.4278896,0.33564425,3.7773836,-0.1969265,0.6703721,0.3425926,1.18241,4.263221,-0.6580623,-1.3823055,3.9041448,-0.06112038,0.94940054,2.906984,3.1222916,2.703058,-0.064571045,2.1894352,-0.5425754,1.4269891,3.8779094,-0.9310002,3.6774085,1.9048778,1.8925345,0.90191084,-0.16594124,1.4687697,2.7418032,1.6334386,-1.3296098,3.7172291,-0.74574643,3.2138307,-1.6182812,2.4680345,-0.22228514,1.92271,2.8316233,1.1000397
4.9366994,3.4497814,4.296864,-0.73249704,-0.7250186,2.676093,1.3526374,0.61439353,3.614727,0.36175907,1.0311807,2.662051,-1.3633368,2.174421,0.15839532,2.9359539,5.4181952,0.516395,0.91517866,3.7668676,2.5758598,1.9578834,0.2976627,4.5398984,-0.7756447,2.8513718,1.4540964,0.8897995,3.0190012,1.0457681,-0.22639726,3.767231,2.1627886,0.40520066,5.647728,6.3670697,-2.9916952,0.075110175,-1.7174112,4.413693,3.112427,1.0394067,6.772591,2.3084776,2.3645463,2.838888,1.120566,2.6539192,5.693038,4.721935,-1.8457273,-1.2816772,-2.3900623,1.6370716,3.5205855,-1.1173047,5.2977695,3.0411892,1.0913292,5.1249065,-4.171735,-3.053068,4.9031677,3.0488534,6.187245,0.53774244,2.8876011,1.4828677,2.0261767,-3.9246876,-0.17211439,1.0506667,7.145829,0.042321462,2.7807903,3.5058696,0.38090292,3.846505,2.7697258,0.5319329,3.5381732,-1.7021632,2.117398,-0.89729744,-2.6636891,3.6861432,1.3291974,5.110375,-0.51539654,-0.080848046,-0.42940697,0.0849462,4.167556,-1.275215,-4.5136003,4.061056,-0.45625907,1.5501039,3.3574927,1.5388659,3.0667489,2.1730673,3.9642355,-3.5531821,-0.64063185,3.7847936,0.74603146,3.077544,-1.8138884,2.5466933,1.3303547,0.98893934,2.880887,1.882416,2.4548516,1.4317993,3.4471354,-0.01823398,3.0830305,0.072012745,2.9004354,-1.5620446,3.1283906,3.7183864,0.9533362
